{"type":"FeatureCollection","features":[{"type":"Feature","properties":{"id_case":"case_0001","registry_id_case":"case_0001"},"geometry":{"type":"Polygon","coordinates":[[[1007,-269],[1016,-272],[1093,-271],[1095,-273],[1101,-290],[1100,-300],[1106,-304],[1111,-319],[1119,-322],[1119,-331],[1107,-343],[1093,-342],[1081,-339],[1076,-342],[1068,-335],[1066,-329],[1055,-326],[1054,-319],[1049,-313],[1053,-307],[1055,-297],[1052,-290],[1048,-291],[1047,-304],[1038,-308],[1031,-307],[1024,-303],[1022,-299],[1019,-298],[1019,-296],[1012,-287],[1005,-288],[1009,-278],[1007,-274],[1007,-269]]]}},{"type":"Feature","properties":{"id_case":"case_0002","registry_id_case":"case_0002"},"geometry":{"type":"Polygon","coordinates":[[[733,-273],[746,-273],[750,-277],[748,-285],[751,-292],[749,-297],[753,-307],[751,-312],[754,-318],[753,-325],[756,-333],[765,-347],[774,-345],[785,-351],[786,-358],[781,-363],[778,-360],[773,-360],[773,-364],[771,-366],[768,-365],[765,-360],[760,-359],[755,-338],[749,-329],[743,-311],[738,-311],[734,-308],[737,-293],[733,-281],[733,-273]]]}},{"type":"Feature","properties":{"id_case":"case_0003","registry_id_case":"case_0003"},"geometry":{"type":"Polygon","coordinates":[[[754,-272],[788,-272],[788,-278],[776,-285],[775,-290],[768,-300],[770,-302],[771,-309],[766,-314],[764,-323],[774,-318],[774,-320],[763,-325],[763,-330],[769,-331],[776,-329],[784,-336],[794,-339],[794,-346],[799,-347],[801,-353],[805,-357],[817,-360],[822,-357],[820,-359],[819,-369],[815,-371],[815,-374],[805,-364],[794,-363],[787,-360],[788,-353],[785,-348],[771,-343],[767,-344],[763,-340],[756,-324],[756,-315],[754,-308],[755,-303],[752,-293],[753,-289],[750,-283],[752,-276],[749,-273],[754,-273],[754,-272]]]}},{"type":"Feature","properties":{"id_case":"case_0004","registry_id_case":"case_0004"},"geometry":{"type":"Polygon","coordinates":[[[718,-273],[731,-273],[731,-282],[734,-298],[732,-309],[734,-312],[742,-314],[746,-330],[753,-343],[758,-361],[760,-374],[756,-386],[751,-384],[749,-367],[751,-363],[750,-361],[747,-358],[741,-359],[734,-357],[731,-354],[731,-343],[740,-337],[742,-331],[737,-329],[734,-320],[732,-320],[731,-323],[729,-323],[728,-319],[721,-321],[720,-315],[717,-315],[717,-318],[715,-320],[710,-312],[715,-310],[716,-305],[720,-304],[722,-299],[719,-293],[717,-293],[713,-289],[716,-284],[723,-280],[723,-278],[720,-278],[718,-274],[718,-273]]]}},{"type":"Feature","properties":{"id_case":"case_0005","registry_id_case":"case_0005"},"geometry":{"type":"Polygon","coordinates":[[[785,-361],[804,-366],[815,-377],[815,-379],[794,-389],[791,-394],[787,-395],[775,-389],[771,-383],[768,-383],[759,-388],[758,-387],[762,-371],[761,-362],[764,-362],[767,-367],[772,-368],[775,-365],[775,-362],[782,-365],[785,-362],[785,-361]]]}},{"type":"Feature","properties":{"id_case":"case_0006","registry_id_case":"case_0006"},"geometry":{"type":"Polygon","coordinates":[[[2556,-320],[2560,-324],[2590,-323],[2585,-328],[2585,-331],[2605,-328],[2611,-330],[2606,-332],[2598,-339],[2586,-344],[2587,-349],[2581,-353],[2581,-360],[2576,-366],[2575,-374],[2570,-381],[2569,-386],[2571,-396],[2564,-400],[2545,-397],[2537,-376],[2543,-364],[2538,-362],[2553,-357],[2556,-339],[2552,-337],[2549,-328],[2552,-329],[2554,-322],[2556,-321],[2556,-320]]]}},{"type":"Feature","properties":{"id_case":"case_0007","registry_id_case":"case_0007"},"geometry":{"type":"Polygon","coordinates":[[[1042,-315],[1048,-315],[1053,-327],[1062,-330],[1044,-343],[1041,-354],[1034,-359],[1057,-367],[1060,-377],[1055,-384],[1033,-390],[1025,-401],[1017,-404],[1011,-405],[988,-402],[975,-384],[979,-378],[984,-378],[982,-372],[986,-371],[989,-373],[996,-373],[1003,-377],[1009,-378],[1003,-362],[1008,-354],[1009,-341],[1011,-338],[1013,-325],[1028,-323],[1037,-320],[1042,-316],[1042,-315]]]}},{"type":"Feature","properties":{"id_case":"case_0008","registry_id_case":"case_0008"},"geometry":{"type":"Polygon","coordinates":[[[1121,-322],[1129,-322],[1135,-325],[1144,-326],[1154,-331],[1157,-339],[1165,-350],[1171,-368],[1183,-395],[1170,-396],[1133,-408],[1128,-406],[1120,-409],[1114,-405],[1105,-412],[1105,-407],[1107,-404],[1110,-403],[1111,-386],[1118,-375],[1119,-366],[1121,-366],[1122,-353],[1120,-349],[1124,-339],[1121,-332],[1121,-322]]]}},{"type":"Feature","properties":{"id_case":"case_0009","registry_id_case":"case_0009"},"geometry":{"type":"Polygon","coordinates":[[[2567,-259],[2575,-259],[2580,-262],[2586,-274],[2591,-272],[2594,-275],[2595,-282],[2593,-286],[2596,-287],[2601,-285],[2601,-293],[2608,-291],[2611,-296],[2626,-293],[2629,-305],[2630,-306],[2632,-303],[2635,-303],[2638,-310],[2636,-313],[2639,-313],[2638,-317],[2641,-318],[2638,-321],[2638,-324],[2640,-326],[2627,-341],[2634,-341],[2634,-343],[2637,-346],[2631,-349],[2629,-353],[2619,-354],[2612,-358],[2606,-370],[2608,-372],[2610,-372],[2611,-369],[2619,-371],[2621,-378],[2629,-375],[2635,-376],[2632,-379],[2632,-384],[2638,-382],[2638,-384],[2641,-380],[2650,-383],[2654,-381],[2656,-389],[2650,-401],[2630,-403],[2616,-412],[2601,-435],[2595,-427],[2574,-428],[2574,-426],[2565,-414],[2574,-411],[2575,-402],[2569,-400],[2573,-397],[2573,-387],[2571,-382],[2576,-375],[2577,-367],[2581,-363],[2583,-354],[2589,-350],[2588,-345],[2597,-343],[2611,-333],[2613,-329],[2594,-326],[2589,-328],[2592,-325],[2592,-322],[2561,-322],[2556,-318],[2553,-320],[2552,-326],[2546,-326],[2539,-312],[2538,-292],[2549,-280],[2549,-266],[2558,-264],[2558,-270],[2561,-271],[2565,-261],[2567,-260],[2567,-259]]]}},{"type":"Feature","properties":{"id_case":"case_0010","registry_id_case":"case_0010"},"geometry":{"type":"Polygon","coordinates":[[[892,-397],[916,-399],[924,-415],[908,-418],[908,-421],[919,-429],[919,-431],[913,-433],[910,-438],[905,-438],[903,-432],[893,-429],[890,-423],[885,-424],[884,-420],[880,-415],[878,-405],[879,-403],[892,-398],[892,-397]]]}},{"type":"Feature","properties":{"id_case":"case_0011","registry_id_case":"case_0011"},"geometry":{"type":"Polygon","coordinates":[[[966,-386],[974,-386],[986,-404],[994,-404],[1015,-408],[1012,-458],[994,-460],[990,-458],[978,-450],[969,-439],[961,-439],[954,-435],[946,-419],[934,-417],[932,-418],[927,-415],[919,-400],[942,-402],[947,-398],[953,-396],[959,-390],[959,-388],[966,-387],[966,-386]]]}},{"type":"Feature","properties":{"id_case":"case_0012","registry_id_case":"case_0012"},"geometry":{"type":"Polygon","coordinates":[[[925,-416],[931,-419],[943,-420],[954,-438],[968,-441],[977,-452],[990,-459],[979,-460],[970,-455],[957,-452],[955,-454],[956,-463],[953,-457],[948,-457],[945,-447],[943,-445],[928,-440],[923,-430],[912,-421],[912,-419],[925,-417],[925,-416]]]}},{"type":"Feature","properties":{"id_case":"case_0013","registry_id_case":"case_0013"},"geometry":{"type":"Polygon","coordinates":[[[1063,-332],[1065,-332],[1066,-336],[1070,-340],[1079,-345],[1081,-343],[1087,-342],[1108,-345],[1120,-333],[1122,-343],[1118,-350],[1120,-358],[1117,-374],[1110,-385],[1108,-401],[1104,-407],[1103,-413],[1099,-414],[1092,-421],[1077,-426],[1072,-431],[1064,-446],[1055,-457],[1053,-464],[1043,-468],[1031,-468],[1025,-465],[1019,-459],[1014,-458],[1014,-426],[1017,-407],[1025,-404],[1034,-392],[1051,-388],[1058,-384],[1059,-380],[1063,-375],[1059,-365],[1038,-360],[1043,-355],[1046,-344],[1048,-344],[1063,-333],[1063,-332]]]}},{"type":"Feature","properties":{"id_case":"case_0014","registry_id_case":"case_0014"},"geometry":{"type":"Polygon","coordinates":[[[714,-431],[721,-434],[732,-435],[715,-449],[704,-453],[687,-462],[677,-460],[675,-458],[673,-454],[680,-453],[708,-440],[714,-432],[714,-431]]]}},{"type":"Feature","properties":{"id_case":"case_0015","registry_id_case":"case_0015"},"geometry":{"type":"Polygon","coordinates":[[[2532,-381],[2536,-382],[2540,-393],[2544,-399],[2573,-403],[2572,-410],[2567,-410],[2562,-413],[2532,-422],[2523,-422],[2520,-424],[2520,-426],[2506,-428],[2503,-434],[2512,-434],[2510,-436],[2480,-461],[2459,-466],[2459,-468],[2455,-469],[2454,-463],[2450,-459],[2439,-453],[2435,-452],[2431,-454],[2421,-455],[2431,-449],[2441,-435],[2445,-431],[2452,-428],[2452,-426],[2455,-423],[2457,-423],[2460,-420],[2467,-419],[2473,-414],[2490,-407],[2501,-404],[2503,-405],[2507,-398],[2516,-395],[2522,-387],[2532,-382],[2532,-381]]]}},{"type":"Feature","properties":{"id_case":"case_0016","registry_id_case":"case_0016"},"geometry":{"type":"Polygon","coordinates":[[[795,-447],[801,-448],[810,-454],[820,-450],[855,-453],[837,-461],[828,-470],[825,-471],[817,-469],[812,-459],[802,-459],[798,-463],[798,-465],[793,-464],[792,-451],[795,-448],[795,-447]]]}},{"type":"Feature","properties":{"id_case":"case_0017","registry_id_case":"case_0017"},"geometry":{"type":"Polygon","coordinates":[[[739,-432],[742,-432],[745,-446],[737,-450],[736,-458],[724,-459],[722,-461],[723,-466],[721,-474],[706,-467],[706,-464],[712,-455],[739,-433],[739,-432]]]}},{"type":"Feature","properties":{"id_case":"case_0018","registry_id_case":"case_0018"},"geometry":{"type":"Polygon","coordinates":[[[669,-451],[675,-461],[686,-463],[682,-466],[656,-474],[645,-469],[658,-463],[664,-457],[664,-455],[667,-452],[669,-452],[669,-451]]]}},{"type":"Feature","properties":{"id_case":"case_0019","registry_id_case":"case_0019"},"geometry":{"type":"Polygon","coordinates":[[[920,-432],[927,-442],[938,-444],[943,-449],[946,-458],[951,-459],[953,-465],[957,-466],[961,-485],[946,-483],[928,-476],[923,-477],[916,-472],[908,-470],[902,-471],[901,-463],[897,-457],[903,-454],[904,-449],[907,-450],[909,-448],[909,-444],[907,-441],[911,-440],[914,-435],[920,-433],[920,-432]]]}},{"type":"Feature","properties":{"id_case":"case_0020","registry_id_case":"case_0020"},"geometry":{"type":"Polygon","coordinates":[[[1113,-408],[1116,-408],[1124,-412],[1131,-408],[1133,-410],[1133,-418],[1139,-428],[1140,-436],[1137,-450],[1132,-457],[1130,-457],[1130,-459],[1132,-459],[1135,-462],[1135,-465],[1128,-466],[1126,-468],[1125,-477],[1130,-489],[1126,-488],[1119,-491],[1114,-487],[1110,-491],[1110,-493],[1102,-488],[1095,-488],[1084,-478],[1081,-477],[1079,-485],[1077,-481],[1063,-478],[1063,-474],[1059,-472],[1055,-460],[1063,-450],[1071,-436],[1078,-428],[1093,-424],[1113,-409],[1113,-408]]]}},{"type":"Feature","properties":{"id_case":"case_0021","registry_id_case":"case_0021"},"geometry":{"type":"Polygon","coordinates":[[[872,-448],[874,-448],[878,-454],[886,-458],[892,-460],[895,-459],[897,-461],[900,-473],[892,-476],[878,-476],[869,-479],[858,-480],[852,-488],[829,-481],[829,-472],[838,-463],[858,-455],[866,-454],[872,-449],[872,-448]]]}},{"type":"Feature","properties":{"id_case":"case_0022","registry_id_case":"case_0022"},"geometry":{"type":"Polygon","coordinates":[[[632,-468],[640,-468],[651,-473],[651,-475],[618,-482],[600,-491],[585,-488],[586,-485],[609,-472],[614,-473],[616,-471],[632,-469],[632,-468]]]}},{"type":"Feature","properties":{"id_case":"case_0023","registry_id_case":"case_0023"},"geometry":{"type":"Polygon","coordinates":[[[958,-454],[969,-456],[978,-461],[999,-462],[1013,-460],[1015,-465],[1003,-465],[1001,-470],[1010,-470],[1018,-473],[1040,-490],[1019,-494],[971,-484],[963,-485],[958,-455],[958,-454]]]}},{"type":"Feature","properties":{"id_case":"case_0024","registry_id_case":"case_0024"},"geometry":{"type":"Polygon","coordinates":[[[709,-454],[711,-454],[707,-458],[698,-478],[694,-482],[692,-482],[680,-494],[678,-498],[676,-498],[668,-492],[663,-475],[683,-469],[696,-460],[709,-455],[709,-454]]]}},{"type":"Feature","properties":{"id_case":"case_0025","registry_id_case":"case_0025"},"geometry":{"type":"Polygon","coordinates":[[[2662,-381],[2664,-381],[2667,-386],[2671,-385],[2671,-387],[2668,-388],[2670,-393],[2672,-393],[2674,-389],[2678,-389],[2676,-399],[2677,-400],[2691,-397],[2691,-404],[2687,-406],[2687,-409],[2690,-410],[2689,-415],[2698,-418],[2699,-423],[2702,-423],[2704,-421],[2706,-422],[2708,-424],[2708,-433],[2712,-438],[2715,-438],[2726,-443],[2727,-447],[2732,-447],[2733,-443],[2738,-443],[2745,-445],[2756,-451],[2756,-457],[2753,-463],[2737,-484],[2735,-484],[2723,-494],[2708,-502],[2708,-500],[2698,-489],[2694,-474],[2669,-460],[2666,-459],[2660,-465],[2642,-448],[2637,-447],[2615,-452],[2598,-446],[2600,-439],[2616,-415],[2620,-411],[2631,-406],[2648,-404],[2652,-402],[2660,-382],[2662,-382],[2662,-381]]]}},{"type":"Feature","properties":{"id_case":"case_0026","registry_id_case":"case_0026"},"geometry":{"type":"Polygon","coordinates":[[[1178,-397],[1184,-397],[1186,-411],[1195,-428],[1196,-436],[1202,-442],[1203,-447],[1213,-461],[1228,-469],[1237,-472],[1240,-478],[1274,-484],[1230,-507],[1228,-511],[1217,-513],[1201,-505],[1176,-505],[1167,-500],[1165,-496],[1160,-493],[1160,-491],[1149,-489],[1142,-482],[1127,-474],[1129,-468],[1137,-466],[1137,-462],[1134,-455],[1137,-452],[1142,-440],[1142,-428],[1136,-417],[1135,-410],[1178,-398],[1178,-397]]]}},{"type":"Feature","properties":{"id_case":"case_0027","registry_id_case":"case_0027"},"geometry":{"type":"Polygon","coordinates":[[[908,-472],[912,-472],[923,-478],[933,-479],[952,-486],[952,-489],[960,-505],[939,-497],[922,-496],[900,-502],[885,-510],[879,-501],[873,-500],[876,-492],[861,-483],[870,-482],[881,-478],[892,-479],[902,-474],[908,-473],[908,-472]]]}},{"type":"Feature","properties":{"id_case":"case_0028","registry_id_case":"case_0028"},"geometry":{"type":"Polygon","coordinates":[[[2387,-455],[2419,-455],[2404,-462],[2399,-467],[2396,-474],[2394,-474],[2390,-478],[2390,-474],[2388,-472],[2385,-472],[2363,-479],[2351,-485],[2339,-488],[2307,-491],[2279,-501],[2249,-503],[2244,-505],[2237,-503],[2202,-513],[2192,-509],[2193,-506],[2208,-503],[2233,-490],[2248,-485],[2249,-479],[2247,-474],[2252,-475],[2254,-479],[2271,-482],[2279,-477],[2293,-474],[2307,-467],[2315,-466],[2335,-471],[2352,-469],[2358,-468],[2366,-462],[2381,-459],[2387,-456],[2387,-455]]]}},{"type":"Feature","properties":{"id_case":"case_0029","registry_id_case":"case_0029"},"geometry":{"type":"Polygon","coordinates":[[[706,-469],[728,-479],[736,-481],[736,-492],[740,-497],[746,-499],[764,-499],[768,-505],[767,-509],[762,-512],[764,-519],[757,-521],[730,-513],[723,-506],[719,-488],[711,-484],[706,-471],[706,-469]]]}},{"type":"Feature","properties":{"id_case":"case_0030","registry_id_case":"case_0030"},"geometry":{"type":"Polygon","coordinates":[[[1463,-439],[1467,-440],[1473,-445],[1492,-448],[1510,-443],[1528,-453],[1545,-501],[1546,-512],[1537,-515],[1523,-523],[1516,-524],[1506,-517],[1502,-516],[1488,-515],[1472,-518],[1466,-515],[1459,-514],[1451,-516],[1448,-509],[1440,-508],[1427,-501],[1412,-496],[1395,-493],[1378,-503],[1354,-505],[1340,-500],[1334,-506],[1314,-509],[1305,-512],[1303,-510],[1293,-509],[1289,-506],[1278,-509],[1260,-507],[1246,-510],[1231,-511],[1231,-509],[1278,-486],[1299,-488],[1323,-485],[1346,-480],[1353,-478],[1397,-456],[1432,-447],[1435,-452],[1442,-451],[1463,-440],[1463,-439]]]}},{"type":"Feature","properties":{"id_case":"case_0031","registry_id_case":"case_0031"},"geometry":{"type":"Polygon","coordinates":[[[829,-483],[850,-489],[842,-500],[837,-505],[832,-507],[831,-514],[829,-514],[826,-517],[810,-518],[797,-515],[766,-519],[764,-513],[769,-510],[770,-503],[766,-498],[768,-496],[793,-494],[803,-498],[814,-499],[818,-496],[820,-492],[827,-489],[829,-485],[829,-483]]]}},{"type":"Feature","properties":{"id_case":"case_0032","registry_id_case":"case_0032"},"geometry":{"type":"Polygon","coordinates":[[[652,-476],[661,-477],[667,-494],[673,-497],[674,-500],[671,-509],[667,-510],[660,-515],[653,-518],[642,-517],[641,-514],[645,-507],[647,-494],[641,-480],[652,-477],[652,-476]]]}},{"type":"Feature","properties":{"id_case":"case_0033","registry_id_case":"case_0033"},"geometry":{"type":"Polygon","coordinates":[[[635,-480],[639,-480],[645,-498],[644,-507],[642,-511],[636,-518],[626,-522],[608,-523],[611,-505],[603,-492],[615,-486],[635,-481],[635,-480]]]}},{"type":"Feature","properties":{"id_case":"case_0034","registry_id_case":"case_0034"},"geometry":{"type":"Polygon","coordinates":[[[1842,-475],[1869,-475],[1877,-477],[1925,-481],[1976,-477],[1982,-479],[2016,-482],[1994,-486],[1960,-506],[1945,-508],[1929,-501],[1920,-504],[1896,-506],[1871,-499],[1834,-503],[1818,-501],[1811,-504],[1799,-506],[1778,-499],[1761,-497],[1762,-491],[1757,-491],[1744,-495],[1736,-490],[1722,-492],[1714,-496],[1707,-497],[1688,-511],[1665,-514],[1642,-523],[1648,-503],[1660,-484],[1681,-484],[1691,-479],[1706,-476],[1727,-481],[1789,-477],[1812,-481],[1821,-477],[1842,-476],[1842,-475]]]}},{"type":"Feature","properties":{"id_case":"case_0035","registry_id_case":"case_0035"},"geometry":{"type":"Polygon","coordinates":[[[2559,-416],[2563,-416],[2573,-430],[2594,-429],[2599,-439],[2590,-457],[2588,-457],[2575,-466],[2571,-491],[2578,-499],[2585,-526],[2584,-527],[2548,-528],[2528,-521],[2492,-512],[2478,-503],[2458,-499],[2449,-477],[2451,-473],[2461,-469],[2476,-466],[2483,-462],[2516,-435],[2516,-432],[2506,-432],[2507,-431],[2521,-428],[2522,-425],[2532,-425],[2559,-417],[2559,-416]]]}},{"type":"Feature","properties":{"id_case":"case_0036","registry_id_case":"case_0036"},"geometry":{"type":"Polygon","coordinates":[[[703,-470],[709,-485],[717,-489],[719,-503],[721,-507],[729,-515],[734,-517],[730,-528],[722,-518],[715,-515],[713,-511],[696,-503],[696,-497],[691,-486],[700,-479],[700,-476],[703,-472],[703,-470]]]}},{"type":"Feature","properties":{"id_case":"case_0037","registry_id_case":"case_0037"},"geometry":{"type":"Polygon","coordinates":[[[2597,-447],[2622,-454],[2641,-449],[2659,-466],[2662,-467],[2668,-461],[2670,-462],[2693,-477],[2695,-490],[2707,-503],[2670,-517],[2651,-520],[2612,-521],[2587,-526],[2581,-498],[2573,-488],[2577,-467],[2579,-467],[2592,-458],[2597,-448],[2597,-447]]]}},{"type":"Feature","properties":{"id_case":"case_0038","registry_id_case":"case_0038"},"geometry":{"type":"Polygon","coordinates":[[[2046,-479],[2051,-479],[2045,-483],[2039,-501],[2033,-503],[2032,-507],[2028,-509],[2027,-516],[2032,-521],[2032,-527],[2034,-530],[2024,-531],[2008,-522],[1992,-518],[1986,-520],[1973,-518],[1968,-522],[1957,-523],[1952,-525],[1952,-529],[1928,-528],[1889,-518],[1885,-520],[1866,-523],[1847,-523],[1844,-525],[1844,-528],[1840,-528],[1821,-522],[1812,-506],[1826,-503],[1852,-505],[1877,-501],[1896,-507],[1910,-508],[1921,-507],[1931,-503],[1944,-509],[1956,-510],[1961,-509],[1994,-489],[2019,-485],[2019,-483],[2046,-480],[2046,-479]]]}},{"type":"Feature","properties":{"id_case":"case_0039","registry_id_case":"case_0039"},"geometry":{"type":"Polygon","coordinates":[[[580,-489],[598,-492],[577,-502],[570,-507],[565,-512],[564,-522],[544,-527],[535,-522],[534,-518],[536,-515],[548,-512],[555,-506],[565,-502],[575,-492],[580,-490],[580,-489]]]}},{"type":"Feature","properties":{"id_case":"case_0040","registry_id_case":"case_0040"},"geometry":{"type":"Polygon","coordinates":[[[2436,-454],[2440,-455],[2449,-461],[2452,-464],[2453,-470],[2449,-472],[2437,-514],[2426,-520],[2420,-519],[2400,-526],[2399,-522],[2403,-517],[2392,-516],[2390,-512],[2384,-511],[2384,-508],[2392,-494],[2391,-480],[2398,-476],[2399,-471],[2405,-464],[2408,-464],[2420,-458],[2432,-457],[2436,-455],[2436,-454]]]}},{"type":"Feature","properties":{"id_case":"case_0041","registry_id_case":"case_0041"},"geometry":{"type":"Polygon","coordinates":[[[479,-518],[488,-518],[492,-528],[484,-527],[479,-529],[479,-519],[479,-518]]]}},{"type":"Feature","properties":{"id_case":"case_0042","registry_id_case":"case_0042"},"geometry":{"type":"Polygon","coordinates":[[[1732,-493],[1739,-493],[1746,-498],[1759,-493],[1759,-498],[1778,-500],[1789,-505],[1798,-507],[1810,-507],[1818,-521],[1803,-525],[1803,-519],[1786,-516],[1755,-522],[1741,-519],[1736,-520],[1732,-518],[1732,-516],[1715,-516],[1693,-522],[1685,-523],[1673,-521],[1663,-524],[1649,-525],[1643,-529],[1642,-526],[1644,-524],[1651,-523],[1666,-517],[1688,-514],[1697,-509],[1708,-500],[1732,-494],[1732,-493]]]}},{"type":"Feature","properties":{"id_case":"case_0043","registry_id_case":"case_0043"},"geometry":{"type":"Polygon","coordinates":[[[971,-486],[1026,-496],[1052,-491],[1059,-496],[1102,-509],[1088,-516],[1082,-522],[1083,-529],[1072,-530],[1067,-529],[1071,-520],[1058,-518],[1055,-519],[1057,-515],[1055,-513],[1039,-511],[1041,-510],[1041,-508],[1027,-509],[1010,-505],[1004,-501],[972,-495],[956,-488],[971,-487],[971,-486]]]}},{"type":"Feature","properties":{"id_case":"case_0044","registry_id_case":"case_0044"},"geometry":{"type":"Polygon","coordinates":[[[922,-498],[938,-498],[961,-507],[966,-526],[969,-527],[979,-536],[975,-537],[958,-532],[953,-529],[945,-519],[933,-516],[905,-514],[894,-510],[890,-513],[884,-514],[901,-505],[922,-499],[922,-498]]]}},{"type":"Feature","properties":{"id_case":"case_0045","registry_id_case":"case_0045"},"geometry":{"type":"Polygon","coordinates":[[[599,-494],[602,-494],[609,-509],[606,-523],[588,-531],[577,-538],[573,-534],[570,-527],[566,-517],[567,-513],[578,-505],[599,-495],[599,-494]]]}},{"type":"Feature","properties":{"id_case":"case_0046","registry_id_case":"case_0046"},"geometry":{"type":"Polygon","coordinates":[[[2774,-488],[2776,-488],[2775,-505],[2777,-508],[2775,-511],[2753,-537],[2742,-539],[2737,-537],[2728,-523],[2750,-506],[2753,-503],[2756,-496],[2774,-489],[2774,-488]]]}},{"type":"Feature","properties":{"id_case":"case_0047","registry_id_case":"case_0047"},"geometry":{"type":"Polygon","coordinates":[[[1489,-517],[1501,-517],[1495,-532],[1469,-532],[1459,-540],[1451,-537],[1449,-532],[1444,-527],[1441,-527],[1467,-521],[1489,-518],[1489,-517]]]}},{"type":"Feature","properties":{"id_case":"case_0048","registry_id_case":"case_0048"},"geometry":{"type":"Polygon","coordinates":[[[2384,-475],[2388,-475],[2388,-479],[2371,-481],[2354,-488],[2343,-499],[2332,-520],[2325,-524],[2314,-527],[2280,-529],[2276,-530],[2267,-536],[2267,-534],[2261,-527],[2239,-529],[2247,-521],[2251,-510],[2258,-506],[2280,-504],[2300,-496],[2314,-493],[2340,-491],[2352,-488],[2361,-483],[2384,-476],[2384,-475]]]}},{"type":"Feature","properties":{"id_case":"case_0049","registry_id_case":"case_0049"},"geometry":{"type":"Polygon","coordinates":[[[736,-517],[742,-517],[759,-523],[768,-521],[788,-520],[801,-517],[806,-518],[807,-519],[804,-540],[771,-539],[767,-541],[741,-537],[731,-531],[736,-519],[736,-517]]]}},{"type":"Feature","properties":{"id_case":"case_0050","registry_id_case":"case_0050"},"geometry":{"type":"Polygon","coordinates":[[[1716,-518],[1730,-518],[1735,-521],[1748,-521],[1762,-524],[1794,-518],[1801,-521],[1802,-527],[1821,-523],[1842,-530],[1845,-533],[1803,-533],[1791,-537],[1772,-539],[1762,-536],[1749,-536],[1739,-530],[1721,-526],[1704,-529],[1693,-533],[1668,-537],[1653,-538],[1641,-536],[1642,-532],[1650,-528],[1663,-527],[1681,-523],[1693,-525],[1716,-519],[1716,-518]]]}},{"type":"Feature","properties":{"id_case":"case_0051","registry_id_case":"case_0051"},"geometry":{"type":"Polygon","coordinates":[[[1378,-516],[1381,-516],[1382,-519],[1385,-520],[1398,-520],[1403,-527],[1407,-527],[1413,-531],[1377,-535],[1365,-540],[1346,-536],[1353,-531],[1367,-528],[1370,-521],[1378,-517],[1378,-516]]]}},{"type":"Feature","properties":{"id_case":"case_0052","registry_id_case":"case_0052"},"geometry":{"type":"Polygon","coordinates":[[[858,-483],[874,-493],[870,-502],[877,-502],[880,-505],[883,-512],[854,-526],[850,-533],[837,-537],[833,-536],[821,-540],[806,-540],[808,-520],[827,-520],[833,-515],[834,-509],[840,-506],[840,-504],[858,-484],[858,-483]]]}},{"type":"Feature","properties":{"id_case":"case_0053","registry_id_case":"case_0053"},"geometry":{"type":"Polygon","coordinates":[[[1015,-460],[1018,-460],[1026,-467],[1043,-472],[1054,-467],[1057,-474],[1063,-480],[1070,-480],[1074,-482],[1077,-488],[1080,-488],[1082,-479],[1097,-491],[1099,-492],[1100,-489],[1111,-495],[1111,-493],[1114,-490],[1124,-493],[1128,-490],[1135,-494],[1135,-491],[1128,-477],[1130,-477],[1140,-482],[1148,-490],[1161,-494],[1166,-502],[1179,-507],[1201,-506],[1214,-513],[1215,-527],[1206,-545],[1189,-546],[1168,-536],[1162,-528],[1160,-528],[1145,-515],[1139,-512],[1103,-508],[1078,-500],[1075,-497],[1075,-499],[1060,-495],[1053,-490],[1042,-490],[1019,-472],[1005,-468],[1017,-466],[1017,-463],[1015,-461],[1015,-460]]]}},{"type":"Feature","properties":{"id_case":"case_0054","registry_id_case":"case_0054"},"geometry":{"type":"Polygon","coordinates":[[[976,-497],[1003,-502],[1007,-505],[1027,-510],[1035,-510],[1035,-512],[1051,-514],[1054,-515],[1054,-517],[1050,-522],[1043,-525],[1033,-533],[1031,-537],[1034,-545],[1024,-548],[1000,-534],[993,-520],[981,-507],[976,-498],[976,-497]]]}},{"type":"Feature","properties":{"id_case":"case_0055","registry_id_case":"case_0055"},"geometry":{"type":"Polygon","coordinates":[[[2753,-469],[2758,-469],[2764,-474],[2770,-488],[2754,-494],[2751,-502],[2748,-505],[2746,-505],[2738,-511],[2715,-530],[2708,-532],[2707,-535],[2655,-546],[2655,-544],[2647,-533],[2647,-523],[2672,-520],[2696,-512],[2696,-510],[2725,-496],[2738,-486],[2738,-484],[2748,-471],[2753,-470],[2753,-469]]]}},{"type":"Feature","properties":{"id_case":"case_0056","registry_id_case":"case_0056"},"geometry":{"type":"Polygon","coordinates":[[[1103,-511],[1130,-512],[1142,-515],[1144,-536],[1142,-536],[1128,-546],[1119,-549],[1112,-544],[1108,-531],[1103,-534],[1103,-531],[1100,-531],[1086,-537],[1088,-530],[1085,-529],[1084,-522],[1103,-512],[1103,-511]]]}},{"type":"Feature","properties":{"id_case":"case_0057","registry_id_case":"case_0057"},"geometry":{"type":"Polygon","coordinates":[[[322,-509],[337,-509],[337,-512],[329,-521],[328,-526],[331,-529],[329,-532],[321,-541],[312,-546],[306,-545],[307,-536],[302,-530],[277,-524],[298,-514],[304,-516],[312,-511],[315,-510],[320,-512],[322,-510],[322,-509]]]}},{"type":"Feature","properties":{"id_case":"case_0058","registry_id_case":"case_0058"},"geometry":{"type":"Polygon","coordinates":[[[1396,-495],[1414,-498],[1427,-502],[1442,-511],[1447,-511],[1449,-517],[1468,-517],[1448,-523],[1433,-525],[1415,-531],[1412,-528],[1405,-525],[1399,-519],[1386,-519],[1382,-515],[1377,-514],[1369,-519],[1365,-526],[1352,-528],[1340,-536],[1324,-538],[1312,-536],[1265,-544],[1255,-542],[1238,-548],[1225,-545],[1209,-544],[1216,-528],[1217,-515],[1246,-513],[1269,-509],[1285,-511],[1290,-508],[1295,-512],[1302,-511],[1304,-513],[1310,-514],[1314,-512],[1332,-510],[1344,-502],[1348,-505],[1353,-506],[1379,-506],[1396,-496],[1396,-495]]]}},{"type":"Feature","properties":{"id_case":"case_0059","registry_id_case":"case_0059"},"geometry":{"type":"Polygon","coordinates":[[[956,-490],[958,-492],[964,-493],[975,-498],[978,-507],[990,-520],[998,-535],[1000,-548],[999,-553],[996,-553],[986,-547],[984,-545],[981,-535],[975,-529],[968,-525],[963,-505],[956,-492],[956,-490]]]}},{"type":"Feature","properties":{"id_case":"case_0060","registry_id_case":"case_0060"},"geometry":{"type":"Polygon","coordinates":[[[688,-489],[690,-489],[694,-505],[705,-508],[714,-516],[720,-519],[729,-532],[741,-538],[766,-542],[740,-550],[724,-543],[721,-534],[716,-528],[714,-528],[713,-521],[704,-519],[701,-516],[701,-514],[688,-514],[677,-512],[675,-514],[678,-501],[688,-490],[688,-489]]]}},{"type":"Feature","properties":{"id_case":"case_0061","registry_id_case":"case_0061"},"geometry":{"type":"Polygon","coordinates":[[[2242,-473],[2245,-473],[2245,-478],[2247,-482],[2245,-484],[2232,-487],[2215,-495],[2208,-500],[2194,-503],[2191,-505],[2190,-510],[2192,-512],[2206,-515],[2241,-505],[2248,-507],[2254,-505],[2249,-509],[2245,-520],[2237,-528],[2233,-530],[2231,-535],[2224,-542],[2200,-550],[2176,-553],[2085,-549],[2072,-542],[2060,-540],[2036,-531],[2036,-526],[2034,-523],[2035,-520],[2029,-514],[2030,-510],[2032,-510],[2036,-504],[2041,-502],[2042,-494],[2047,-484],[2055,-481],[2055,-479],[2082,-479],[2141,-484],[2189,-481],[2242,-474],[2242,-473]]]}},{"type":"Feature","properties":{"id_case":"case_0062","registry_id_case":"case_0062"},"geometry":{"type":"Polygon","coordinates":[[[1890,-520],[1926,-529],[1952,-532],[1954,-531],[1955,-526],[1969,-525],[1974,-521],[1979,-520],[1990,-522],[1999,-520],[2009,-524],[2018,-530],[2030,-533],[2035,-532],[2060,-541],[2072,-543],[2081,-548],[2066,-551],[2033,-554],[1998,-549],[1924,-551],[1891,-545],[1871,-543],[1864,-539],[1850,-536],[1845,-531],[1846,-526],[1871,-526],[1874,-524],[1887,-523],[1890,-521],[1890,-520]]]}},{"type":"Feature","properties":{"id_case":"case_0063","registry_id_case":"case_0063"},"geometry":{"type":"Polygon","coordinates":[[[911,-516],[927,-516],[940,-519],[945,-522],[953,-532],[978,-539],[981,-541],[982,-545],[974,-544],[957,-547],[947,-544],[941,-546],[928,-547],[921,-553],[917,-519],[911,-517],[911,-516]]]}},{"type":"Feature","properties":{"id_case":"case_0064","registry_id_case":"case_0064"},"geometry":{"type":"Polygon","coordinates":[[[2779,-507],[2783,-508],[2788,-523],[2785,-527],[2791,-530],[2791,-538],[2795,-546],[2804,-551],[2814,-554],[2790,-554],[2786,-550],[2777,-549],[2771,-543],[2755,-537],[2763,-526],[2779,-509],[2779,-507]]]}},{"type":"Feature","properties":{"id_case":"case_0065","registry_id_case":"case_0065"},"geometry":{"type":"Polygon","coordinates":[[[532,-521],[534,-524],[545,-529],[566,-524],[567,-525],[572,-537],[565,-546],[560,-557],[546,-557],[529,-555],[526,-553],[521,-537],[532,-522],[532,-521]]]}},{"type":"Feature","properties":{"id_case":"case_0066","registry_id_case":"case_0066"},"geometry":{"type":"Polygon","coordinates":[[[668,-512],[670,-512],[670,-516],[673,-519],[685,-517],[688,-518],[686,-539],[663,-541],[646,-553],[645,-546],[641,-537],[642,-535],[656,-525],[657,-519],[668,-513],[668,-512]]]}},{"type":"Feature","properties":{"id_case":"case_0067","registry_id_case":"case_0067"},"geometry":{"type":"Polygon","coordinates":[[[368,-506],[371,-506],[374,-511],[393,-515],[397,-519],[405,-522],[404,-529],[406,-533],[404,-539],[408,-549],[406,-553],[403,-553],[403,-555],[401,-555],[397,-552],[393,-542],[394,-536],[391,-532],[383,-530],[378,-527],[371,-526],[365,-521],[354,-519],[352,-517],[350,-512],[355,-512],[355,-510],[368,-507],[368,-506]]]}},{"type":"Feature","properties":{"id_case":"case_0068","registry_id_case":"case_0068"},"geometry":{"type":"Polygon","coordinates":[[[1502,-518],[1506,-519],[1517,-526],[1521,-526],[1532,-536],[1552,-538],[1557,-539],[1557,-541],[1547,-551],[1529,-554],[1502,-551],[1497,-552],[1483,-548],[1454,-548],[1451,-546],[1461,-543],[1470,-535],[1484,-534],[1495,-536],[1502,-521],[1502,-518]]]}},{"type":"Feature","properties":{"id_case":"case_0069","registry_id_case":"case_0069"},"geometry":{"type":"Polygon","coordinates":[[[2629,-522],[2644,-523],[2644,-534],[2653,-546],[2617,-547],[2589,-551],[2520,-557],[2511,-548],[2525,-535],[2539,-526],[2548,-529],[2578,-531],[2612,-524],[2629,-523],[2629,-522]]]}},{"type":"Feature","properties":{"id_case":"case_0070","registry_id_case":"case_0070"},"geometry":{"type":"Polygon","coordinates":[[[1555,-429],[1559,-429],[1572,-436],[1584,-453],[1606,-459],[1616,-465],[1638,-470],[1658,-483],[1647,-502],[1638,-526],[1640,-532],[1639,-535],[1630,-535],[1574,-548],[1551,-550],[1558,-543],[1560,-538],[1559,-537],[1532,-535],[1532,-533],[1524,-527],[1525,-524],[1548,-513],[1548,-500],[1531,-453],[1535,-449],[1545,-446],[1547,-435],[1555,-430],[1555,-429]]]}},{"type":"Feature","properties":{"id_case":"case_0071","registry_id_case":"case_0071"},"geometry":{"type":"Polygon","coordinates":[[[1436,-527],[1439,-527],[1444,-530],[1449,-538],[1457,-540],[1443,-545],[1430,-547],[1420,-544],[1387,-544],[1376,-546],[1366,-553],[1364,-557],[1348,-555],[1366,-543],[1375,-539],[1409,-535],[1436,-528],[1436,-527]]]}},{"type":"Feature","properties":{"id_case":"case_0072","registry_id_case":"case_0072"},"geometry":{"type":"Polygon","coordinates":[[[339,-512],[348,-513],[348,-515],[353,-521],[364,-522],[370,-527],[377,-528],[390,-534],[392,-540],[391,-547],[399,-559],[391,-560],[382,-558],[377,-544],[375,-542],[367,-540],[365,-534],[336,-528],[330,-525],[330,-522],[339,-513],[339,-512]]]}},{"type":"Feature","properties":{"id_case":"case_0073","registry_id_case":"case_0073"},"geometry":{"type":"Polygon","coordinates":[[[334,-529],[354,-532],[362,-535],[366,-542],[374,-544],[379,-557],[362,-552],[355,-555],[350,-560],[344,-555],[337,-554],[337,-552],[330,-545],[323,-542],[327,-538],[327,-536],[334,-530],[334,-529]]]}},{"type":"Feature","properties":{"id_case":"case_0074","registry_id_case":"case_0074"},"geometry":{"type":"Polygon","coordinates":[[[1315,-538],[1320,-538],[1329,-541],[1350,-538],[1364,-541],[1346,-553],[1310,-553],[1303,-555],[1289,-563],[1274,-560],[1268,-546],[1315,-539],[1315,-538]]]}},{"type":"Feature","properties":{"id_case":"case_0075","registry_id_case":"case_0075"},"geometry":{"type":"Polygon","coordinates":[[[2447,-484],[2449,-484],[2457,-501],[2477,-504],[2492,-513],[2534,-525],[2509,-546],[2509,-549],[2517,-558],[2500,-563],[2482,-564],[2426,-554],[2422,-547],[2424,-541],[2423,-530],[2427,-522],[2439,-514],[2447,-488],[2447,-484]]]}},{"type":"Feature","properties":{"id_case":"case_0076","registry_id_case":"case_0076"},"geometry":{"type":"Polygon","coordinates":[[[2725,-525],[2734,-537],[2731,-538],[2731,-540],[2725,-548],[2718,-549],[2716,-555],[2697,-561],[2688,-559],[2680,-563],[2676,-563],[2674,-551],[2670,-549],[2670,-547],[2705,-539],[2718,-532],[2725,-526],[2725,-525]]]}},{"type":"Feature","properties":{"id_case":"case_0077","registry_id_case":"case_0077"},"geometry":{"type":"Polygon","coordinates":[[[2385,-482],[2389,-483],[2389,-496],[2376,-525],[2351,-534],[2311,-542],[2284,-556],[2281,-561],[2261,-565],[2257,-561],[2257,-554],[2262,-547],[2279,-536],[2314,-533],[2327,-530],[2334,-526],[2348,-501],[2356,-493],[2385,-483],[2385,-482]]]}},{"type":"Feature","properties":{"id_case":"case_0078","registry_id_case":"case_0078"},"geometry":{"type":"Polygon","coordinates":[[[283,-527],[288,-527],[301,-532],[304,-535],[304,-544],[286,-544],[281,-547],[275,-548],[274,-552],[268,-554],[267,-559],[263,-561],[262,-556],[264,-554],[265,-545],[263,-543],[262,-538],[268,-536],[270,-531],[283,-528],[283,-527]]]}},{"type":"Feature","properties":{"id_case":"case_0079","registry_id_case":"case_0079"},"geometry":{"type":"Polygon","coordinates":[[[1403,-545],[1420,-545],[1429,-548],[1439,-549],[1448,-546],[1466,-559],[1459,-562],[1440,-563],[1417,-558],[1412,-560],[1399,-561],[1366,-557],[1375,-550],[1380,-548],[1403,-546],[1403,-545]]]}},{"type":"Feature","properties":{"id_case":"case_0080","registry_id_case":"case_0080"},"geometry":{"type":"Polygon","coordinates":[[[866,-523],[869,-523],[876,-538],[872,-554],[866,-569],[849,-568],[837,-557],[820,-556],[816,-543],[822,-543],[847,-537],[851,-535],[857,-527],[866,-524],[866,-523]]]}},{"type":"Feature","properties":{"id_case":"case_0081","registry_id_case":"case_0081"},"geometry":{"type":"Polygon","coordinates":[[[1145,-518],[1159,-528],[1165,-534],[1169,-541],[1172,-551],[1167,-572],[1160,-570],[1158,-564],[1145,-559],[1141,-559],[1138,-550],[1133,-547],[1134,-544],[1136,-544],[1146,-537],[1145,-524],[1145,-518]]]}},{"type":"Feature","properties":{"id_case":"case_0082","registry_id_case":"case_0082"},"geometry":{"type":"Polygon","coordinates":[[[636,-519],[654,-520],[654,-524],[644,-530],[640,-536],[639,-540],[644,-557],[641,-566],[630,-564],[619,-553],[612,-552],[612,-548],[618,-533],[627,-524],[636,-520],[636,-519]]]}},{"type":"Feature","properties":{"id_case":"case_0083","registry_id_case":"case_0083"},"geometry":{"type":"Polygon","coordinates":[[[607,-525],[623,-525],[616,-532],[610,-550],[602,-551],[602,-553],[586,-573],[578,-560],[575,-552],[578,-540],[592,-532],[607,-526],[607,-525]]]}},{"type":"Feature","properties":{"id_case":"case_0084","registry_id_case":"case_0084"},"geometry":{"type":"Polygon","coordinates":[[[772,-541],[799,-541],[814,-543],[817,-556],[799,-558],[782,-570],[758,-572],[747,-568],[742,-552],[767,-545],[772,-542],[772,-541]]]}},{"type":"Feature","properties":{"id_case":"case_0085","registry_id_case":"case_0085"},"geometry":{"type":"Polygon","coordinates":[[[2650,-548],[2667,-548],[2672,-552],[2674,-565],[2661,-566],[2651,-563],[2639,-562],[2634,-564],[2619,-565],[2616,-567],[2600,-568],[2599,-552],[2650,-549],[2650,-548]]]}},{"type":"Feature","properties":{"id_case":"case_0086","registry_id_case":"case_0086"},"geometry":{"type":"Polygon","coordinates":[[[320,-543],[328,-546],[333,-551],[335,-556],[329,-560],[328,-566],[322,-568],[314,-564],[308,-566],[292,-566],[288,-568],[288,-566],[284,-564],[284,-558],[293,-546],[314,-548],[320,-544],[320,-543]]]}},{"type":"Feature","properties":{"id_case":"case_0087","registry_id_case":"case_0087"},"geometry":{"type":"Polygon","coordinates":[[[337,-560],[343,-560],[345,-565],[343,-567],[335,-568],[333,-564],[337,-561],[337,-560]]]}},{"type":"Feature","properties":{"id_case":"case_0088","registry_id_case":"case_0088"},"geometry":{"type":"Polygon","coordinates":[[[894,-513],[899,-513],[904,-515],[904,-517],[907,-517],[915,-521],[916,-542],[919,-553],[902,-553],[888,-559],[886,-561],[886,-568],[884,-566],[869,-568],[878,-535],[871,-521],[876,-518],[892,-516],[894,-514],[894,-513]]]}},{"type":"Feature","properties":{"id_case":"case_0089","registry_id_case":"case_0089"},"geometry":{"type":"Polygon","coordinates":[[[1058,-520],[1068,-522],[1066,-524],[1066,-531],[1077,-532],[1067,-538],[1067,-558],[1055,-564],[1043,-575],[1038,-572],[1024,-570],[1017,-567],[1012,-562],[1012,-560],[1005,-550],[1002,-537],[1027,-550],[1036,-546],[1034,-535],[1038,-531],[1058,-521],[1058,-520]]]}},{"type":"Feature","properties":{"id_case":"case_0090","registry_id_case":"case_0090"},"geometry":{"type":"Polygon","coordinates":[[[1420,-560],[1440,-564],[1459,-565],[1466,-562],[1480,-565],[1498,-566],[1507,-569],[1491,-570],[1466,-575],[1449,-576],[1434,-572],[1432,-574],[1420,-566],[1420,-560]]]}},{"type":"Feature","properties":{"id_case":"case_0091","registry_id_case":"case_0091"},"geometry":{"type":"Polygon","coordinates":[[[1335,-556],[1413,-563],[1418,-561],[1418,-567],[1429,-574],[1423,-575],[1410,-571],[1405,-572],[1323,-564],[1335,-557],[1335,-556]]]}},{"type":"Feature","properties":{"id_case":"case_0092","registry_id_case":"case_0092"},"geometry":{"type":"Polygon","coordinates":[[[695,-518],[697,-518],[700,-523],[709,-525],[709,-530],[711,-532],[714,-532],[720,-548],[721,-554],[717,-562],[716,-571],[714,-577],[712,-577],[712,-580],[705,-580],[698,-576],[695,-565],[697,-555],[690,-542],[689,-530],[690,-520],[695,-519],[695,-518]]]}},{"type":"Feature","properties":{"id_case":"case_0093","registry_id_case":"case_0093"},"geometry":{"type":"Polygon","coordinates":[[[1256,-544],[1265,-546],[1270,-559],[1235,-564],[1225,-567],[1216,-580],[1215,-581],[1213,-579],[1209,-572],[1214,-565],[1212,-560],[1216,-556],[1218,-556],[1218,-552],[1216,-550],[1228,-547],[1241,-550],[1256,-545],[1256,-544]]]}},{"type":"Feature","properties":{"id_case":"case_0094","registry_id_case":"case_0094"},"geometry":{"type":"Polygon","coordinates":[[[1805,-535],[1849,-536],[1864,-550],[1886,-556],[1886,-564],[1871,-562],[1858,-563],[1833,-568],[1819,-573],[1804,-574],[1773,-572],[1768,-574],[1724,-575],[1718,-573],[1722,-559],[1726,-552],[1729,-552],[1763,-538],[1778,-541],[1792,-540],[1805,-536],[1805,-535]]]}},{"type":"Feature","properties":{"id_case":"case_0095","registry_id_case":"case_0095"},"geometry":{"type":"Polygon","coordinates":[[[2734,-539],[2749,-541],[2756,-539],[2770,-544],[2775,-549],[2775,-566],[2752,-574],[2710,-576],[2694,-573],[2700,-562],[2707,-561],[2718,-556],[2719,-551],[2726,-550],[2734,-540],[2734,-539]]]}},{"type":"Feature","properties":{"id_case":"case_0096","registry_id_case":"case_0096"},"geometry":{"type":"Polygon","coordinates":[[[1084,-530],[1085,-539],[1093,-538],[1101,-533],[1102,-536],[1107,-534],[1108,-542],[1113,-548],[1119,-550],[1099,-573],[1083,-571],[1081,-572],[1080,-569],[1069,-569],[1065,-572],[1049,-574],[1057,-566],[1069,-559],[1069,-540],[1084,-531],[1084,-530]]]}},{"type":"Feature","properties":{"id_case":"case_0097","registry_id_case":"case_0097"},"geometry":{"type":"Polygon","coordinates":[[[1477,-549],[1496,-553],[1515,-553],[1534,-556],[1559,-553],[1568,-561],[1561,-575],[1553,-576],[1541,-574],[1520,-577],[1515,-574],[1516,-569],[1499,-565],[1474,-562],[1469,-560],[1458,-551],[1477,-550],[1477,-549]]]}},{"type":"Feature","properties":{"id_case":"case_0098","registry_id_case":"case_0098"},"geometry":{"type":"Polygon","coordinates":[[[1854,-538],[1863,-540],[1863,-542],[1870,-544],[1904,-549],[1904,-551],[1948,-553],[2005,-551],[2038,-556],[2047,-555],[2047,-558],[2040,-565],[2035,-567],[2034,-573],[2022,-575],[2014,-583],[1993,-584],[1963,-589],[1932,-578],[1922,-571],[1888,-564],[1887,-554],[1865,-549],[1854,-539],[1854,-538]]]}},{"type":"Feature","properties":{"id_case":"case_0099","registry_id_case":"case_0099"},"geometry":{"type":"Polygon","coordinates":[[[1321,-554],[1332,-555],[1323,-560],[1320,-563],[1320,-566],[1410,-574],[1411,-573],[1410,-580],[1381,-581],[1346,-577],[1342,-580],[1330,-578],[1325,-580],[1321,-584],[1317,-580],[1310,-578],[1310,-574],[1306,-570],[1295,-564],[1299,-560],[1304,-558],[1321,-555],[1321,-554]]]}},{"type":"Feature","properties":{"id_case":"case_0100","registry_id_case":"case_0100"},"geometry":{"type":"Polygon","coordinates":[[[1172,-540],[1189,-547],[1217,-547],[1214,-549],[1214,-552],[1216,-554],[1210,-558],[1209,-563],[1211,-568],[1208,-571],[1207,-575],[1214,-585],[1197,-583],[1170,-573],[1170,-565],[1174,-546],[1172,-543],[1172,-540]]]}},{"type":"Feature","properties":{"id_case":"case_0101","registry_id_case":"case_0101"},"geometry":{"type":"Polygon","coordinates":[[[682,-541],[687,-541],[695,-557],[693,-568],[696,-576],[687,-576],[687,-578],[684,-574],[679,-574],[674,-577],[668,-575],[655,-576],[650,-579],[650,-583],[648,-586],[645,-571],[642,-567],[646,-555],[648,-555],[661,-545],[682,-542],[682,-541]]]}},{"type":"Feature","properties":{"id_case":"case_0102","registry_id_case":"case_0102"},"geometry":{"type":"Polygon","coordinates":[[[2252,-529],[2260,-529],[2265,-538],[2257,-543],[2252,-554],[2251,-563],[2253,-563],[2256,-566],[2238,-574],[2184,-584],[2161,-581],[2159,-572],[2154,-567],[2163,-555],[2187,-555],[2205,-552],[2224,-545],[2232,-537],[2234,-532],[2252,-530],[2252,-529]]]}},{"type":"Feature","properties":{"id_case":"case_0103","registry_id_case":"case_0103"},"geometry":{"type":"Polygon","coordinates":[[[2370,-529],[2373,-529],[2369,-534],[2355,-538],[2349,-550],[2348,-557],[2350,-559],[2353,-576],[2349,-585],[2345,-581],[2333,-581],[2325,-573],[2315,-567],[2309,-572],[2299,-576],[2281,-578],[2264,-568],[2280,-564],[2285,-560],[2285,-558],[2300,-552],[2309,-546],[2344,-539],[2370,-530],[2370,-529]]]}},{"type":"Feature","properties":{"id_case":"case_0104","registry_id_case":"case_0104"},"geometry":{"type":"Polygon","coordinates":[[[1722,-528],[1729,-528],[1738,-531],[1748,-537],[1756,-537],[1723,-551],[1716,-572],[1652,-574],[1636,-576],[1618,-582],[1596,-580],[1561,-585],[1552,-580],[1537,-578],[1546,-576],[1556,-578],[1563,-576],[1570,-559],[1564,-556],[1562,-552],[1575,-551],[1630,-538],[1640,-537],[1670,-540],[1694,-536],[1722,-529],[1722,-528]]]}},{"type":"Feature","properties":{"id_case":"case_0105","registry_id_case":"case_0105"},"geometry":{"type":"Polygon","coordinates":[[[2422,-521],[2425,-521],[2419,-537],[2404,-558],[2407,-564],[2404,-565],[2402,-573],[2405,-585],[2390,-580],[2369,-580],[2381,-566],[2384,-557],[2399,-528],[2422,-522],[2422,-521]]]}},{"type":"Feature","properties":{"id_case":"case_0106","registry_id_case":"case_0106"},"geometry":{"type":"Polygon","coordinates":[[[2382,-512],[2388,-513],[2392,-519],[2400,-518],[2397,-521],[2398,-527],[2377,-569],[2367,-580],[2351,-585],[2355,-573],[2353,-558],[2351,-556],[2350,-551],[2356,-540],[2370,-536],[2372,-532],[2376,-530],[2382,-518],[2382,-512]]]}},{"type":"Feature","properties":{"id_case":"case_0107","registry_id_case":"case_0107"},"geometry":{"type":"Polygon","coordinates":[[[2591,-553],[2596,-553],[2596,-569],[2590,-569],[2566,-579],[2529,-584],[2539,-557],[2591,-554],[2591,-553]]]}},{"type":"Feature","properties":{"id_case":"case_0108","registry_id_case":"case_0108"},"geometry":{"type":"Polygon","coordinates":[[[2080,-551],[2147,-552],[2161,-554],[2152,-568],[2156,-573],[2159,-581],[2134,-579],[2113,-575],[2102,-578],[2097,-581],[2074,-585],[2026,-588],[2016,-585],[2023,-578],[2035,-575],[2037,-569],[2041,-567],[2049,-559],[2049,-555],[2080,-552],[2080,-551]]]}},{"type":"Feature","properties":{"id_case":"case_0109","registry_id_case":"case_0109"},"geometry":{"type":"Polygon","coordinates":[[[2532,-558],[2536,-558],[2536,-560],[2528,-582],[2524,-588],[2502,-588],[2470,-592],[2460,-561],[2466,-564],[2469,-563],[2502,-566],[2517,-560],[2532,-559],[2532,-558]]]}},{"type":"Feature","properties":{"id_case":"case_0110","registry_id_case":"case_0110"},"geometry":{"type":"Polygon","coordinates":[[[604,-553],[619,-555],[628,-564],[640,-568],[645,-588],[644,-590],[635,-592],[610,-588],[602,-591],[595,-596],[593,-586],[586,-576],[600,-557],[604,-554],[604,-553]]]}},{"type":"Feature","properties":{"id_case":"case_0111","registry_id_case":"case_0111"},"geometry":{"type":"Polygon","coordinates":[[[1509,-571],[1513,-571],[1513,-574],[1509,-578],[1484,-590],[1469,-591],[1420,-589],[1418,-584],[1412,-581],[1413,-574],[1432,-577],[1436,-574],[1448,-577],[1468,-578],[1486,-574],[1509,-572],[1509,-571]]]}},{"type":"Feature","properties":{"id_case":"case_0112","registry_id_case":"case_0112"},"geometry":{"type":"Polygon","coordinates":[[[1265,-561],[1270,-561],[1269,-564],[1261,-570],[1261,-574],[1255,-576],[1254,-592],[1218,-581],[1218,-579],[1226,-569],[1257,-565],[1265,-562],[1265,-561]]]}},{"type":"Feature","properties":{"id_case":"case_0113","registry_id_case":"case_0113"},"geometry":{"type":"Polygon","coordinates":[[[1655,-576],[1672,-576],[1662,-580],[1643,-594],[1633,-595],[1619,-593],[1596,-597],[1585,-586],[1585,-584],[1610,-582],[1625,-584],[1637,-579],[1655,-577],[1655,-576]]]}},{"type":"Feature","properties":{"id_case":"case_0114","registry_id_case":"case_0114"},"geometry":{"type":"Polygon","coordinates":[[[976,-546],[984,-547],[996,-554],[995,-562],[1001,-572],[1004,-575],[1010,-577],[1024,-589],[1018,-605],[995,-593],[986,-584],[984,-583],[980,-585],[971,-576],[969,-570],[957,-556],[961,-549],[976,-547],[976,-546]]]}},{"type":"Feature","properties":{"id_case":"case_0115","registry_id_case":"case_0115"},"geometry":{"type":"Polygon","coordinates":[[[1001,-549],[1010,-563],[1016,-569],[1037,-573],[1049,-577],[1061,-576],[1065,-574],[1066,-575],[1070,-572],[1079,-571],[1079,-573],[1083,-574],[1093,-573],[1086,-575],[1082,-578],[1082,-581],[1091,-582],[1087,-586],[1067,-591],[1058,-599],[1049,-602],[1046,-597],[1028,-589],[1012,-576],[1006,-574],[1002,-570],[998,-556],[1001,-553],[1001,-549]]]}},{"type":"Feature","properties":{"id_case":"case_0116","registry_id_case":"case_0116"},"geometry":{"type":"Polygon","coordinates":[[[572,-539],[575,-539],[573,-555],[574,-558],[590,-587],[593,-597],[572,-604],[569,-602],[568,-585],[564,-569],[565,-562],[562,-557],[565,-548],[572,-540],[572,-539]]]}},{"type":"Feature","properties":{"id_case":"case_0117","registry_id_case":"case_0117"},"geometry":{"type":"Polygon","coordinates":[[[903,-555],[918,-555],[927,-562],[938,-564],[948,-573],[948,-587],[939,-599],[926,-593],[920,-592],[896,-598],[894,-582],[887,-569],[888,-561],[903,-556],[903,-555]]]}},{"type":"Feature","properties":{"id_case":"case_0118","registry_id_case":"case_0118"},"geometry":{"type":"Polygon","coordinates":[[[1129,-548],[1132,-548],[1137,-552],[1139,-560],[1146,-562],[1147,-561],[1156,-565],[1158,-571],[1168,-574],[1168,-579],[1169,-581],[1171,-581],[1171,-586],[1176,-594],[1164,-590],[1161,-591],[1158,-589],[1157,-593],[1150,-592],[1151,-596],[1147,-595],[1141,-598],[1137,-595],[1136,-596],[1133,-591],[1129,-591],[1126,-593],[1125,-590],[1115,-584],[1111,-578],[1100,-574],[1121,-551],[1129,-549],[1129,-548]]]}},{"type":"Feature","properties":{"id_case":"case_0119","registry_id_case":"case_0119"},"geometry":{"type":"Polygon","coordinates":[[[1695,-574],[1769,-577],[1790,-574],[1791,-579],[1784,-592],[1769,-597],[1751,-594],[1741,-600],[1736,-601],[1726,-597],[1709,-595],[1699,-599],[1695,-591],[1682,-575],[1695,-575],[1695,-574]]]}},{"type":"Feature","properties":{"id_case":"case_0120","registry_id_case":"case_0120"},"geometry":{"type":"Polygon","coordinates":[[[1275,-562],[1291,-565],[1292,-569],[1295,-569],[1300,-572],[1305,-577],[1305,-580],[1316,-585],[1317,-589],[1314,-592],[1295,-601],[1284,-602],[1270,-597],[1269,-593],[1266,-590],[1259,-588],[1259,-582],[1260,-579],[1266,-577],[1266,-572],[1270,-570],[1275,-563],[1275,-562]]]}},{"type":"Feature","properties":{"id_case":"case_0121","registry_id_case":"case_0121"},"geometry":{"type":"Polygon","coordinates":[[[948,-546],[958,-549],[955,-557],[956,-559],[965,-569],[970,-578],[978,-586],[979,-589],[974,-602],[942,-599],[949,-588],[950,-572],[939,-563],[928,-561],[922,-556],[928,-550],[942,-549],[948,-547],[948,-546]]]}},{"type":"Feature","properties":{"id_case":"case_0122","registry_id_case":"case_0122"},"geometry":{"type":"Polygon","coordinates":[[[2778,-551],[2784,-551],[2789,-555],[2820,-557],[2825,-570],[2824,-583],[2827,-597],[2805,-609],[2802,-607],[2781,-589],[2778,-562],[2778,-551]]]}},{"type":"Feature","properties":{"id_case":"case_0123","registry_id_case":"case_0123"},"geometry":{"type":"Polygon","coordinates":[[[1363,-581],[1378,-581],[1387,-584],[1410,-582],[1418,-588],[1421,-595],[1419,-605],[1395,-604],[1381,-606],[1363,-582],[1363,-581]]]}},{"type":"Feature","properties":{"id_case":"case_0124","registry_id_case":"case_0124"},"geometry":{"type":"Polygon","coordinates":[[[1513,-576],[1525,-579],[1551,-581],[1561,-586],[1573,-587],[1582,-585],[1593,-596],[1577,-597],[1567,-601],[1560,-607],[1535,-601],[1524,-596],[1487,-592],[1503,-584],[1513,-577],[1513,-576]]]}},{"type":"Feature","properties":{"id_case":"case_0125","registry_id_case":"case_0125"},"geometry":{"type":"Polygon","coordinates":[[[1678,-576],[1680,-576],[1684,-580],[1684,-582],[1697,-600],[1673,-600],[1658,-605],[1626,-609],[1600,-600],[1629,-595],[1644,-597],[1663,-583],[1678,-577],[1678,-576]]]}},{"type":"Feature","properties":{"id_case":"case_0126","registry_id_case":"case_0126"},"geometry":{"type":"Polygon","coordinates":[[[2420,-537],[2422,-544],[2420,-550],[2424,-556],[2458,-562],[2468,-593],[2467,-594],[2453,-596],[2450,-598],[2442,-599],[2440,-601],[2432,-599],[2413,-607],[2411,-592],[2406,-578],[2405,-568],[2407,-565],[2409,-565],[2408,-559],[2406,-557],[2420,-539],[2420,-537]]]}},{"type":"Feature","properties":{"id_case":"case_0127","registry_id_case":"case_0127"},"geometry":{"type":"Polygon","coordinates":[[[817,-558],[836,-558],[848,-569],[848,-571],[836,-585],[835,-594],[839,-603],[833,-612],[816,-609],[815,-603],[817,-595],[811,-591],[811,-580],[803,-569],[788,-570],[802,-560],[817,-559],[817,-558]]]}},{"type":"Feature","properties":{"id_case":"case_0128","registry_id_case":"case_0128"},"geometry":{"type":"Polygon","coordinates":[[[2687,-562],[2697,-562],[2691,-574],[2695,-601],[2692,-602],[2677,-616],[2673,-617],[2667,-614],[2666,-598],[2641,-594],[2621,-595],[2619,-568],[2629,-568],[2650,-564],[2660,-567],[2673,-568],[2687,-563],[2687,-562]]]}},{"type":"Feature","properties":{"id_case":"case_0129","registry_id_case":"case_0129"},"geometry":{"type":"Polygon","coordinates":[[[793,-571],[803,-572],[809,-584],[809,-592],[815,-596],[815,-601],[812,-605],[815,-613],[813,-618],[800,-620],[799,-608],[784,-572],[793,-572],[793,-571]]]}},{"type":"Feature","properties":{"id_case":"case_0130","registry_id_case":"case_0130"},"geometry":{"type":"Polygon","coordinates":[[[1872,-564],[1899,-567],[1922,-572],[1931,-579],[1939,-581],[1957,-589],[1972,-591],[1986,-589],[1982,-616],[1963,-612],[1956,-609],[1951,-604],[1947,-603],[1922,-607],[1895,-591],[1865,-579],[1865,-565],[1872,-565],[1872,-564]]]}},{"type":"Feature","properties":{"id_case":"case_0131","registry_id_case":"case_0131"},"geometry":{"type":"Polygon","coordinates":[[[1347,-579],[1359,-580],[1378,-606],[1379,-609],[1371,-621],[1365,-620],[1355,-614],[1349,-608],[1333,-597],[1328,-589],[1323,-587],[1325,-583],[1330,-581],[1340,-580],[1343,-582],[1347,-580],[1347,-579]]]}},{"type":"Feature","properties":{"id_case":"case_0132","registry_id_case":"case_0132"},"geometry":{"type":"Polygon","coordinates":[[[1094,-575],[1105,-577],[1110,-580],[1112,-584],[1117,-587],[1117,-589],[1122,-590],[1125,-595],[1129,-595],[1132,-593],[1135,-598],[1139,-597],[1145,-600],[1149,-597],[1153,-598],[1152,-594],[1159,-596],[1159,-592],[1166,-592],[1177,-596],[1179,-602],[1178,-607],[1172,-610],[1171,-615],[1168,-612],[1163,-611],[1127,-608],[1117,-603],[1117,-600],[1115,-598],[1104,-598],[1096,-591],[1088,-589],[1093,-584],[1093,-581],[1090,-578],[1085,-579],[1094,-576],[1094,-575]]]}},{"type":"Feature","properties":{"id_case":"case_0133","registry_id_case":"case_0133"},"geometry":{"type":"Polygon","coordinates":[[[1457,-592],[1465,-592],[1471,-594],[1471,-596],[1475,-600],[1476,-613],[1470,-615],[1457,-616],[1455,-614],[1451,-602],[1453,-595],[1457,-593],[1457,-592]]]}},{"type":"Feature","properties":{"id_case":"case_0134","registry_id_case":"case_0134"},"geometry":{"type":"Polygon","coordinates":[[[2256,-568],[2258,-568],[2258,-574],[2254,-576],[2254,-580],[2252,-583],[2247,-586],[2238,-605],[2236,-605],[2233,-610],[2223,-611],[2190,-607],[2174,-615],[2161,-617],[2158,-604],[2165,-602],[2187,-587],[2208,-582],[2237,-578],[2256,-569],[2256,-568]]]}},{"type":"Feature","properties":{"id_case":"case_0135","registry_id_case":"case_0135"},"geometry":{"type":"Polygon","coordinates":[[[2775,-568],[2779,-590],[2766,-614],[2765,-624],[2742,-629],[2741,-626],[2732,-617],[2729,-600],[2720,-578],[2752,-577],[2775,-569],[2775,-568]]]}},{"type":"Feature","properties":{"id_case":"case_0136","registry_id_case":"case_0136"},"geometry":{"type":"Polygon","coordinates":[[[2375,-581],[2390,-581],[2407,-588],[2410,-602],[2409,-604],[2411,-608],[2415,-610],[2413,-619],[2404,-621],[2401,-627],[2397,-627],[2380,-621],[2376,-615],[2374,-593],[2369,-582],[2375,-582],[2375,-581]]]}},{"type":"Feature","properties":{"id_case":"case_0137","registry_id_case":"case_0137"},"geometry":{"type":"Polygon","coordinates":[[[1858,-565],[1863,-565],[1863,-579],[1851,-586],[1851,-590],[1855,-597],[1846,-602],[1846,-605],[1842,-613],[1824,-623],[1805,-624],[1788,-589],[1792,-580],[1792,-574],[1820,-576],[1833,-571],[1858,-566],[1858,-565]]]}},{"type":"Feature","properties":{"id_case":"case_0138","registry_id_case":"case_0138"},"geometry":{"type":"Polygon","coordinates":[[[1585,-598],[1597,-599],[1605,-604],[1625,-610],[1625,-612],[1615,-628],[1604,-628],[1583,-624],[1569,-619],[1564,-615],[1564,-607],[1569,-602],[1585,-599],[1585,-598]]]}},{"type":"Feature","properties":{"id_case":"case_0139","registry_id_case":"case_0139"},"geometry":{"type":"Polygon","coordinates":[[[878,-568],[883,-568],[885,-570],[890,-581],[895,-602],[894,-605],[880,-621],[874,-623],[835,-613],[835,-610],[840,-604],[841,-598],[838,-593],[837,-586],[839,-582],[851,-570],[870,-571],[878,-569],[878,-568]]]}},{"type":"Feature","properties":{"id_case":"case_0140","registry_id_case":"case_0140"},"geometry":{"type":"Polygon","coordinates":[[[775,-573],[783,-574],[783,-577],[796,-608],[798,-620],[797,-621],[779,-621],[781,-601],[768,-587],[763,-585],[764,-575],[775,-574],[775,-573]]]}},{"type":"Feature","properties":{"id_case":"case_0141","registry_id_case":"case_0141"},"geometry":{"type":"Polygon","coordinates":[[[2113,-577],[2184,-585],[2166,-598],[2155,-604],[2159,-620],[2156,-631],[2149,-632],[2142,-631],[2141,-612],[2099,-604],[2088,-593],[2087,-585],[2097,-584],[2113,-578],[2113,-577]]]}},{"type":"Feature","properties":{"id_case":"case_0142","registry_id_case":"case_0142"},"geometry":{"type":"Polygon","coordinates":[[[1219,-587],[1229,-588],[1238,-593],[1254,-598],[1258,-611],[1257,-620],[1263,-627],[1263,-635],[1250,-634],[1248,-632],[1245,-623],[1235,-615],[1221,-590],[1219,-589],[1219,-587]]]}},{"type":"Feature","properties":{"id_case":"case_0143","registry_id_case":"case_0143"},"geometry":{"type":"Polygon","coordinates":[[[645,-590],[648,-591],[650,-602],[650,-634],[641,-633],[637,-631],[630,-617],[621,-591],[639,-594],[645,-592],[645,-590]]]}},{"type":"Feature","properties":{"id_case":"case_0144","registry_id_case":"case_0144"},"geometry":{"type":"Polygon","coordinates":[[[1473,-593],[1524,-597],[1531,-601],[1556,-607],[1534,-610],[1527,-616],[1526,-620],[1521,-627],[1508,-630],[1497,-622],[1486,-618],[1479,-613],[1478,-599],[1473,-594],[1473,-593]]]}},{"type":"Feature","properties":{"id_case":"case_0145","registry_id_case":"case_0145"},"geometry":{"type":"Polygon","coordinates":[[[1421,-591],[1452,-591],[1453,-592],[1451,-594],[1449,-608],[1455,-618],[1466,-619],[1463,-632],[1437,-630],[1433,-628],[1432,-629],[1428,-618],[1420,-605],[1423,-593],[1421,-592],[1421,-591]]]}},{"type":"Feature","properties":{"id_case":"case_0146","registry_id_case":"case_0146"},"geometry":{"type":"Polygon","coordinates":[[[1862,-581],[1866,-581],[1897,-593],[1921,-608],[1921,-610],[1900,-632],[1892,-632],[1884,-629],[1880,-625],[1871,-608],[1857,-607],[1845,-612],[1848,-603],[1857,-599],[1857,-595],[1853,-587],[1862,-582],[1862,-581]]]}},{"type":"Feature","properties":{"id_case":"case_0147","registry_id_case":"case_0147"},"geometry":{"type":"Polygon","coordinates":[[[1170,-575],[1196,-584],[1217,-588],[1228,-610],[1236,-619],[1238,-619],[1243,-624],[1246,-633],[1235,-633],[1197,-624],[1197,-621],[1193,-617],[1185,-615],[1176,-619],[1172,-617],[1173,-612],[1179,-609],[1181,-601],[1177,-588],[1174,-585],[1173,-580],[1170,-578],[1170,-575]]]}},{"type":"Feature","properties":{"id_case":"case_0148","registry_id_case":"case_0148"},"geometry":{"type":"Polygon","coordinates":[[[1396,-606],[1418,-607],[1420,-612],[1423,-613],[1426,-625],[1429,-629],[1424,-628],[1419,-631],[1416,-629],[1388,-625],[1373,-621],[1382,-608],[1396,-607],[1396,-606]]]}},{"type":"Feature","properties":{"id_case":"case_0149","registry_id_case":"case_0149"},"geometry":{"type":"Polygon","coordinates":[[[560,-573],[565,-585],[567,-603],[561,-607],[559,-617],[550,-620],[537,-630],[532,-632],[519,-633],[514,-628],[517,-609],[515,-604],[508,-600],[507,-597],[510,-597],[515,-594],[524,-593],[533,-587],[535,-583],[547,-582],[553,-577],[560,-574],[560,-573]]]}},{"type":"Feature","properties":{"id_case":"case_0150","registry_id_case":"case_0150"},"geometry":{"type":"Polygon","coordinates":[[[2597,-570],[2617,-570],[2619,-596],[2607,-604],[2608,-613],[2605,-616],[2603,-616],[2595,-623],[2565,-631],[2535,-624],[2551,-606],[2554,-606],[2564,-601],[2571,-580],[2588,-573],[2597,-571],[2597,-570]]]}},{"type":"Feature","properties":{"id_case":"case_0151","registry_id_case":"case_0151"},"geometry":{"type":"Polygon","coordinates":[[[726,-546],[739,-551],[744,-568],[755,-572],[741,-584],[735,-615],[726,-634],[724,-625],[725,-622],[722,-610],[719,-605],[719,-593],[715,-585],[718,-580],[721,-565],[725,-558],[726,-548],[726,-546]]]}},{"type":"Feature","properties":{"id_case":"case_0152","registry_id_case":"case_0152"},"geometry":{"type":"Polygon","coordinates":[[[1786,-592],[1801,-622],[1785,-623],[1759,-631],[1743,-633],[1728,-632],[1716,-627],[1757,-622],[1759,-616],[1753,-610],[1751,-610],[1741,-603],[1751,-597],[1763,-596],[1771,-599],[1782,-596],[1786,-593],[1786,-592]]]}},{"type":"Feature","properties":{"id_case":"case_0153","registry_id_case":"case_0153"},"geometry":{"type":"Polygon","coordinates":[[[1673,-602],[1679,-602],[1681,-610],[1685,-614],[1680,-620],[1678,-628],[1675,-631],[1643,-628],[1626,-631],[1620,-630],[1627,-611],[1658,-608],[1673,-603],[1673,-602]]]}},{"type":"Feature","properties":{"id_case":"case_0154","registry_id_case":"case_0154"},"geometry":{"type":"Polygon","coordinates":[[[985,-585],[994,-595],[1012,-604],[1015,-606],[1015,-608],[994,-623],[973,-634],[952,-636],[953,-627],[964,-622],[969,-617],[970,-611],[976,-604],[975,-603],[981,-587],[985,-586],[985,-585]]]}},{"type":"Feature","properties":{"id_case":"case_0155","registry_id_case":"case_0155"},"geometry":{"type":"Polygon","coordinates":[[[1710,-597],[1720,-597],[1736,-602],[1751,-611],[1757,-617],[1756,-620],[1708,-625],[1677,-632],[1679,-630],[1681,-621],[1685,-619],[1687,-611],[1683,-609],[1682,-603],[1704,-602],[1710,-598],[1710,-597]]]}},{"type":"Feature","properties":{"id_case":"case_0156","registry_id_case":"case_0156"},"geometry":{"type":"Polygon","coordinates":[[[1318,-590],[1324,-593],[1325,-597],[1329,-601],[1333,-602],[1334,-605],[1323,-616],[1318,-626],[1317,-631],[1321,-641],[1302,-643],[1300,-631],[1295,-623],[1294,-609],[1298,-602],[1315,-594],[1318,-591],[1318,-590]]]}},{"type":"Feature","properties":{"id_case":"case_0157","registry_id_case":"case_0157"},"geometry":{"type":"Polygon","coordinates":[[[2480,-593],[2484,-594],[2489,-618],[2485,-638],[2465,-639],[2457,-633],[2451,-632],[2444,-634],[2444,-636],[2441,-639],[2439,-639],[2436,-634],[2409,-626],[2407,-624],[2415,-620],[2417,-608],[2429,-603],[2437,-601],[2442,-603],[2454,-599],[2480,-594],[2480,-593]]]}},{"type":"Feature","properties":{"id_case":"case_0158","registry_id_case":"case_0158"},"geometry":{"type":"Polygon","coordinates":[[[1108,-599],[1115,-600],[1116,-605],[1124,-607],[1126,-609],[1121,-624],[1113,-633],[1110,-644],[1104,-645],[1084,-642],[1084,-622],[1092,-613],[1097,-611],[1108,-600],[1108,-599]]]}},{"type":"Feature","properties":{"id_case":"case_0159","registry_id_case":"case_0159"},"geometry":{"type":"Polygon","coordinates":[[[921,-594],[926,-594],[938,-600],[937,-604],[930,-605],[928,-611],[923,-617],[913,-621],[912,-627],[907,-629],[907,-631],[901,-639],[882,-640],[879,-625],[894,-607],[897,-600],[921,-595],[921,-594]]]}},{"type":"Feature","properties":{"id_case":"case_0160","registry_id_case":"case_0160"},"geometry":{"type":"Polygon","coordinates":[[[2314,-570],[2323,-573],[2332,-582],[2336,-583],[2335,-586],[2332,-591],[2308,-604],[2306,-606],[2306,-613],[2303,-617],[2300,-626],[2295,-633],[2288,-635],[2280,-640],[2276,-625],[2280,-618],[2273,-608],[2283,-581],[2300,-579],[2308,-576],[2314,-571],[2314,-570]]]}},{"type":"Feature","properties":{"id_case":"case_0161","registry_id_case":"case_0161"},"geometry":{"type":"Polygon","coordinates":[[[1085,-589],[1094,-591],[1104,-599],[1104,-601],[1096,-609],[1088,-613],[1088,-615],[1082,-623],[1081,-641],[1064,-632],[1065,-621],[1062,-614],[1054,-604],[1059,-602],[1068,-594],[1085,-590],[1085,-589]]]}},{"type":"Feature","properties":{"id_case":"case_0162","registry_id_case":"case_0162"},"geometry":{"type":"Polygon","coordinates":[[[2263,-570],[2281,-580],[2271,-610],[2278,-620],[2273,-628],[2275,-634],[2242,-638],[2233,-636],[2232,-631],[2228,-629],[2230,-627],[2230,-620],[2232,-617],[2235,-617],[2235,-615],[2242,-607],[2244,-601],[2252,-589],[2258,-585],[2260,-578],[2264,-576],[2263,-574],[2263,-570]]]}},{"type":"Feature","properties":{"id_case":"case_0163","registry_id_case":"case_0163"},"geometry":{"type":"Polygon","coordinates":[[[2566,-581],[2568,-581],[2568,-584],[2562,-600],[2549,-605],[2531,-625],[2503,-638],[2487,-638],[2491,-614],[2485,-593],[2525,-590],[2528,-587],[2566,-582],[2566,-581]]]}},{"type":"Feature","properties":{"id_case":"case_0164","registry_id_case":"case_0164"},"geometry":{"type":"Polygon","coordinates":[[[2694,-575],[2718,-578],[2726,-601],[2729,-617],[2741,-631],[2728,-644],[2663,-636],[2676,-619],[2697,-602],[2694,-581],[2694,-575]]]}},{"type":"Feature","properties":{"id_case":"case_0165","registry_id_case":"case_0165"},"geometry":{"type":"Polygon","coordinates":[[[661,-580],[671,-581],[678,-584],[680,-580],[682,-580],[684,-584],[696,-581],[701,-583],[702,-586],[710,-585],[711,-594],[701,-604],[697,-606],[697,-609],[687,-634],[671,-646],[666,-625],[654,-610],[652,-595],[649,-590],[655,-587],[655,-583],[657,-581],[661,-581],[661,-580]]]}},{"type":"Feature","properties":{"id_case":"case_0166","registry_id_case":"case_0166"},"geometry":{"type":"Polygon","coordinates":[[[2084,-585],[2086,-594],[2097,-606],[2082,-623],[2080,-623],[2049,-647],[2037,-644],[2036,-634],[2014,-619],[1984,-616],[1988,-588],[2013,-586],[2026,-589],[2055,-590],[2084,-586],[2084,-585]]]}},{"type":"Feature","properties":{"id_case":"case_0167","registry_id_case":"case_0167"},"geometry":{"type":"Polygon","coordinates":[[[611,-590],[618,-590],[627,-619],[621,-636],[609,-649],[607,-649],[604,-652],[599,-641],[587,-633],[587,-624],[595,-609],[595,-598],[598,-598],[604,-593],[611,-591],[611,-590]]]}},{"type":"Feature","properties":{"id_case":"case_0168","registry_id_case":"case_0168"},"geometry":{"type":"Polygon","coordinates":[[[1335,-606],[1345,-611],[1346,-614],[1354,-620],[1368,-626],[1361,-640],[1346,-648],[1324,-641],[1319,-628],[1323,-618],[1335,-607],[1335,-606]]]}},{"type":"Feature","properties":{"id_case":"case_0169","registry_id_case":"case_0169"},"geometry":{"type":"Polygon","coordinates":[[[1553,-610],[1561,-610],[1561,-614],[1566,-620],[1603,-629],[1603,-637],[1599,-645],[1596,-648],[1581,-651],[1560,-652],[1528,-640],[1513,-632],[1522,-629],[1529,-617],[1535,-613],[1553,-611],[1553,-610]]]}},{"type":"Feature","properties":{"id_case":"case_0170","registry_id_case":"case_0170"},"geometry":{"type":"Polygon","coordinates":[[[1948,-605],[1950,-605],[1955,-610],[1973,-616],[1974,-619],[1986,-633],[1987,-638],[1980,-642],[1981,-650],[1966,-646],[1959,-636],[1944,-634],[1934,-638],[1927,-639],[1902,-633],[1924,-609],[1948,-606],[1948,-605]]]}},{"type":"Feature","properties":{"id_case":"case_0171","registry_id_case":"case_0171"},"geometry":{"type":"Polygon","coordinates":[[[756,-574],[763,-574],[761,-586],[768,-590],[777,-599],[777,-624],[761,-625],[758,-628],[750,-631],[745,-638],[731,-643],[728,-648],[725,-639],[730,-632],[734,-622],[743,-585],[746,-584],[756,-575],[756,-574]]]}},{"type":"Feature","properties":{"id_case":"case_0172","registry_id_case":"case_0172"},"geometry":{"type":"Polygon","coordinates":[[[1476,-614],[1478,-614],[1485,-620],[1485,-623],[1489,-631],[1484,-644],[1479,-650],[1475,-652],[1468,-650],[1467,-645],[1469,-633],[1468,-627],[1471,-618],[1476,-615],[1476,-614]]]}},{"type":"Feature","properties":{"id_case":"case_0173","registry_id_case":"case_0173"},"geometry":{"type":"Polygon","coordinates":[[[940,-601],[973,-604],[967,-616],[963,-620],[958,-621],[952,-625],[950,-637],[932,-640],[923,-645],[917,-644],[903,-652],[899,-651],[899,-644],[908,-631],[914,-629],[915,-622],[924,-619],[931,-607],[938,-606],[940,-602],[940,-601]]]}},{"type":"Feature","properties":{"id_case":"case_0174","registry_id_case":"case_0174"},"geometry":{"type":"Polygon","coordinates":[[[505,-601],[512,-604],[515,-613],[512,-625],[496,-636],[492,-658],[480,-655],[470,-646],[463,-643],[461,-623],[464,-618],[466,-620],[486,-623],[491,-618],[496,-616],[499,-609],[505,-603],[505,-601]]]}},{"type":"Feature","properties":{"id_case":"case_0175","registry_id_case":"case_0175"},"geometry":{"type":"Polygon","coordinates":[[[2191,-609],[2228,-613],[2226,-615],[2225,-622],[2221,-630],[2226,-636],[2226,-641],[2224,-643],[2217,-645],[2214,-651],[2207,-650],[2204,-653],[2203,-657],[2199,-657],[2193,-647],[2181,-646],[2180,-643],[2170,-641],[2163,-638],[2159,-634],[2158,-629],[2161,-619],[2175,-618],[2191,-610],[2191,-609]]]}},{"type":"Feature","properties":{"id_case":"case_0176","registry_id_case":"case_0176"},"geometry":{"type":"Polygon","coordinates":[[[2340,-586],[2347,-588],[2346,-598],[2348,-600],[2340,-615],[2338,-632],[2340,-637],[2343,-638],[2345,-642],[2345,-657],[2337,-655],[2334,-649],[2324,-648],[2316,-640],[2310,-639],[2302,-633],[2308,-617],[2312,-615],[2312,-608],[2317,-607],[2336,-595],[2340,-587],[2340,-586]]]}},{"type":"Feature","properties":{"id_case":"case_0177","registry_id_case":"case_0177"},"geometry":{"type":"Polygon","coordinates":[[[1128,-610],[1136,-610],[1144,-613],[1149,-611],[1163,-612],[1178,-622],[1188,-617],[1195,-622],[1195,-625],[1188,-626],[1188,-624],[1179,-624],[1175,-626],[1170,-624],[1160,-628],[1158,-626],[1151,-625],[1146,-629],[1140,-643],[1130,-647],[1128,-654],[1126,-654],[1112,-647],[1111,-644],[1115,-632],[1122,-625],[1128,-611],[1128,-610]]]}},{"type":"Feature","properties":{"id_case":"case_0178","registry_id_case":"case_0178"},"geometry":{"type":"Polygon","coordinates":[[[817,-612],[835,-614],[877,-625],[877,-634],[880,-641],[874,-642],[864,-646],[861,-649],[853,-650],[848,-653],[841,-654],[839,-652],[834,-651],[830,-654],[830,-652],[825,-649],[827,-640],[823,-638],[823,-632],[821,-629],[818,-630],[817,-614],[817,-612]]]}},{"type":"Feature","properties":{"id_case":"case_0179","registry_id_case":"case_0179"},"geometry":{"type":"Polygon","coordinates":[[[2365,-582],[2367,-582],[2371,-593],[2373,-617],[2366,-648],[2361,-658],[2348,-659],[2346,-653],[2348,-641],[2345,-637],[2342,-636],[2340,-625],[2341,-616],[2350,-599],[2348,-590],[2349,-588],[2365,-583],[2365,-582]]]}},{"type":"Feature","properties":{"id_case":"case_0180","registry_id_case":"case_0180"},"geometry":{"type":"Polygon","coordinates":[[[2780,-591],[2805,-611],[2810,-623],[2814,-638],[2804,-648],[2803,-652],[2811,-667],[2785,-666],[2781,-656],[2770,-637],[2767,-615],[2780,-592],[2780,-591]]]}},{"type":"Feature","properties":{"id_case":"case_0181","registry_id_case":"case_0181"},"geometry":{"type":"Polygon","coordinates":[[[1026,-591],[1029,-591],[1043,-598],[1047,-602],[1047,-604],[1052,-604],[1054,-610],[1060,-619],[1047,-625],[1042,-635],[1030,-640],[1036,-660],[1022,-662],[1017,-665],[1013,-638],[1003,-632],[999,-622],[1001,-622],[1020,-607],[1022,-598],[1026,-593],[1026,-591]]]}},{"type":"Feature","properties":{"id_case":"case_0182","registry_id_case":"case_0182"},"geometry":{"type":"Polygon","coordinates":[[[2620,-597],[2641,-597],[2641,-599],[2618,-660],[2595,-666],[2575,-658],[2574,-644],[2568,-632],[2596,-626],[2610,-614],[2609,-605],[2620,-598],[2620,-597]]]}},{"type":"Feature","properties":{"id_case":"case_0183","registry_id_case":"case_0183"},"geometry":{"type":"Polygon","coordinates":[[[1647,-630],[1682,-634],[1683,-633],[1689,-639],[1689,-648],[1683,-663],[1673,-667],[1666,-666],[1662,-665],[1662,-663],[1655,-654],[1643,-652],[1633,-654],[1622,-645],[1617,-634],[1618,-632],[1632,-633],[1647,-631],[1647,-630]]]}},{"type":"Feature","properties":{"id_case":"case_0184","registry_id_case":"case_0184"},"geometry":{"type":"Polygon","coordinates":[[[593,-601],[594,-609],[587,-620],[584,-631],[587,-636],[589,-636],[598,-643],[601,-651],[602,-663],[580,-669],[568,-647],[567,-627],[571,-616],[566,-609],[569,-608],[573,-610],[591,-604],[593,-602],[593,-601]]]}},{"type":"Feature","properties":{"id_case":"case_0185","registry_id_case":"case_0185"},"geometry":{"type":"Polygon","coordinates":[[[1259,-591],[1265,-592],[1269,-599],[1278,-602],[1294,-604],[1291,-618],[1292,-624],[1296,-631],[1307,-663],[1300,-662],[1291,-658],[1284,-658],[1278,-656],[1274,-659],[1274,-650],[1271,-641],[1272,-637],[1267,-628],[1268,-624],[1263,-617],[1262,-613],[1264,-607],[1259,-593],[1259,-591]]]}},{"type":"Feature","properties":{"id_case":"case_0186","registry_id_case":"case_0186"},"geometry":{"type":"Polygon","coordinates":[[[1858,-609],[1868,-609],[1880,-629],[1890,-633],[1921,-639],[1907,-666],[1887,-665],[1881,-655],[1862,-653],[1843,-658],[1843,-645],[1853,-638],[1844,-614],[1858,-610],[1858,-609]]]}},{"type":"Feature","properties":{"id_case":"case_0187","registry_id_case":"case_0187"},"geometry":{"type":"Polygon","coordinates":[[[2099,-606],[2140,-614],[2140,-632],[2153,-634],[2157,-633],[2161,-639],[2151,-640],[2144,-643],[2134,-639],[2116,-644],[2104,-652],[2088,-655],[2086,-663],[2084,-665],[2062,-665],[2052,-648],[2084,-624],[2085,-621],[2099,-607],[2099,-606]]]}},{"type":"Feature","properties":{"id_case":"case_0188","registry_id_case":"case_0188"},"geometry":{"type":"Polygon","coordinates":[[[1370,-626],[1410,-632],[1407,-638],[1401,-641],[1396,-646],[1393,-660],[1385,-661],[1378,-658],[1374,-664],[1370,-665],[1357,-658],[1351,-652],[1350,-649],[1363,-641],[1364,-637],[1370,-628],[1370,-626]]]}},{"type":"Feature","properties":{"id_case":"case_0189","registry_id_case":"case_0189"},"geometry":{"type":"Polygon","coordinates":[[[1414,-634],[1422,-636],[1431,-634],[1439,-658],[1432,-660],[1424,-657],[1423,-660],[1411,-658],[1411,-663],[1401,-660],[1399,-661],[1399,-652],[1405,-645],[1411,-642],[1414,-635],[1414,-634]]]}},{"type":"Feature","properties":{"id_case":"case_0191","registry_id_case":"case_0191"},"geometry":{"type":"Polygon","coordinates":[[[1060,-621],[1062,-634],[1081,-643],[1079,-644],[1078,-653],[1069,-663],[1057,-666],[1056,-669],[1052,-673],[1050,-673],[1041,-668],[1033,-641],[1045,-636],[1048,-627],[1060,-622],[1060,-621]]]}},{"type":"Feature","properties":{"id_case":"case_0192","registry_id_case":"case_0192"},"geometry":{"type":"Polygon","coordinates":[[[1323,-642],[1338,-647],[1337,-664],[1326,-677],[1322,-676],[1310,-664],[1304,-645],[1323,-643],[1323,-642]]]}},{"type":"Feature","properties":{"id_case":"case_0193","registry_id_case":"case_0193"},"geometry":{"type":"Polygon","coordinates":[[[711,-597],[712,-607],[717,-617],[716,-620],[718,-630],[713,-631],[709,-634],[708,-648],[704,-655],[679,-673],[676,-655],[673,-648],[690,-634],[699,-607],[701,-607],[711,-598],[711,-597]]]}},{"type":"Feature","properties":{"id_case":"case_0194","registry_id_case":"case_0194"},"geometry":{"type":"Polygon","coordinates":[[[1180,-629],[1184,-629],[1190,-632],[1196,-629],[1203,-633],[1203,-642],[1205,-649],[1201,-661],[1205,-666],[1203,-670],[1198,-665],[1193,-667],[1188,-662],[1183,-660],[1182,-657],[1172,-657],[1152,-652],[1142,-656],[1134,-657],[1134,-651],[1142,-648],[1146,-644],[1146,-639],[1153,-630],[1165,-633],[1169,-631],[1180,-630],[1180,-629]]]}},{"type":"Feature","properties":{"id_case":"case_0195","registry_id_case":"case_0195"},"geometry":{"type":"Polygon","coordinates":[[[565,-613],[567,-615],[568,-620],[565,-631],[565,-648],[578,-670],[574,-675],[557,-665],[542,-659],[539,-652],[545,-648],[547,-629],[560,-624],[565,-617],[565,-613]]]}},{"type":"Feature","properties":{"id_case":"case_0196","registry_id_case":"case_0196"},"geometry":{"type":"Polygon","coordinates":[[[2532,-626],[2564,-632],[2567,-634],[2571,-644],[2573,-658],[2561,-670],[2558,-667],[2549,-665],[2535,-659],[2519,-658],[2513,-661],[2501,-661],[2504,-640],[2532,-627],[2532,-626]]]}},{"type":"Feature","properties":{"id_case":"case_0197","registry_id_case":"case_0197"},"geometry":{"type":"Polygon","coordinates":[[[1840,-616],[1843,-616],[1850,-638],[1848,-638],[1841,-644],[1840,-659],[1838,-661],[1811,-673],[1797,-663],[1797,-652],[1772,-652],[1771,-629],[1803,-624],[1825,-626],[1840,-617],[1840,-616]]]}},{"type":"Feature","properties":{"id_case":"case_0198","registry_id_case":"case_0198"},"geometry":{"type":"Polygon","coordinates":[[[2643,-597],[2664,-600],[2665,-615],[2674,-619],[2659,-638],[2662,-651],[2659,-661],[2666,-675],[2633,-675],[2620,-658],[2643,-599],[2643,-597]]]}},{"type":"Feature","properties":{"id_case":"case_0199","registry_id_case":"case_0199"},"geometry":{"type":"Polygon","coordinates":[[[1709,-627],[1728,-633],[1747,-635],[1759,-634],[1769,-630],[1770,-657],[1766,-677],[1763,-676],[1763,-674],[1757,-667],[1755,-667],[1739,-655],[1714,-663],[1703,-674],[1700,-675],[1694,-669],[1686,-665],[1685,-662],[1692,-640],[1686,-633],[1709,-628],[1709,-627]]]}},{"type":"Feature","properties":{"id_case":"case_0200","registry_id_case":"case_0200"},"geometry":{"type":"Polygon","coordinates":[[[810,-620],[814,-620],[816,-630],[813,-637],[797,-647],[796,-654],[787,-668],[767,-672],[767,-667],[779,-640],[778,-635],[781,-626],[810,-621],[810,-620]]]}},{"type":"Feature","properties":{"id_case":"case_0201","registry_id_case":"case_0201"},"geometry":{"type":"Polygon","coordinates":[[[966,-637],[972,-637],[978,-664],[973,-674],[962,-672],[954,-675],[953,-680],[951,-674],[941,-660],[931,-650],[928,-649],[928,-646],[930,-643],[966,-638],[966,-637]]]}},{"type":"Feature","properties":{"id_case":"case_0202","registry_id_case":"case_0202"},"geometry":{"type":"Polygon","coordinates":[[[1487,-620],[1493,-621],[1503,-629],[1525,-640],[1539,-645],[1545,-648],[1545,-650],[1527,-665],[1508,-666],[1494,-680],[1481,-650],[1485,-645],[1491,-629],[1487,-621],[1487,-620]]]}},{"type":"Feature","properties":{"id_case":"case_0203","registry_id_case":"case_0203"},"geometry":{"type":"Polygon","coordinates":[[[769,-629],[777,-629],[776,-643],[771,-652],[762,-678],[754,-669],[751,-660],[731,-652],[734,-649],[746,-644],[756,-635],[769,-630],[769,-629]]]}},{"type":"Feature","properties":{"id_case":"case_0204","registry_id_case":"case_0204"},"geometry":{"type":"Polygon","coordinates":[[[1605,-631],[1612,-631],[1612,-640],[1614,-644],[1617,-649],[1619,-649],[1627,-657],[1633,-659],[1652,-660],[1657,-668],[1657,-681],[1652,-684],[1649,-682],[1629,-678],[1626,-676],[1626,-674],[1621,-668],[1611,-666],[1593,-656],[1605,-638],[1605,-631]]]}},{"type":"Feature","properties":{"id_case":"case_0205","registry_id_case":"case_0205"},"geometry":{"type":"Polygon","coordinates":[[[2271,-636],[2277,-636],[2279,-642],[2276,-643],[2276,-646],[2270,-657],[2266,-661],[2257,-664],[2253,-668],[2251,-677],[2243,-678],[2234,-675],[2221,-674],[2215,-676],[2204,-670],[2204,-662],[2209,-656],[2218,-655],[2222,-649],[2229,-646],[2232,-637],[2245,-640],[2271,-637],[2271,-636]]]}},{"type":"Feature","properties":{"id_case":"case_0206","registry_id_case":"case_0206"},"geometry":{"type":"Polygon","coordinates":[[[2451,-634],[2456,-634],[2464,-640],[2502,-641],[2499,-660],[2484,-661],[2478,-663],[2469,-681],[2459,-683],[2440,-676],[2438,-674],[2438,-663],[2440,-656],[2441,-641],[2447,-635],[2451,-635],[2451,-634]]]}},{"type":"Feature","properties":{"id_case":"case_0207","registry_id_case":"case_0207"},"geometry":{"type":"Polygon","coordinates":[[[2826,-599],[2830,-599],[2833,-604],[2839,-605],[2841,-614],[2845,-616],[2844,-627],[2853,-641],[2847,-656],[2851,-663],[2832,-674],[2832,-683],[2813,-683],[2814,-668],[2805,-649],[2815,-639],[2816,-634],[2813,-622],[2807,-611],[2826,-600],[2826,-599]]]}},{"type":"Feature","properties":{"id_case":"case_0208","registry_id_case":"case_0208"},"geometry":{"type":"Polygon","coordinates":[[[1379,-660],[1389,-663],[1393,-662],[1397,-664],[1405,-662],[1408,-664],[1411,-673],[1407,-677],[1407,-681],[1391,-673],[1393,-680],[1388,-679],[1383,-675],[1376,-675],[1374,-679],[1371,-675],[1365,-674],[1363,-679],[1357,-680],[1357,-677],[1354,-676],[1356,-674],[1364,-672],[1364,-664],[1372,-667],[1375,-666],[1379,-661],[1379,-660]]]}},{"type":"Feature","properties":{"id_case":"case_0209","registry_id_case":"case_0209"},"geometry":{"type":"Polygon","coordinates":[[[1433,-633],[1435,-635],[1460,-637],[1462,-663],[1466,-678],[1470,-684],[1456,-682],[1452,-683],[1439,-677],[1443,-676],[1456,-678],[1458,-671],[1462,-669],[1452,-665],[1454,-663],[1456,-656],[1450,-656],[1443,-660],[1441,-658],[1433,-636],[1433,-633]]]}},{"type":"Feature","properties":{"id_case":"case_0210","registry_id_case":"case_0210"},"geometry":{"type":"Polygon","coordinates":[[[511,-628],[519,-636],[532,-635],[541,-632],[541,-643],[538,-647],[534,-649],[532,-662],[532,-676],[529,-681],[521,-683],[514,-674],[502,-674],[488,-680],[498,-637],[511,-629],[511,-628]]]}},{"type":"Feature","properties":{"id_case":"case_0211","registry_id_case":"case_0211"},"geometry":{"type":"Polygon","coordinates":[[[1451,-658],[1453,-658],[1453,-660],[1450,-666],[1453,-669],[1457,-669],[1455,-676],[1448,-674],[1438,-674],[1435,-677],[1435,-679],[1439,-685],[1424,-681],[1420,-684],[1422,-678],[1421,-676],[1419,-674],[1413,-673],[1411,-665],[1413,-665],[1414,-662],[1412,-660],[1419,-660],[1425,-663],[1426,-659],[1435,-662],[1441,-660],[1445,-662],[1451,-659],[1451,-658]]]}},{"type":"Feature","properties":{"id_case":"case_0212","registry_id_case":"case_0212"},"geometry":{"type":"Polygon","coordinates":[[[2162,-640],[2176,-643],[2179,-645],[2180,-648],[2191,-649],[2196,-657],[2200,-659],[2198,-661],[2199,-670],[2195,-670],[2185,-678],[2175,-677],[2162,-685],[2147,-686],[2138,-672],[2126,-660],[2125,-644],[2137,-641],[2146,-645],[2162,-641],[2162,-640]]]}},{"type":"Feature","properties":{"id_case":"case_0213","registry_id_case":"case_0213"},"geometry":{"type":"Polygon","coordinates":[[[2765,-626],[2767,-637],[2784,-668],[2775,-682],[2769,-688],[2754,-693],[2750,-683],[2735,-673],[2729,-645],[2743,-631],[2765,-627],[2765,-626]]]}},{"type":"Feature","properties":{"id_case":"case_0214","registry_id_case":"case_0214"},"geometry":{"type":"Polygon","coordinates":[[[1945,-636],[1958,-638],[1964,-647],[2002,-658],[2006,-662],[2006,-675],[1977,-688],[1958,-679],[1944,-688],[1917,-650],[1923,-640],[1935,-641],[1938,-639],[1945,-639],[1945,-636]]]}},{"type":"Feature","properties":{"id_case":"case_0215","registry_id_case":"case_0215"},"geometry":{"type":"Polygon","coordinates":[[[2662,-638],[2726,-646],[2733,-673],[2720,-675],[2702,-690],[2690,-690],[2678,-684],[2668,-676],[2668,-673],[2661,-657],[2665,-647],[2662,-641],[2662,-638]]]}},{"type":"Feature","properties":{"id_case":"case_0216","registry_id_case":"case_0216"},"geometry":{"type":"Polygon","coordinates":[[[1199,-626],[1224,-631],[1240,-636],[1244,-634],[1247,-636],[1249,-640],[1251,-657],[1254,-660],[1255,-665],[1249,-687],[1246,-684],[1226,-682],[1205,-672],[1208,-663],[1203,-658],[1207,-643],[1205,-632],[1199,-629],[1199,-627],[1199,-626]]]}},{"type":"Feature","properties":{"id_case":"case_0217","registry_id_case":"case_0217"},"geometry":{"type":"Polygon","coordinates":[[[994,-625],[998,-626],[1003,-635],[1011,-639],[1015,-666],[1009,-668],[1003,-687],[985,-682],[975,-675],[979,-665],[980,-654],[974,-636],[994,-626],[994,-625]]]}},{"type":"Feature","properties":{"id_case":"case_0218","registry_id_case":"case_0218"},"geometry":{"type":"Polygon","coordinates":[[[2374,-618],[2379,-623],[2398,-629],[2398,-631],[2388,-644],[2384,-653],[2388,-670],[2383,-678],[2382,-687],[2380,-690],[2363,-679],[2366,-670],[2362,-659],[2367,-648],[2374,-621],[2374,-618]]]}},{"type":"Feature","properties":{"id_case":"case_0219","registry_id_case":"case_0219"},"geometry":{"type":"Polygon","coordinates":[[[1976,-617],[2014,-620],[2032,-633],[2034,-635],[2035,-645],[2049,-648],[2060,-666],[2056,-670],[2054,-670],[2053,-678],[2032,-683],[2022,-689],[2017,-690],[2009,-688],[2005,-678],[2010,-671],[2008,-661],[2003,-656],[1983,-651],[1982,-643],[1989,-639],[1989,-633],[1976,-618],[1976,-617]]]}},{"type":"Feature","properties":{"id_case":"case_0220","registry_id_case":"case_0220"},"geometry":{"type":"Polygon","coordinates":[[[2403,-627],[2407,-631],[2418,-632],[2431,-637],[2435,-641],[2436,-653],[2433,-666],[2428,-666],[2422,-669],[2419,-672],[2418,-678],[2414,-682],[2412,-682],[2402,-690],[2396,-691],[2384,-685],[2384,-678],[2388,-673],[2391,-664],[2386,-651],[2394,-638],[2403,-628],[2403,-627]]]}},{"type":"Feature","properties":{"id_case":"case_0221","registry_id_case":"case_0221"},"geometry":{"type":"Polygon","coordinates":[[[892,-641],[899,-641],[896,-644],[897,-653],[906,-654],[916,-648],[926,-647],[926,-649],[918,-658],[916,-664],[907,-674],[899,-676],[892,-680],[884,-687],[883,-690],[877,-683],[858,-681],[860,-676],[865,-674],[867,-668],[868,-662],[866,-652],[864,-652],[864,-649],[878,-644],[892,-642],[892,-641]]]}},{"type":"Feature","properties":{"id_case":"case_0222","registry_id_case":"case_0222"},"geometry":{"type":"Polygon","coordinates":[[[820,-654],[831,-669],[835,-668],[838,-669],[838,-671],[827,-672],[806,-680],[787,-685],[762,-689],[761,-688],[761,-683],[766,-674],[788,-670],[791,-665],[795,-666],[804,-664],[817,-659],[820,-655],[820,-654]]]}},{"type":"Feature","properties":{"id_case":"case_0223","registry_id_case":"case_0223"},"geometry":{"type":"Polygon","coordinates":[[[856,-655],[860,-655],[860,-660],[863,-666],[856,-672],[856,-674],[853,-677],[847,-678],[845,-682],[811,-693],[796,-686],[820,-679],[824,-676],[839,-673],[840,-668],[831,-666],[826,-657],[828,-659],[833,-659],[837,-656],[849,-659],[856,-656],[856,-655]]]}},{"type":"Feature","properties":{"id_case":"case_0224","registry_id_case":"case_0224"},"geometry":{"type":"Polygon","coordinates":[[[1340,-648],[1348,-650],[1355,-659],[1361,-662],[1363,-669],[1362,-671],[1356,-670],[1352,-674],[1352,-677],[1355,-678],[1353,-689],[1336,-689],[1325,-693],[1324,-687],[1326,-679],[1338,-665],[1340,-660],[1340,-648]]]}},{"type":"Feature","properties":{"id_case":"case_0225","registry_id_case":"case_0225"},"geometry":{"type":"Polygon","coordinates":[[[628,-619],[637,-634],[649,-636],[648,-643],[652,-656],[651,-665],[655,-671],[656,-679],[653,-683],[650,-697],[644,-696],[641,-680],[631,-669],[631,-660],[628,-648],[622,-637],[628,-622],[628,-619]]]}},{"type":"Feature","properties":{"id_case":"case_0226","registry_id_case":"case_0226"},"geometry":{"type":"Polygon","coordinates":[[[1548,-650],[1558,-653],[1575,-655],[1594,-650],[1582,-665],[1578,-679],[1576,-695],[1560,-691],[1559,-682],[1557,-680],[1547,-677],[1533,-682],[1532,-681],[1528,-667],[1548,-651],[1548,-650]]]}},{"type":"Feature","properties":{"id_case":"case_0227","registry_id_case":"case_0227"},"geometry":{"type":"Polygon","coordinates":[[[2299,-635],[2305,-636],[2309,-640],[2315,-641],[2327,-652],[2333,-651],[2336,-657],[2342,-658],[2342,-672],[2338,-682],[2333,-688],[2321,-691],[2313,-695],[2274,-688],[2257,-679],[2258,-670],[2267,-667],[2274,-661],[2274,-658],[2281,-645],[2285,-645],[2298,-638],[2299,-636],[2299,-635]]]}},{"type":"Feature","properties":{"id_case":"case_0228","registry_id_case":"case_0228"},"geometry":{"type":"Polygon","coordinates":[[[1083,-644],[1109,-647],[1127,-656],[1122,-660],[1110,-662],[1107,-668],[1096,-677],[1092,-695],[1088,-695],[1081,-689],[1072,-686],[1069,-681],[1062,-680],[1058,-677],[1053,-676],[1053,-674],[1058,-668],[1069,-666],[1074,-661],[1074,-659],[1077,-656],[1079,-656],[1081,-646],[1083,-645],[1083,-644]]]}},{"type":"Feature","properties":{"id_case":"case_0229","registry_id_case":"case_0229"},"geometry":{"type":"Polygon","coordinates":[[[1772,-654],[1795,-654],[1794,-663],[1810,-675],[1802,-683],[1801,-692],[1787,-698],[1771,-701],[1767,-677],[1772,-658],[1772,-654]]]}},{"type":"Feature","properties":{"id_case":"case_0230","registry_id_case":"case_0230"},"geometry":{"type":"Polygon","coordinates":[[[728,-655],[733,-655],[749,-662],[751,-670],[759,-679],[759,-688],[761,-691],[763,-691],[759,-699],[756,-699],[746,-693],[718,-692],[712,-689],[714,-688],[721,-672],[722,-664],[728,-656],[728,-655]]]}},{"type":"Feature","properties":{"id_case":"case_0231","registry_id_case":"case_0231"},"geometry":{"type":"Polygon","coordinates":[[[1591,-657],[1605,-665],[1618,-669],[1622,-672],[1626,-679],[1617,-694],[1603,-699],[1597,-696],[1578,-696],[1579,-681],[1583,-666],[1591,-658],[1591,-657]]]}},{"type":"Feature","properties":{"id_case":"case_0232","registry_id_case":"case_0232"},"geometry":{"type":"Polygon","coordinates":[[[2121,-645],[2123,-645],[2123,-661],[2132,-670],[2134,-670],[2134,-672],[2145,-687],[2140,-690],[2137,-698],[2132,-700],[2128,-704],[2123,-700],[2111,-700],[2106,-695],[2097,-690],[2080,-685],[2080,-667],[2086,-666],[2088,-664],[2088,-660],[2090,-657],[2105,-655],[2116,-647],[2121,-646],[2121,-645]]]}},{"type":"Feature","properties":{"id_case":"case_0233","registry_id_case":"case_0233"},"geometry":{"type":"Polygon","coordinates":[[[2574,-660],[2599,-668],[2619,-661],[2620,-664],[2631,-676],[2633,-703],[2626,-702],[2612,-706],[2607,-703],[2605,-698],[2597,-697],[2589,-700],[2582,-697],[2580,-695],[2580,-687],[2578,-685],[2565,-684],[2563,-682],[2561,-672],[2574,-661],[2574,-660]]]}},{"type":"Feature","properties":{"id_case":"case_0234","registry_id_case":"case_0234"},"geometry":{"type":"Polygon","coordinates":[[[620,-639],[625,-649],[629,-662],[627,-669],[633,-676],[620,-694],[609,-705],[607,-702],[604,-680],[607,-672],[603,-663],[604,-654],[606,-654],[620,-640],[620,-639]]]}},{"type":"Feature","properties":{"id_case":"case_0235","registry_id_case":"case_0235"},"geometry":{"type":"Polygon","coordinates":[[[1862,-655],[1877,-656],[1881,-658],[1885,-666],[1886,-672],[1884,-689],[1882,-693],[1875,-695],[1870,-700],[1840,-703],[1828,-699],[1824,-691],[1803,-691],[1804,-684],[1813,-675],[1829,-668],[1842,-660],[1844,-661],[1862,-656],[1862,-655]]]}},{"type":"Feature","properties":{"id_case":"case_0236","registry_id_case":"case_0236"},"geometry":{"type":"Polygon","coordinates":[[[538,-656],[541,-661],[554,-665],[573,-677],[573,-684],[570,-693],[569,-703],[532,-697],[529,-690],[531,-687],[533,-687],[533,-682],[538,-676],[538,-656]]]}},{"type":"Feature","properties":{"id_case":"case_0237","registry_id_case":"case_0237"},"geometry":{"type":"Polygon","coordinates":[[[85,-694],[90,-694],[94,-696],[94,-704],[84,-705],[81,-702],[81,-696],[85,-695],[85,-694]]]}},{"type":"Feature","properties":{"id_case":"case_0238","registry_id_case":"case_0238"},"geometry":{"type":"Polygon","coordinates":[[[717,-632],[719,-632],[721,-654],[717,-662],[715,-671],[708,-684],[688,-697],[668,-702],[670,-693],[676,-685],[679,-675],[687,-671],[707,-655],[710,-648],[711,-635],[717,-633],[717,-632]]]}},{"type":"Feature","properties":{"id_case":"case_0239","registry_id_case":"case_0239"},"geometry":{"type":"Polygon","coordinates":[[[652,-614],[656,-616],[656,-618],[663,-627],[665,-639],[673,-656],[677,-677],[675,-684],[669,-692],[665,-704],[655,-705],[652,-704],[652,-692],[657,-679],[658,-669],[654,-664],[654,-652],[650,-639],[652,-619],[652,-614]]]}},{"type":"Feature","properties":{"id_case":"case_0240","registry_id_case":"case_0240"},"geometry":{"type":"Polygon","coordinates":[[[1739,-657],[1741,-657],[1759,-672],[1764,-681],[1769,-702],[1751,-708],[1736,-703],[1735,-702],[1738,-694],[1736,-694],[1722,-684],[1716,-665],[1739,-658],[1739,-657]]]}},{"type":"Feature","properties":{"id_case":"case_0241","registry_id_case":"case_0241"},"geometry":{"type":"Polygon","coordinates":[[[1478,-652],[1480,-652],[1496,-689],[1498,-708],[1497,-714],[1491,-708],[1489,-708],[1486,-700],[1480,-692],[1470,-669],[1468,-653],[1478,-653],[1478,-652]]]}},{"type":"Feature","properties":{"id_case":"case_0242","registry_id_case":"case_0242"},"geometry":{"type":"Polygon","coordinates":[[[962,-674],[968,-674],[984,-683],[1002,-689],[1007,-698],[1015,-699],[1017,-704],[1015,-706],[1008,-708],[1003,-715],[988,-717],[984,-714],[982,-707],[980,-707],[967,-695],[957,-690],[955,-679],[956,-677],[962,-675],[962,-674]]]}},{"type":"Feature","properties":{"id_case":"case_0243","registry_id_case":"case_0243"},"geometry":{"type":"Polygon","coordinates":[[[1252,-639],[1260,-639],[1266,-645],[1267,-656],[1275,-684],[1286,-710],[1266,-702],[1252,-699],[1252,-679],[1255,-672],[1257,-659],[1254,-656],[1252,-650],[1252,-639]]]}},{"type":"Feature","properties":{"id_case":"case_0244","registry_id_case":"case_0244"},"geometry":{"type":"Polygon","coordinates":[[[2523,-663],[2533,-663],[2539,-666],[2529,-703],[2529,-713],[2511,-707],[2508,-699],[2493,-695],[2474,-684],[2479,-670],[2482,-667],[2500,-666],[2514,-668],[2523,-664],[2523,-663]]]}},{"type":"Feature","properties":{"id_case":"case_0245","registry_id_case":"case_0245"},"geometry":{"type":"Polygon","coordinates":[[[503,-676],[512,-676],[520,-685],[526,-684],[523,-687],[525,-700],[520,-706],[517,-706],[510,-711],[495,-712],[487,-683],[503,-677],[503,-676]]]}},{"type":"Feature","properties":{"id_case":"case_0246","registry_id_case":"case_0246"},"geometry":{"type":"Polygon","coordinates":[[[926,-651],[930,-652],[939,-661],[939,-663],[948,-675],[951,-683],[917,-696],[912,-704],[901,-715],[899,-715],[887,-707],[887,-695],[885,-690],[889,-685],[908,-676],[914,-670],[920,-658],[926,-652],[926,-651]]]}},{"type":"Feature","properties":{"id_case":"case_0247","registry_id_case":"case_0247"},"geometry":{"type":"Polygon","coordinates":[[[1681,-666],[1685,-666],[1692,-669],[1701,-677],[1697,-688],[1705,-699],[1703,-704],[1687,-706],[1663,-714],[1658,-709],[1655,-691],[1656,-687],[1662,-683],[1663,-667],[1678,-669],[1681,-667],[1681,-666]]]}},{"type":"Feature","properties":{"id_case":"case_0248","registry_id_case":"case_0248"},"geometry":{"type":"Polygon","coordinates":[[[1112,-667],[1120,-667],[1130,-680],[1139,-684],[1143,-685],[1151,-681],[1160,-681],[1165,-686],[1166,-696],[1165,-701],[1161,-707],[1146,-710],[1136,-707],[1128,-709],[1117,-707],[1104,-708],[1100,-701],[1096,-701],[1097,-693],[1100,-692],[1099,-683],[1103,-677],[1107,-676],[1110,-673],[1112,-669],[1112,-667]]]}},{"type":"Feature","properties":{"id_case":"case_0249","registry_id_case":"case_0249"},"geometry":{"type":"Polygon","coordinates":[[[1442,-683],[1452,-687],[1461,-687],[1473,-690],[1472,-696],[1474,-707],[1472,-713],[1459,-708],[1452,-707],[1440,-709],[1432,-708],[1436,-696],[1441,-689],[1442,-685],[1442,-683]]]}},{"type":"Feature","properties":{"id_case":"case_0250","registry_id_case":"case_0250"},"geometry":{"type":"Polygon","coordinates":[[[1152,-655],[1171,-658],[1177,-662],[1181,-669],[1189,-694],[1187,-698],[1183,-699],[1165,-711],[1159,-713],[1157,-711],[1163,-708],[1166,-701],[1168,-688],[1167,-685],[1162,-679],[1150,-678],[1140,-683],[1131,-678],[1131,-676],[1123,-665],[1132,-660],[1143,-659],[1152,-656],[1152,-655]]]}},{"type":"Feature","properties":{"id_case":"case_0251","registry_id_case":"case_0251"},"geometry":{"type":"Polygon","coordinates":[[[1278,-659],[1290,-659],[1298,-663],[1309,-665],[1324,-680],[1322,-693],[1323,-695],[1320,-702],[1319,-713],[1321,-722],[1300,-719],[1296,-723],[1295,-714],[1288,-700],[1282,-677],[1278,-669],[1276,-661],[1278,-660],[1278,-659]]]}},{"type":"Feature","properties":{"id_case":"case_0252","registry_id_case":"case_0252"},"geometry":{"type":"Polygon","coordinates":[[[464,-646],[469,-647],[479,-656],[492,-660],[486,-679],[485,-688],[487,-698],[493,-713],[491,-713],[482,-720],[482,-717],[480,-715],[474,-715],[469,-718],[467,-716],[463,-664],[464,-648],[464,-646]]]}},{"type":"Feature","properties":{"id_case":"case_0253","registry_id_case":"case_0253"},"geometry":{"type":"Polygon","coordinates":[[[1412,-674],[1417,-675],[1420,-678],[1418,-685],[1419,-686],[1429,-683],[1440,-687],[1437,-690],[1425,-718],[1410,-714],[1397,-706],[1396,-685],[1394,-676],[1398,-677],[1402,-681],[1409,-683],[1408,-678],[1412,-675],[1412,-674]]]}},{"type":"Feature","properties":{"id_case":"case_0254","registry_id_case":"case_0254"},"geometry":{"type":"Polygon","coordinates":[[[2634,-677],[2667,-677],[2677,-685],[2689,-691],[2700,-693],[2695,-716],[2694,-718],[2692,-718],[2692,-716],[2687,-715],[2681,-711],[2671,-710],[2669,-708],[2645,-702],[2636,-705],[2634,-687],[2634,-677]]]}},{"type":"Feature","properties":{"id_case":"case_0255","registry_id_case":"case_0255"},"geometry":{"type":"Polygon","coordinates":[[[2062,-667],[2078,-667],[2078,-680],[2077,-686],[2074,-689],[2073,-698],[2074,-704],[2052,-718],[2045,-719],[2005,-714],[1981,-691],[1981,-689],[2003,-680],[2006,-688],[2023,-692],[2033,-686],[2048,-683],[2054,-680],[2056,-672],[2059,-671],[2060,-668],[2062,-668],[2062,-667]]]}},{"type":"Feature","properties":{"id_case":"case_0256","registry_id_case":"case_0256"},"geometry":{"type":"Polygon","coordinates":[[[1627,-679],[1640,-681],[1651,-685],[1650,-701],[1653,-711],[1659,-715],[1657,-717],[1655,-718],[1651,-714],[1635,-714],[1626,-705],[1626,-703],[1619,-694],[1627,-681],[1627,-679]]]}},{"type":"Feature","properties":{"id_case":"case_0257","registry_id_case":"case_0257"},"geometry":{"type":"Polygon","coordinates":[[[598,-666],[603,-666],[605,-676],[603,-679],[602,-691],[604,-703],[611,-713],[593,-714],[585,-721],[572,-703],[571,-695],[575,-677],[580,-671],[598,-667],[598,-666]]]}},{"type":"Feature","properties":{"id_case":"case_0258","registry_id_case":"case_0258"},"geometry":{"type":"Polygon","coordinates":[[[634,-677],[636,-677],[639,-680],[642,-697],[649,-699],[648,-709],[642,-718],[628,-720],[618,-718],[610,-706],[620,-696],[634,-678],[634,-677]]]}},{"type":"Feature","properties":{"id_case":"case_0259","registry_id_case":"case_0259"},"geometry":{"type":"Polygon","coordinates":[[[1030,-663],[1036,-663],[1041,-671],[1052,-676],[1052,-681],[1048,-685],[1046,-685],[1042,-691],[1041,-700],[1045,-709],[1047,-719],[1029,-714],[1017,-707],[1019,-705],[1019,-700],[1016,-697],[1010,-696],[1006,-689],[1006,-680],[1010,-671],[1020,-666],[1030,-664],[1030,-663]]]}},{"type":"Feature","properties":{"id_case":"case_0260","registry_id_case":"case_0260"},"geometry":{"type":"Polygon","coordinates":[[[2344,-660],[2360,-661],[2364,-672],[2359,-682],[2336,-721],[2314,-718],[2317,-696],[2334,-690],[2337,-687],[2344,-673],[2344,-660]]]}},{"type":"Feature","properties":{"id_case":"case_0261","registry_id_case":"case_0261"},"geometry":{"type":"Polygon","coordinates":[[[1367,-676],[1370,-677],[1372,-682],[1375,-682],[1377,-678],[1385,-678],[1393,-683],[1395,-706],[1389,-712],[1379,-729],[1377,-716],[1375,-716],[1367,-708],[1367,-706],[1356,-691],[1355,-687],[1358,-681],[1363,-681],[1367,-677],[1367,-676]]]}},{"type":"Feature","properties":{"id_case":"case_0262","registry_id_case":"case_0262"},"geometry":{"type":"Polygon","coordinates":[[[2786,-669],[2811,-670],[2811,-685],[2832,-685],[2821,-713],[2806,-731],[2796,-733],[2790,-718],[2778,-705],[2771,-688],[2786,-670],[2786,-669]]]}},{"type":"Feature","properties":{"id_case":"case_0263","registry_id_case":"case_0263"},"geometry":{"type":"Polygon","coordinates":[[[2429,-668],[2433,-668],[2433,-675],[2439,-682],[2459,-687],[2469,-688],[2474,-686],[2489,-695],[2489,-698],[2477,-722],[2467,-733],[2440,-721],[2427,-711],[2424,-703],[2424,-687],[2420,-676],[2422,-672],[2429,-669],[2429,-668]]]}},{"type":"Feature","properties":{"id_case":"case_0264","registry_id_case":"case_0264"},"geometry":{"type":"Polygon","coordinates":[[[1054,-678],[1057,-678],[1061,-681],[1068,-683],[1071,-688],[1079,-690],[1091,-698],[1085,-711],[1086,-716],[1083,-720],[1082,-733],[1056,-726],[1049,-722],[1049,-713],[1043,-692],[1047,-687],[1049,-687],[1054,-682],[1054,-678]]]}},{"type":"Feature","properties":{"id_case":"case_0265","registry_id_case":"case_0265"},"geometry":{"type":"Polygon","coordinates":[[[840,-685],[842,-685],[840,-701],[848,-711],[851,-719],[832,-722],[823,-726],[816,-723],[811,-718],[807,-717],[807,-714],[804,-711],[797,-712],[789,-707],[779,-705],[771,-707],[765,-711],[761,-699],[763,-699],[765,-691],[770,-690],[795,-687],[807,-693],[815,-695],[840,-686],[840,-685]]]}},{"type":"Feature","properties":{"id_case":"case_0266","registry_id_case":"case_0266"},"geometry":{"type":"Polygon","coordinates":[[[1915,-654],[1919,-656],[1919,-658],[1943,-690],[1929,-698],[1928,-713],[1921,-723],[1905,-733],[1888,-712],[1886,-712],[1872,-702],[1877,-697],[1885,-694],[1888,-668],[1908,-669],[1915,-656],[1915,-654]]]}},{"type":"Feature","properties":{"id_case":"case_0267","registry_id_case":"case_0267"},"geometry":{"type":"Polygon","coordinates":[[[530,-699],[537,-699],[569,-705],[583,-722],[578,-723],[572,-729],[565,-724],[547,-724],[542,-719],[537,-718],[535,-716],[534,-712],[529,-707],[528,-703],[530,-702],[530,-699]]]}},{"type":"Feature","properties":{"id_case":"case_0268","registry_id_case":"case_0268"},"geometry":{"type":"Polygon","coordinates":[[[1177,-659],[1180,-659],[1192,-668],[1198,-668],[1202,-672],[1225,-683],[1243,-685],[1249,-689],[1249,-700],[1245,-705],[1244,-709],[1247,-724],[1244,-725],[1243,-729],[1234,-719],[1213,-714],[1214,-706],[1210,-696],[1191,-694],[1192,-691],[1184,-667],[1177,-660],[1177,-659]]]}},{"type":"Feature","properties":{"id_case":"case_0269","registry_id_case":"case_0269"},"geometry":{"type":"Polygon","coordinates":[[[952,-684],[956,-691],[944,-712],[944,-727],[930,-728],[918,-722],[916,-717],[903,-717],[903,-715],[918,-698],[938,-692],[952,-685],[952,-684]]]}},{"type":"Feature","properties":{"id_case":"case_0270","registry_id_case":"case_0270"},"geometry":{"type":"Polygon","coordinates":[[[1545,-680],[1551,-680],[1556,-682],[1558,-692],[1575,-698],[1572,-711],[1584,-716],[1578,-725],[1577,-732],[1572,-731],[1563,-724],[1532,-718],[1533,-706],[1528,-699],[1526,-693],[1533,-684],[1545,-681],[1545,-680]]]}},{"type":"Feature","properties":{"id_case":"case_0271","registry_id_case":"case_0271"},"geometry":{"type":"Polygon","coordinates":[[[2196,-675],[2205,-675],[2213,-680],[2221,-681],[2232,-679],[2240,-682],[2249,-683],[2256,-680],[2272,-689],[2267,-701],[2272,-711],[2202,-726],[2183,-719],[2189,-708],[2192,-697],[2189,-682],[2196,-676],[2196,-675]]]}},{"type":"Feature","properties":{"id_case":"case_0272","registry_id_case":"case_0272"},"geometry":{"type":"Polygon","coordinates":[[[1204,-697],[1209,-699],[1212,-710],[1211,-718],[1207,-729],[1197,-728],[1189,-731],[1164,-722],[1165,-717],[1169,-716],[1193,-700],[1204,-698],[1204,-697]]]}},{"type":"Feature","properties":{"id_case":"case_0273","registry_id_case":"case_0273"},"geometry":{"type":"Polygon","coordinates":[[[682,-701],[686,-701],[678,-713],[673,-715],[655,-731],[656,-724],[648,-713],[651,-706],[663,-707],[682,-702],[682,-701]]]}},{"type":"Feature","properties":{"id_case":"case_0274","registry_id_case":"case_0274"},"geometry":{"type":"Polygon","coordinates":[[[1802,-693],[1823,-693],[1827,-701],[1839,-704],[1834,-718],[1841,-739],[1821,-731],[1813,-735],[1791,-725],[1787,-700],[1802,-694],[1802,-693]]]}},{"type":"Feature","properties":{"id_case":"case_0275","registry_id_case":"case_0275"},"geometry":{"type":"Polygon","coordinates":[[[2541,-668],[2545,-668],[2556,-673],[2557,-682],[2559,-686],[2574,-689],[2575,-697],[2578,-702],[2587,-704],[2582,-734],[2554,-733],[2544,-719],[2541,-719],[2531,-714],[2530,-703],[2541,-669],[2541,-668]]]}},{"type":"Feature","properties":{"id_case":"case_0276","registry_id_case":"case_0276"},"geometry":{"type":"Polygon","coordinates":[[[1713,-667],[1720,-684],[1724,-688],[1726,-688],[1736,-695],[1733,-704],[1750,-709],[1751,-736],[1716,-735],[1716,-732],[1712,-724],[1695,-717],[1692,-707],[1703,-706],[1705,-704],[1707,-697],[1699,-685],[1703,-676],[1705,-676],[1713,-668],[1713,-667]]]}},{"type":"Feature","properties":{"id_case":"case_0277","registry_id_case":"case_0277"},"geometry":{"type":"Polygon","coordinates":[[[1510,-668],[1526,-668],[1531,-684],[1523,-696],[1530,-707],[1531,-713],[1529,-726],[1523,-737],[1521,-732],[1514,-725],[1506,-723],[1499,-716],[1500,-693],[1496,-681],[1508,-669],[1510,-669],[1510,-668]]]}},{"type":"Feature","properties":{"id_case":"case_0278","registry_id_case":"case_0278"},"geometry":{"type":"Polygon","coordinates":[[[2850,-665],[2853,-665],[2862,-673],[2862,-678],[2865,-679],[2864,-685],[2866,-694],[2879,-703],[2882,-715],[2880,-720],[2857,-719],[2852,-731],[2843,-736],[2822,-715],[2822,-713],[2834,-685],[2834,-675],[2850,-666],[2850,-665]]]}},{"type":"Feature","properties":{"id_case":"case_0279","registry_id_case":"case_0279"},"geometry":{"type":"Polygon","coordinates":[[[957,-693],[966,-696],[973,-702],[981,-710],[982,-715],[986,-717],[986,-719],[983,-727],[978,-732],[969,-736],[955,-738],[948,-734],[945,-716],[949,-706],[955,-696],[957,-695],[957,-693]]]}},{"type":"Feature","properties":{"id_case":"case_0280","registry_id_case":"case_0280"},"geometry":{"type":"Polygon","coordinates":[[[2731,-675],[2735,-675],[2747,-683],[2752,-694],[2746,-695],[2731,-705],[2734,-738],[2714,-736],[2698,-725],[2696,-717],[2702,-694],[2706,-689],[2708,-689],[2721,-678],[2731,-676],[2731,-675]]]}},{"type":"Feature","properties":{"id_case":"case_0281","registry_id_case":"case_0281"},"geometry":{"type":"Polygon","coordinates":[[[2178,-682],[2187,-684],[2190,-702],[2187,-710],[2180,-719],[2166,-727],[2141,-737],[2127,-726],[2127,-721],[2124,-718],[2126,-718],[2128,-711],[2131,-708],[2133,-708],[2141,-702],[2146,-692],[2163,-692],[2172,-688],[2178,-683],[2178,-682]]]}},{"type":"Feature","properties":{"id_case":"case_0282","registry_id_case":"case_0282"},"geometry":{"type":"Polygon","coordinates":[[[1629,-711],[1634,-716],[1650,-715],[1658,-721],[1660,-717],[1665,-722],[1667,-726],[1666,-731],[1669,-734],[1671,-734],[1671,-737],[1659,-738],[1648,-741],[1636,-738],[1636,-733],[1622,-725],[1623,-721],[1629,-712],[1629,-711]]]}},{"type":"Feature","properties":{"id_case":"case_0283","registry_id_case":"case_0283"},"geometry":{"type":"Polygon","coordinates":[[[1615,-696],[1618,-696],[1618,-698],[1627,-711],[1621,-723],[1609,-725],[1593,-737],[1579,-733],[1580,-724],[1587,-715],[1574,-709],[1577,-698],[1596,-697],[1606,-701],[1615,-697],[1615,-696]]]}},{"type":"Feature","properties":{"id_case":"case_0284","registry_id_case":"case_0284"},"geometry":{"type":"Polygon","coordinates":[[[611,-714],[613,-714],[617,-720],[633,-723],[639,-722],[647,-717],[651,-721],[654,-728],[653,-733],[635,-738],[608,-741],[603,-737],[595,-734],[587,-738],[574,-731],[579,-726],[588,-723],[594,-717],[611,-715],[611,-714]]]}},{"type":"Feature","properties":{"id_case":"case_0285","registry_id_case":"case_0285"},"geometry":{"type":"Polygon","coordinates":[[[1337,-691],[1353,-691],[1353,-693],[1366,-710],[1374,-718],[1375,-733],[1343,-720],[1333,-733],[1336,-738],[1333,-744],[1330,-743],[1323,-720],[1321,-703],[1325,-695],[1337,-692],[1337,-691]]]}},{"type":"Feature","properties":{"id_case":"case_0286","registry_id_case":"case_0286"},"geometry":{"type":"Polygon","coordinates":[[[2765,-691],[2770,-692],[2775,-706],[2786,-717],[2794,-734],[2787,-735],[2771,-743],[2763,-739],[2763,-736],[2760,-733],[2746,-732],[2743,-735],[2737,-737],[2736,-718],[2733,-706],[2747,-698],[2765,-692],[2765,-691]]]}},{"type":"Feature","properties":{"id_case":"case_0287","registry_id_case":"case_0287"},"geometry":{"type":"Polygon","coordinates":[[[2361,-681],[2365,-682],[2378,-691],[2378,-694],[2370,-710],[2369,-718],[2373,-724],[2375,-737],[2370,-744],[2366,-743],[2356,-733],[2348,-729],[2338,-729],[2338,-720],[2361,-682],[2361,-681]]]}},{"type":"Feature","properties":{"id_case":"case_0288","registry_id_case":"case_0288"},"geometry":{"type":"Polygon","coordinates":[[[1014,-708],[1027,-715],[1048,-722],[1046,-727],[1039,-735],[1035,-748],[1013,-745],[1006,-742],[1005,-739],[1000,-737],[1000,-728],[1005,-716],[1009,-710],[1014,-709],[1014,-708]]]}},{"type":"Feature","properties":{"id_case":"case_0289","registry_id_case":"case_0289"},"geometry":{"type":"Polygon","coordinates":[[[1396,-707],[1407,-714],[1406,-746],[1385,-742],[1378,-735],[1388,-716],[1396,-708],[1396,-707]]]}},{"type":"Feature","properties":{"id_case":"case_0290","registry_id_case":"case_0290"},"geometry":{"type":"Polygon","coordinates":[[[853,-682],[877,-686],[884,-696],[885,-708],[877,-721],[867,-721],[861,-724],[864,-736],[858,-749],[855,-734],[857,-723],[856,-712],[851,-702],[846,-699],[847,-689],[849,-685],[853,-683],[853,-682]]]}},{"type":"Feature","properties":{"id_case":"case_0291","registry_id_case":"case_0291"},"geometry":{"type":"Polygon","coordinates":[[[1250,-701],[1266,-703],[1286,-712],[1288,-714],[1289,-722],[1293,-728],[1295,-744],[1281,-747],[1269,-755],[1265,-739],[1249,-725],[1249,-715],[1246,-706],[1250,-702],[1250,-701]]]}},{"type":"Feature","properties":{"id_case":"case_0292","registry_id_case":"case_0292"},"geometry":{"type":"Polygon","coordinates":[[[2078,-687],[2098,-692],[2104,-695],[2110,-701],[2122,-701],[2127,-705],[2123,-708],[2122,-714],[2118,-716],[2118,-721],[2121,-722],[2118,-724],[2118,-728],[2116,-731],[2103,-735],[2101,-739],[2091,-743],[2088,-746],[2073,-751],[2061,-736],[2053,-720],[2055,-720],[2077,-704],[2075,-690],[2078,-688],[2078,-687]]]}},{"type":"Feature","properties":{"id_case":"case_0293","registry_id_case":"case_0293"},"geometry":{"type":"Polygon","coordinates":[[[1475,-697],[1486,-713],[1488,-713],[1500,-724],[1515,-733],[1520,-745],[1499,-753],[1475,-738],[1473,-736],[1472,-729],[1476,-722],[1473,-714],[1475,-700],[1475,-697]]]}},{"type":"Feature","properties":{"id_case":"case_0294","registry_id_case":"case_0294"},"geometry":{"type":"Polygon","coordinates":[[[2598,-703],[2602,-703],[2605,-709],[2619,-711],[2633,-708],[2643,-710],[2649,-708],[2646,-728],[2648,-734],[2632,-755],[2613,-752],[2600,-755],[2586,-737],[2584,-732],[2588,-707],[2589,-705],[2598,-704],[2598,-703]]]}},{"type":"Feature","properties":{"id_case":"case_0295","registry_id_case":"case_0295"},"geometry":{"type":"Polygon","coordinates":[[[886,-709],[900,-717],[900,-719],[911,-718],[915,-719],[918,-725],[923,-725],[929,-729],[944,-729],[946,-738],[943,-739],[928,-754],[914,-755],[911,-747],[897,-737],[891,-736],[881,-739],[878,-738],[880,-720],[886,-711],[886,-709]]]}},{"type":"Feature","properties":{"id_case":"case_0296","registry_id_case":"case_0296"},"geometry":{"type":"Polygon","coordinates":[[[1095,-703],[1099,-703],[1102,-709],[1108,-711],[1120,-709],[1130,-711],[1129,-717],[1124,-722],[1110,-730],[1108,-740],[1099,-750],[1086,-746],[1087,-723],[1090,-717],[1091,-708],[1095,-704],[1095,-703]]]}},{"type":"Feature","properties":{"id_case":"case_0297","registry_id_case":"case_0297"},"geometry":{"type":"Polygon","coordinates":[[[2417,-681],[2419,-681],[2420,-686],[2421,-704],[2427,-715],[2401,-748],[2382,-752],[2372,-752],[2371,-746],[2376,-737],[2377,-730],[2376,-723],[2371,-711],[2383,-687],[2395,-692],[2403,-693],[2417,-682],[2417,-681]]]}},{"type":"Feature","properties":{"id_case":"case_0298","registry_id_case":"case_0298"},"geometry":{"type":"Polygon","coordinates":[[[709,-690],[717,-693],[745,-694],[756,-701],[752,-705],[743,-733],[742,-750],[744,-754],[728,-756],[729,-746],[724,-739],[725,-729],[722,-725],[714,-724],[697,-729],[694,-727],[692,-715],[694,-711],[695,-700],[703,-697],[709,-692],[709,-690]]]}},{"type":"Feature","properties":{"id_case":"case_0299","registry_id_case":"case_0299"},"geometry":{"type":"Polygon","coordinates":[[[1784,-701],[1789,-727],[1810,-735],[1812,-736],[1812,-738],[1798,-754],[1771,-759],[1763,-753],[1763,-751],[1755,-740],[1752,-710],[1769,-704],[1784,-702],[1784,-701]]]}},{"type":"Feature","properties":{"id_case":"case_0300","registry_id_case":"case_0300"},"geometry":{"type":"Polygon","coordinates":[[[521,-707],[529,-720],[526,-733],[533,-750],[533,-758],[526,-757],[521,-754],[514,-747],[514,-745],[508,-738],[505,-738],[501,-735],[486,-734],[482,-731],[484,-724],[483,-723],[488,-718],[494,-715],[509,-715],[521,-708],[521,-707]]]}},{"type":"Feature","properties":{"id_case":"case_0301","registry_id_case":"case_0301"},"geometry":{"type":"Polygon","coordinates":[[[1409,-715],[1424,-720],[1429,-730],[1439,-736],[1437,-745],[1425,-751],[1418,-758],[1412,-756],[1409,-748],[1409,-735],[1409,-715]]]}},{"type":"Feature","properties":{"id_case":"case_0302","registry_id_case":"case_0302"},"geometry":{"type":"Polygon","coordinates":[[[1532,-720],[1562,-725],[1571,-732],[1594,-739],[1595,-745],[1593,-758],[1592,-759],[1583,-756],[1572,-755],[1564,-759],[1554,-760],[1548,-758],[1542,-750],[1526,-747],[1524,-737],[1532,-721],[1532,-720]]]}},{"type":"Feature","properties":{"id_case":"case_0303","registry_id_case":"case_0303"},"geometry":{"type":"Polygon","coordinates":[[[2274,-690],[2315,-697],[2312,-718],[2306,-722],[2304,-729],[2305,-736],[2301,-745],[2301,-752],[2275,-763],[2266,-758],[2259,-742],[2263,-730],[2260,-729],[2249,-719],[2274,-712],[2274,-709],[2269,-699],[2274,-691],[2274,-690]]]}},{"type":"Feature","properties":{"id_case":"case_0304","registry_id_case":"case_0304"},"geometry":{"type":"Polygon","coordinates":[[[2820,-717],[2822,-717],[2840,-735],[2843,-741],[2841,-758],[2842,-761],[2824,-761],[2813,-763],[2805,-759],[2796,-757],[2793,-754],[2785,-751],[2779,-753],[2773,-750],[2772,-745],[2788,-738],[2807,-733],[2809,-729],[2820,-718],[2820,-717]]]}},{"type":"Feature","properties":{"id_case":"case_0305","registry_id_case":"case_0305"},"geometry":{"type":"Polygon","coordinates":[[[868,-723],[876,-723],[878,-725],[876,-739],[877,-740],[887,-741],[890,-743],[890,-750],[887,-759],[880,-761],[880,-758],[875,-751],[861,-750],[861,-746],[866,-733],[863,-725],[868,-724],[868,-723]]]}},{"type":"Feature","properties":{"id_case":"case_0306","registry_id_case":"case_0306"},"geometry":{"type":"Polygon","coordinates":[[[2858,-721],[2870,-721],[2880,-723],[2881,-740],[2889,-748],[2894,-749],[2895,-754],[2891,-760],[2873,-764],[2849,-757],[2844,-759],[2843,-748],[2845,-738],[2847,-738],[2854,-732],[2856,-725],[2858,-723],[2858,-721]]]}},{"type":"Feature","properties":{"id_case":"case_0307","registry_id_case":"case_0307"},"geometry":{"type":"Polygon","coordinates":[[[1136,-709],[1157,-713],[1160,-715],[1159,-723],[1154,-730],[1150,-743],[1133,-761],[1107,-760],[1107,-758],[1101,-750],[1109,-741],[1112,-731],[1119,-729],[1130,-719],[1133,-711],[1136,-710],[1136,-709]]]}},{"type":"Feature","properties":{"id_case":"case_0308","registry_id_case":"case_0308"},"geometry":{"type":"Polygon","coordinates":[[[1456,-709],[1459,-709],[1471,-715],[1473,-725],[1470,-733],[1471,-736],[1464,-746],[1462,-758],[1460,-761],[1457,-755],[1457,-748],[1449,-734],[1439,-734],[1434,-731],[1431,-729],[1426,-719],[1431,-710],[1456,-710],[1456,-709]]]}},{"type":"Feature","properties":{"id_case":"case_0309","registry_id_case":"case_0309"},"geometry":{"type":"Polygon","coordinates":[[[845,-725],[851,-725],[849,-742],[851,-751],[847,-758],[837,-759],[814,-757],[806,-759],[806,-745],[811,-727],[827,-731],[829,-729],[845,-726],[845,-725]]]}},{"type":"Feature","properties":{"id_case":"case_0310","registry_id_case":"case_0310"},"geometry":{"type":"Polygon","coordinates":[[[1001,-717],[1002,-719],[999,-726],[997,-738],[991,-750],[983,-758],[969,-760],[955,-756],[932,-754],[948,-739],[970,-739],[980,-733],[985,-728],[988,-719],[1001,-718],[1001,-717]]]}},{"type":"Feature","properties":{"id_case":"case_0311","registry_id_case":"case_0311"},"geometry":{"type":"Polygon","coordinates":[[[1613,-726],[1621,-726],[1634,-735],[1633,-746],[1636,-753],[1637,-765],[1621,-761],[1612,-760],[1604,-763],[1595,-760],[1597,-741],[1596,-738],[1603,-731],[1613,-727],[1613,-726]]]}},{"type":"Feature","properties":{"id_case":"case_0312","registry_id_case":"case_0312"},"geometry":{"type":"Polygon","coordinates":[[[692,-702],[693,-709],[690,-724],[692,-729],[689,-732],[688,-738],[690,-746],[680,-760],[666,-756],[661,-758],[662,-745],[666,-743],[667,-739],[674,-731],[683,-727],[686,-719],[687,-709],[692,-703],[692,-702]]]}},{"type":"Feature","properties":{"id_case":"case_0313","registry_id_case":"case_0313"},"geometry":{"type":"Polygon","coordinates":[[[1959,-681],[1978,-690],[2003,-714],[1994,-723],[2000,-753],[1991,-764],[1984,-760],[1966,-764],[1970,-738],[1950,-721],[1930,-713],[1931,-699],[1933,-699],[1959,-682],[1959,-681]]]}},{"type":"Feature","properties":{"id_case":"case_0314","registry_id_case":"case_0314"},"geometry":{"type":"Polygon","coordinates":[[[1858,-703],[1872,-703],[1891,-718],[1891,-720],[1903,-735],[1880,-742],[1871,-748],[1868,-751],[1863,-771],[1855,-765],[1855,-762],[1842,-734],[1836,-714],[1842,-704],[1858,-704],[1858,-703]]]}},{"type":"Feature","properties":{"id_case":"case_0315","registry_id_case":"case_0315"},"geometry":{"type":"Polygon","coordinates":[[[2650,-709],[2656,-709],[2659,-711],[2666,-712],[2668,-714],[2679,-715],[2693,-723],[2694,-730],[2698,-730],[2702,-736],[2706,-736],[2711,-740],[2711,-743],[2707,-751],[2706,-770],[2675,-758],[2660,-743],[2660,-741],[2658,-741],[2650,-734],[2648,-718],[2650,-713],[2650,-709]]]}},{"type":"Feature","properties":{"id_case":"case_0316","registry_id_case":"case_0316"},"geometry":{"type":"Polygon","coordinates":[[[1928,-715],[1932,-715],[1948,-721],[1968,-739],[1964,-765],[1953,-766],[1945,-759],[1938,-757],[1905,-767],[1883,-745],[1883,-743],[1905,-737],[1921,-726],[1925,-719],[1928,-717],[1928,-715]]]}},{"type":"Feature","properties":{"id_case":"case_0317","registry_id_case":"case_0317"},"geometry":{"type":"Polygon","coordinates":[[[1048,-726],[1053,-726],[1053,-728],[1064,-729],[1069,-732],[1081,-735],[1081,-744],[1078,-755],[1082,-760],[1079,-764],[1063,-764],[1058,-766],[1058,-768],[1054,-769],[1048,-764],[1047,-756],[1044,-752],[1037,-750],[1039,-738],[1042,-733],[1048,-728],[1048,-726]]]}},{"type":"Feature","properties":{"id_case":"case_0318","registry_id_case":"case_0318"},"geometry":{"type":"Polygon","coordinates":[[[1822,-733],[1843,-742],[1853,-765],[1852,-766],[1825,-773],[1802,-755],[1802,-752],[1813,-739],[1816,-736],[1822,-734],[1822,-733]]]}},{"type":"Feature","properties":{"id_case":"case_0319","registry_id_case":"case_0319"},"geometry":{"type":"Polygon","coordinates":[[[1668,-739],[1671,-739],[1671,-747],[1665,-753],[1662,-763],[1661,-765],[1659,-765],[1659,-769],[1646,-766],[1642,-767],[1639,-765],[1640,-758],[1635,-743],[1636,-740],[1651,-743],[1668,-740],[1668,-739]]]}},{"type":"Feature","properties":{"id_case":"case_0320","registry_id_case":"case_0320"},"geometry":{"type":"Polygon","coordinates":[[[715,-726],[722,-728],[722,-740],[726,-746],[726,-755],[718,-757],[718,-759],[713,-764],[696,-771],[683,-763],[683,-759],[693,-743],[690,-734],[691,-732],[695,-730],[702,-731],[715,-727],[715,-726]]]}},{"type":"Feature","properties":{"id_case":"case_0321","registry_id_case":"case_0321"},"geometry":{"type":"Polygon","coordinates":[[[2492,-696],[2505,-700],[2510,-709],[2524,-713],[2541,-721],[2528,-734],[2528,-736],[2512,-754],[2509,-754],[2476,-769],[2473,-761],[2476,-747],[2469,-734],[2477,-725],[2492,-697],[2492,-696]]]}},{"type":"Feature","properties":{"id_case":"case_0322","registry_id_case":"case_0322"},"geometry":{"type":"Polygon","coordinates":[[[1688,-708],[1695,-720],[1711,-726],[1715,-736],[1709,-748],[1711,-758],[1693,-764],[1685,-764],[1680,-768],[1672,-769],[1664,-773],[1663,-770],[1665,-768],[1668,-758],[1676,-748],[1677,-736],[1675,-731],[1671,-729],[1671,-720],[1668,-717],[1666,-717],[1688,-709],[1688,-708]]]}},{"type":"Feature","properties":{"id_case":"case_0323","registry_id_case":"case_0323"},"geometry":{"type":"Polygon","coordinates":[[[1343,-723],[1347,-723],[1376,-735],[1385,-744],[1386,-761],[1360,-761],[1350,-768],[1346,-772],[1345,-776],[1333,-746],[1338,-736],[1336,-732],[1343,-725],[1343,-723]]]}},{"type":"Feature","properties":{"id_case":"case_0324","registry_id_case":"case_0324"},"geometry":{"type":"Polygon","coordinates":[[[2428,-716],[2467,-735],[2474,-749],[2471,-762],[2450,-756],[2438,-765],[2435,-778],[2423,-771],[2411,-767],[2403,-749],[2418,-728],[2428,-717],[2428,-716]]]}},{"type":"Feature","properties":{"id_case":"case_0325","registry_id_case":"case_0325"},"geometry":{"type":"Polygon","coordinates":[[[998,-739],[1015,-747],[1034,-750],[1041,-753],[1044,-756],[1046,-765],[1052,-769],[1047,-779],[1045,-781],[1031,-781],[1029,-769],[1021,-765],[1009,-764],[997,-759],[986,-758],[993,-751],[998,-741],[998,-739]]]}},{"type":"Feature","properties":{"id_case":"case_0326","registry_id_case":"case_0326"},"geometry":{"type":"Polygon","coordinates":[[[892,-738],[898,-739],[909,-748],[913,-761],[911,-772],[901,-774],[887,-762],[890,-760],[893,-742],[888,-740],[892,-739],[892,-738]]]}},{"type":"Feature","properties":{"id_case":"case_0327","registry_id_case":"case_0327"},"geometry":{"type":"Polygon","coordinates":[[[1162,-728],[1170,-729],[1175,-732],[1175,-743],[1177,-750],[1166,-765],[1159,-769],[1156,-778],[1152,-780],[1152,-778],[1140,-764],[1139,-761],[1155,-744],[1159,-731],[1162,-729],[1162,-728]]]}},{"type":"Feature","properties":{"id_case":"case_0328","registry_id_case":"case_0328"},"geometry":{"type":"Polygon","coordinates":[[[1177,-733],[1197,-736],[1206,-733],[1205,-751],[1189,-778],[1185,-776],[1183,-771],[1167,-767],[1171,-759],[1178,-751],[1179,-746],[1177,-742],[1177,-733]]]}},{"type":"Feature","properties":{"id_case":"case_0329","registry_id_case":"case_0329"},"geometry":{"type":"Polygon","coordinates":[[[2004,-716],[2051,-721],[2057,-735],[2069,-750],[2071,-755],[2070,-759],[2068,-761],[2065,-760],[2059,-763],[2043,-765],[2024,-763],[2016,-769],[2015,-773],[2003,-773],[1999,-775],[1992,-766],[2001,-754],[2002,-749],[1996,-724],[2004,-717],[2004,-716]]]}},{"type":"Feature","properties":{"id_case":"case_0330","registry_id_case":"case_0330"},"geometry":{"type":"Polygon","coordinates":[[[932,-756],[955,-757],[973,-762],[997,-760],[1004,-764],[976,-774],[955,-778],[939,-779],[927,-775],[926,-769],[931,-762],[928,-758],[932,-757],[932,-756]]]}},{"type":"Feature","properties":{"id_case":"case_0331","registry_id_case":"case_0331"},"geometry":{"type":"Polygon","coordinates":[[[1302,-721],[1322,-725],[1326,-740],[1340,-772],[1343,-784],[1324,-786],[1323,-768],[1320,-760],[1309,-748],[1301,-745],[1300,-728],[1298,-724],[1302,-722],[1302,-721]]]}},{"type":"Feature","properties":{"id_case":"case_0332","registry_id_case":"case_0332"},"geometry":{"type":"Polygon","coordinates":[[[780,-707],[787,-708],[800,-714],[804,-722],[809,-722],[803,-757],[804,-763],[799,-769],[792,-787],[788,-786],[777,-776],[769,-757],[763,-733],[767,-713],[770,-710],[780,-708],[780,-707]]]}},{"type":"Feature","properties":{"id_case":"case_0333","registry_id_case":"case_0333"},"geometry":{"type":"Polygon","coordinates":[[[757,-702],[760,-703],[765,-718],[761,-737],[764,-752],[773,-774],[779,-781],[781,-781],[785,-785],[781,-786],[777,-784],[777,-782],[759,-775],[753,-767],[747,-755],[745,-749],[744,-734],[751,-712],[754,-706],[757,-704],[757,-702]]]}},{"type":"Feature","properties":{"id_case":"case_0334","registry_id_case":"case_0334"},"geometry":{"type":"Polygon","coordinates":[[[2542,-722],[2552,-735],[2582,-736],[2589,-743],[2589,-745],[2596,-754],[2597,-758],[2577,-778],[2575,-778],[2565,-785],[2554,-789],[2542,-777],[2534,-754],[2520,-757],[2515,-754],[2529,-736],[2542,-724],[2542,-722]]]}},{"type":"Feature","properties":{"id_case":"case_0335","registry_id_case":"case_0335"},"geometry":{"type":"Polygon","coordinates":[[[1519,-747],[1521,-747],[1522,-751],[1539,-755],[1542,-758],[1542,-760],[1550,-764],[1564,-766],[1573,-761],[1582,-760],[1576,-779],[1572,-786],[1570,-788],[1560,-789],[1549,-784],[1529,-789],[1507,-785],[1501,-755],[1519,-748],[1519,-747]]]}},{"type":"Feature","properties":{"id_case":"case_0336","registry_id_case":"case_0336"},"geometry":{"type":"Polygon","coordinates":[[[2181,-720],[2202,-727],[2202,-729],[2194,-733],[2194,-735],[2209,-743],[2213,-747],[2214,-751],[2206,-760],[2202,-769],[2200,-780],[2188,-780],[2185,-779],[2183,-775],[2180,-775],[2178,-784],[2158,-781],[2135,-765],[2133,-763],[2133,-760],[2143,-739],[2167,-730],[2181,-721],[2181,-720]]]}},{"type":"Feature","properties":{"id_case":"case_0337","registry_id_case":"case_0337"},"geometry":{"type":"Polygon","coordinates":[[[1213,-716],[1232,-721],[1241,-732],[1242,-743],[1238,-760],[1233,-773],[1225,-786],[1223,-786],[1223,-781],[1198,-769],[1206,-752],[1208,-729],[1213,-718],[1213,-716]]]}},{"type":"Feature","properties":{"id_case":"case_0338","registry_id_case":"case_0338"},"geometry":{"type":"Polygon","coordinates":[[[2336,-731],[2346,-732],[2347,-762],[2351,-777],[2346,-782],[2330,-777],[2324,-768],[2324,-737],[2336,-732],[2336,-731]]]}},{"type":"Feature","properties":{"id_case":"case_0339","registry_id_case":"case_0339"},"geometry":{"type":"Polygon","coordinates":[[[1292,-746],[1296,-746],[1296,-753],[1299,-761],[1297,-771],[1300,-780],[1298,-784],[1287,-785],[1284,-783],[1266,-782],[1264,-780],[1253,-779],[1255,-769],[1262,-760],[1273,-756],[1284,-749],[1292,-747],[1292,-746]]]}},{"type":"Feature","properties":{"id_case":"case_0340","registry_id_case":"case_0340"},"geometry":{"type":"Polygon","coordinates":[[[2125,-727],[2140,-738],[2140,-742],[2136,-753],[2125,-772],[2101,-774],[2070,-785],[2071,-766],[2075,-763],[2076,-756],[2094,-750],[2105,-743],[2106,-740],[2116,-738],[2123,-732],[2123,-729],[2125,-728],[2125,-727]]]}},{"type":"Feature","properties":{"id_case":"case_0341","registry_id_case":"case_0341"},"geometry":{"type":"Polygon","coordinates":[[[1246,-726],[1248,-726],[1263,-740],[1267,-756],[1264,-756],[1258,-761],[1254,-768],[1251,-780],[1243,-781],[1238,-785],[1230,-787],[1228,-786],[1239,-760],[1243,-744],[1244,-732],[1246,-728],[1246,-726]]]}},{"type":"Feature","properties":{"id_case":"case_0342","registry_id_case":"case_0342"},"geometry":{"type":"Polygon","coordinates":[[[2748,-738],[2758,-738],[2759,-742],[2768,-747],[2768,-752],[2771,-756],[2748,-765],[2736,-791],[2724,-788],[2709,-771],[2708,-752],[2714,-741],[2736,-743],[2743,-742],[2748,-739],[2748,-738]]]}},{"type":"Feature","properties":{"id_case":"case_0343","registry_id_case":"case_0343"},"geometry":{"type":"Polygon","coordinates":[[[1387,-744],[1403,-746],[1407,-748],[1411,-758],[1418,-759],[1424,-762],[1414,-783],[1398,-787],[1396,-794],[1393,-794],[1379,-785],[1378,-777],[1387,-763],[1387,-756],[1387,-744]]]}},{"type":"Feature","properties":{"id_case":"case_0344","registry_id_case":"case_0344"},"geometry":{"type":"Polygon","coordinates":[[[2242,-719],[2247,-719],[2261,-731],[2257,-743],[2260,-752],[2265,-760],[2262,-761],[2235,-787],[2229,-790],[2201,-781],[2204,-767],[2207,-761],[2217,-749],[2211,-742],[2197,-735],[2205,-729],[2242,-720],[2242,-719]]]}},{"type":"Feature","properties":{"id_case":"case_0345","registry_id_case":"case_0345"},"geometry":{"type":"Polygon","coordinates":[[[2312,-720],[2336,-723],[2336,-730],[2321,-737],[2323,-768],[2322,-769],[2329,-779],[2342,-783],[2320,-794],[2310,-795],[2305,-790],[2304,-781],[2305,-778],[2310,-776],[2311,-763],[2308,-755],[2306,-753],[2303,-753],[2302,-745],[2306,-736],[2306,-726],[2310,-721],[2312,-721],[2312,-720]]]}},{"type":"Feature","properties":{"id_case":"case_0346","registry_id_case":"case_0346"},"geometry":{"type":"Polygon","coordinates":[[[659,-747],[659,-760],[651,-763],[637,-772],[634,-777],[630,-778],[624,-784],[622,-790],[608,-790],[603,-788],[601,-783],[607,-781],[609,-772],[607,-765],[608,-764],[636,-769],[659,-748],[659,-747]]]}},{"type":"Feature","properties":{"id_case":"case_0347","registry_id_case":"case_0347"},"geometry":{"type":"Polygon","coordinates":[[[664,-759],[674,-759],[695,-772],[695,-774],[685,-789],[663,-794],[656,-789],[659,-777],[657,-777],[648,-769],[664,-760],[664,-759]]]}},{"type":"Feature","properties":{"id_case":"case_0348","registry_id_case":"case_0348"},"geometry":{"type":"Polygon","coordinates":[[[1798,-755],[1800,-755],[1824,-774],[1821,-783],[1793,-793],[1776,-790],[1761,-795],[1757,-793],[1758,-790],[1760,-790],[1773,-781],[1772,-761],[1798,-756],[1798,-755]]]}},{"type":"Feature","properties":{"id_case":"case_0349","registry_id_case":"case_0349"},"geometry":{"type":"Polygon","coordinates":[[[2648,-736],[2652,-737],[2658,-742],[2674,-760],[2677,-760],[2707,-772],[2719,-784],[2722,-790],[2717,-796],[2693,-795],[2677,-798],[2644,-794],[2643,-773],[2633,-755],[2644,-741],[2648,-738],[2648,-736]]]}},{"type":"Feature","properties":{"id_case":"case_0350","registry_id_case":"case_0350"},"geometry":{"type":"Polygon","coordinates":[[[1716,-737],[1752,-738],[1753,-744],[1764,-757],[1770,-760],[1771,-780],[1752,-791],[1737,-785],[1720,-801],[1711,-782],[1701,-782],[1692,-767],[1712,-760],[1714,-758],[1711,-745],[1716,-739],[1716,-737]]]}},{"type":"Feature","properties":{"id_case":"case_0351","registry_id_case":"case_0351"},"geometry":{"type":"Polygon","coordinates":[[[740,-756],[745,-756],[752,-771],[756,-775],[748,-781],[746,-792],[739,-805],[727,-799],[699,-794],[697,-773],[710,-768],[720,-760],[740,-757],[740,-756]]]}},{"type":"Feature","properties":{"id_case":"case_0352","registry_id_case":"case_0352"},"geometry":{"type":"Polygon","coordinates":[[[1008,-766],[1020,-766],[1028,-771],[1029,-782],[1016,-786],[1003,-802],[982,-796],[970,-800],[968,-802],[966,-800],[966,-794],[956,-780],[977,-777],[988,-774],[995,-770],[1008,-767],[1008,-766]]]}},{"type":"Feature","properties":{"id_case":"case_0353","registry_id_case":"case_0353"},"geometry":{"type":"Polygon","coordinates":[[[2847,-764],[2875,-770],[2880,-791],[2881,-805],[2851,-801],[2839,-804],[2838,-801],[2829,-791],[2827,-791],[2812,-781],[2814,-775],[2816,-773],[2819,-773],[2824,-768],[2842,-768],[2847,-765],[2847,-764]]]}},{"type":"Feature","properties":{"id_case":"case_0354","registry_id_case":"case_0354"},"geometry":{"type":"Polygon","coordinates":[[[1361,-763],[1385,-763],[1377,-777],[1377,-786],[1373,-794],[1369,-798],[1362,-798],[1354,-802],[1348,-799],[1345,-778],[1351,-770],[1353,-770],[1361,-764],[1361,-763]]]}},{"type":"Feature","properties":{"id_case":"case_0355","registry_id_case":"case_0355"},"geometry":{"type":"Polygon","coordinates":[[[2614,-754],[2632,-757],[2640,-774],[2642,-794],[2641,-795],[2626,-801],[2590,-804],[2585,-803],[2578,-798],[2562,-798],[2562,-796],[2557,-791],[2570,-786],[2578,-780],[2596,-762],[2596,-760],[2599,-757],[2614,-755],[2614,-754]]]}},{"type":"Feature","properties":{"id_case":"case_0356","registry_id_case":"case_0356"},"geometry":{"type":"Polygon","coordinates":[[[1088,-748],[1099,-752],[1106,-762],[1130,-762],[1111,-777],[1105,-779],[1102,-786],[1088,-793],[1087,-797],[1080,-801],[1082,-785],[1086,-774],[1083,-766],[1085,-762],[1087,-762],[1087,-755],[1084,-750],[1088,-749],[1088,-748]]]}},{"type":"Feature","properties":{"id_case":"case_0357","registry_id_case":"case_0357"},"geometry":{"type":"Polygon","coordinates":[[[1446,-735],[1449,-742],[1455,-750],[1454,-756],[1459,-770],[1461,-782],[1468,-794],[1469,-800],[1465,-805],[1443,-805],[1439,-803],[1440,-792],[1438,-784],[1441,-776],[1439,-767],[1421,-759],[1439,-746],[1441,-736],[1446,-736],[1446,-735]]]}},{"type":"Feature","properties":{"id_case":"case_0358","registry_id_case":"case_0358"},"geometry":{"type":"Polygon","coordinates":[[[2348,-731],[2354,-733],[2369,-748],[2373,-760],[2369,-771],[2367,-785],[2369,-795],[2374,-802],[2368,-808],[2363,-810],[2355,-804],[2354,-777],[2348,-745],[2348,-731]]]}},{"type":"Feature","properties":{"id_case":"case_0359","registry_id_case":"case_0359"},"geometry":{"type":"Polygon","coordinates":[[[1472,-738],[1499,-754],[1506,-789],[1491,-799],[1479,-801],[1472,-808],[1471,-793],[1465,-784],[1460,-763],[1463,-759],[1465,-746],[1472,-739],[1472,-738]]]}},{"type":"Feature","properties":{"id_case":"case_0360","registry_id_case":"case_0360"},"geometry":{"type":"Polygon","coordinates":[[[1939,-759],[1943,-759],[1951,-766],[1959,-768],[1986,-763],[1998,-777],[1995,-782],[1989,-785],[1983,-796],[1972,-797],[1962,-802],[1944,-801],[1923,-813],[1919,-792],[1912,-785],[1907,-769],[1939,-760],[1939,-759]]]}},{"type":"Feature","properties":{"id_case":"case_0361","registry_id_case":"case_0361"},"geometry":{"type":"Polygon","coordinates":[[[914,-757],[925,-757],[929,-764],[924,-768],[924,-773],[927,-777],[932,-779],[954,-781],[963,-795],[964,-799],[961,-802],[949,-803],[945,-805],[944,-808],[941,-808],[930,-805],[914,-798],[910,-794],[910,-791],[903,-775],[908,-775],[914,-772],[914,-758],[914,-757]]]}},{"type":"Feature","properties":{"id_case":"case_0362","registry_id_case":"case_0362"},"geometry":{"type":"Polygon","coordinates":[[[1584,-761],[1602,-767],[1610,-768],[1618,-765],[1630,-769],[1650,-772],[1659,-775],[1662,-787],[1666,-794],[1667,-804],[1653,-797],[1635,-806],[1634,-801],[1629,-794],[1608,-787],[1606,-786],[1605,-782],[1577,-781],[1584,-762],[1584,-761]]]}},{"type":"Feature","properties":{"id_case":"case_0363","registry_id_case":"case_0363"},"geometry":{"type":"Polygon","coordinates":[[[2400,-750],[2411,-770],[2421,-772],[2434,-780],[2437,-797],[2415,-794],[2412,-797],[2400,-803],[2384,-806],[2374,-799],[2369,-779],[2371,-767],[2375,-756],[2400,-751],[2400,-750]]]}},{"type":"Feature","properties":{"id_case":"case_0364","registry_id_case":"case_0364"},"geometry":{"type":"Polygon","coordinates":[[[2512,-755],[2515,-755],[2523,-759],[2533,-756],[2540,-777],[2517,-778],[2493,-801],[2491,-806],[2488,-806],[2479,-798],[2475,-787],[2474,-780],[2476,-771],[2512,-756],[2512,-755]]]}},{"type":"Feature","properties":{"id_case":"case_0365","registry_id_case":"case_0365"},"geometry":{"type":"Polygon","coordinates":[[[853,-753],[873,-757],[875,-759],[875,-764],[879,-775],[886,-777],[888,-781],[889,-789],[887,-793],[885,-793],[882,-796],[881,-802],[873,-808],[873,-806],[868,-801],[836,-799],[824,-800],[823,-797],[819,-795],[819,-793],[810,-793],[794,-789],[794,-784],[800,-770],[806,-761],[835,-759],[846,-761],[853,-754],[853,-753]]]}},{"type":"Feature","properties":{"id_case":"case_0366","registry_id_case":"case_0366"},"geometry":{"type":"Polygon","coordinates":[[[591,-775],[595,-775],[594,-783],[599,-784],[601,-790],[616,-792],[604,-799],[600,-803],[600,-805],[596,-807],[596,-810],[589,-808],[566,-794],[564,-787],[578,-784],[578,-782],[581,-779],[589,-778],[591,-776],[591,-775]]]}},{"type":"Feature","properties":{"id_case":"case_0367","registry_id_case":"case_0367"},"geometry":{"type":"Polygon","coordinates":[[[2131,-764],[2156,-781],[2153,-790],[2156,-805],[2146,-804],[2128,-808],[2120,-806],[2103,-805],[2098,-802],[2087,-801],[2071,-788],[2102,-777],[2126,-775],[2131,-765],[2131,-764]]]}},{"type":"Feature","properties":{"id_case":"case_0368","registry_id_case":"case_0368"},"geometry":{"type":"Polygon","coordinates":[[[2301,-754],[2306,-756],[2309,-773],[2303,-778],[2302,-788],[2304,-792],[2308,-796],[2310,-796],[2310,-798],[2291,-798],[2283,-804],[2270,-800],[2261,-799],[2259,-800],[2255,-809],[2248,-807],[2234,-798],[2233,-791],[2237,-787],[2239,-787],[2265,-762],[2268,-761],[2278,-765],[2283,-764],[2301,-755],[2301,-754]]]}},{"type":"Feature","properties":{"id_case":"case_0369","registry_id_case":"case_0369"},"geometry":{"type":"Polygon","coordinates":[[[2772,-757],[2789,-757],[2794,-761],[2803,-763],[2814,-768],[2808,-774],[2808,-777],[2806,-779],[2802,-779],[2789,-785],[2770,-789],[2766,-793],[2766,-796],[2764,-796],[2761,-802],[2761,-809],[2758,-809],[2737,-793],[2749,-768],[2751,-766],[2772,-758],[2772,-757]]]}},{"type":"Feature","properties":{"id_case":"case_0370","registry_id_case":"case_0370"},"geometry":{"type":"Polygon","coordinates":[[[2067,-765],[2069,-765],[2068,-788],[2074,-794],[2082,-798],[2086,-802],[2085,-805],[2079,-805],[2074,-807],[2069,-806],[2066,-803],[2057,-802],[2053,-803],[2051,-805],[2052,-808],[2049,-809],[2041,-799],[2034,-800],[2018,-797],[2009,-803],[2001,-800],[1999,-801],[1999,-803],[1995,-803],[1995,-805],[1991,-806],[1989,-801],[1986,-800],[1986,-798],[1990,-796],[1991,-791],[1994,-788],[1996,-788],[2002,-780],[2005,-780],[2010,-777],[2017,-778],[2022,-771],[2041,-769],[2055,-770],[2067,-766],[2067,-765]]]}},{"type":"Feature","properties":{"id_case":"case_0371","registry_id_case":"case_0371"},"geometry":{"type":"Polygon","coordinates":[[[2451,-758],[2472,-765],[2475,-771],[2471,-786],[2478,-800],[2488,-807],[2488,-809],[2468,-811],[2458,-815],[2439,-798],[2436,-778],[2438,-770],[2442,-764],[2451,-759],[2451,-758]]]}},{"type":"Feature","properties":{"id_case":"case_0372","registry_id_case":"case_0372"},"geometry":{"type":"Polygon","coordinates":[[[1853,-767],[1863,-774],[1863,-776],[1870,-786],[1857,-793],[1857,-796],[1866,-811],[1859,-815],[1853,-814],[1851,-816],[1843,-817],[1838,-820],[1835,-794],[1833,-791],[1831,-791],[1823,-784],[1823,-781],[1827,-775],[1853,-768],[1853,-767]]]}},{"type":"Feature","properties":{"id_case":"case_0373","registry_id_case":"case_0373"},"geometry":{"type":"Polygon","coordinates":[[[1879,-745],[1881,-745],[1904,-768],[1908,-784],[1916,-793],[1921,-813],[1904,-812],[1895,-817],[1895,-815],[1889,-813],[1888,-810],[1883,-810],[1879,-807],[1874,-806],[1872,-807],[1872,-809],[1868,-809],[1868,-807],[1859,-794],[1872,-787],[1872,-784],[1864,-772],[1870,-752],[1879,-746],[1879,-745]]]}},{"type":"Feature","properties":{"id_case":"case_0374","registry_id_case":"case_0374"},"geometry":{"type":"Polygon","coordinates":[[[1136,-764],[1152,-784],[1149,-793],[1143,-796],[1141,-803],[1128,-805],[1122,-813],[1114,-816],[1114,-814],[1107,-814],[1099,-811],[1095,-813],[1088,-807],[1089,-801],[1093,-797],[1099,-796],[1101,-792],[1106,-790],[1109,-784],[1118,-781],[1136,-765],[1136,-764]]]}},{"type":"Feature","properties":{"id_case":"case_0375","registry_id_case":"case_0375"},"geometry":{"type":"Polygon","coordinates":[[[1064,-766],[1078,-767],[1080,-778],[1077,-785],[1075,-803],[1072,-807],[1050,-818],[1045,-813],[1048,-787],[1047,-781],[1053,-772],[1064,-767],[1064,-766]]]}},{"type":"Feature","properties":{"id_case":"case_0376","registry_id_case":"case_0376"},"geometry":{"type":"Polygon","coordinates":[[[2809,-782],[2813,-783],[2827,-792],[2814,-819],[2791,-821],[2775,-817],[2763,-816],[2763,-813],[2766,-812],[2766,-803],[2772,-794],[2790,-791],[2807,-785],[2809,-783],[2809,-782]]]}},{"type":"Feature","properties":{"id_case":"case_0377","registry_id_case":"case_0377"},"geometry":{"type":"Polygon","coordinates":[[[1819,-785],[1822,-785],[1833,-794],[1836,-821],[1830,-825],[1824,-826],[1804,-822],[1795,-794],[1819,-786],[1819,-785]]]}},{"type":"Feature","properties":{"id_case":"case_0378","registry_id_case":"case_0378"},"geometry":{"type":"Polygon","coordinates":[[[535,-772],[538,-772],[542,-775],[544,-786],[562,-787],[562,-793],[547,-803],[547,-812],[552,-820],[553,-826],[532,-820],[527,-804],[529,-797],[528,-792],[532,-784],[533,-773],[535,-773],[535,-772]]]}},{"type":"Feature","properties":{"id_case":"case_0379","registry_id_case":"case_0379"},"geometry":{"type":"Polygon","coordinates":[[[757,-776],[780,-787],[788,-789],[782,-810],[773,-826],[763,-821],[746,-820],[741,-809],[740,-805],[747,-792],[750,-782],[757,-777],[757,-776]]]}},{"type":"Feature","properties":{"id_case":"case_0380","registry_id_case":"case_0380"},"geometry":{"type":"Polygon","coordinates":[[[1164,-768],[1180,-772],[1186,-780],[1188,-796],[1183,-812],[1182,-827],[1163,-825],[1161,-816],[1146,-812],[1146,-810],[1148,-810],[1148,-807],[1143,-804],[1145,-797],[1151,-794],[1154,-782],[1157,-781],[1161,-770],[1164,-769],[1164,-768]]]}},{"type":"Feature","properties":{"id_case":"case_0381","registry_id_case":"case_0381"},"geometry":{"type":"Polygon","coordinates":[[[883,-762],[901,-776],[911,-801],[906,-812],[903,-813],[900,-818],[892,-822],[887,-827],[875,-815],[882,-808],[882,-806],[885,-806],[887,-804],[887,-799],[893,-791],[893,-777],[891,-777],[891,-775],[888,-772],[883,-771],[881,-763],[883,-763],[883,-762]]]}},{"type":"Feature","properties":{"id_case":"case_0382","registry_id_case":"case_0382"},"geometry":{"type":"Polygon","coordinates":[[[684,-791],[690,-812],[686,-820],[673,-823],[661,-828],[647,-825],[646,-815],[650,-806],[652,-806],[664,-797],[684,-792],[684,-791]]]}},{"type":"Feature","properties":{"id_case":"case_0383","registry_id_case":"case_0383"},"geometry":{"type":"Polygon","coordinates":[[[644,-770],[647,-770],[657,-778],[654,-790],[656,-790],[662,-795],[648,-806],[645,-815],[645,-825],[620,-824],[619,-820],[624,-809],[624,-789],[630,-780],[635,-779],[639,-773],[644,-771],[644,-770]]]}},{"type":"Feature","properties":{"id_case":"case_0384","registry_id_case":"case_0384"},"geometry":{"type":"Polygon","coordinates":[[[694,-779],[697,-796],[729,-801],[738,-807],[744,-820],[726,-823],[717,-821],[693,-826],[689,-824],[688,-820],[691,-813],[692,-805],[687,-789],[694,-781],[694,-779]]]}},{"type":"Feature","properties":{"id_case":"case_0385","registry_id_case":"case_0385"},"geometry":{"type":"Polygon","coordinates":[[[2906,-760],[2911,-760],[2911,-766],[2915,-770],[2914,-774],[2919,-782],[2924,-795],[2925,-799],[2923,-814],[2929,-831],[2913,-829],[2898,-835],[2890,-811],[2883,-806],[2883,-790],[2877,-769],[2885,-770],[2906,-761],[2906,-760]]]}},{"type":"Feature","properties":{"id_case":"case_0386","registry_id_case":"case_0386"},"geometry":{"type":"Polygon","coordinates":[[[1255,-784],[1261,-784],[1262,-787],[1280,-789],[1282,-787],[1285,-790],[1291,-791],[1295,-789],[1298,-809],[1296,-820],[1297,-824],[1294,-834],[1270,-821],[1265,-816],[1262,-806],[1247,-795],[1245,-787],[1255,-785],[1255,-784]]]}},{"type":"Feature","properties":{"id_case":"case_0387","registry_id_case":"case_0387"},"geometry":{"type":"Polygon","coordinates":[[[1426,-763],[1437,-768],[1439,-778],[1436,-787],[1438,-798],[1436,-803],[1426,-803],[1422,-806],[1416,-831],[1412,-831],[1403,-827],[1401,-808],[1397,-794],[1399,-789],[1416,-784],[1426,-764],[1426,-763]]]}},{"type":"Feature","properties":{"id_case":"case_0388","registry_id_case":"case_0388"},"geometry":{"type":"Polygon","coordinates":[[[1749,-791],[1763,-797],[1782,-792],[1793,-794],[1802,-822],[1791,-824],[1777,-830],[1771,-827],[1756,-826],[1750,-824],[1748,-822],[1748,-803],[1746,-795],[1749,-792],[1749,-791]]]}},{"type":"Feature","properties":{"id_case":"case_0389","registry_id_case":"case_0389"},"geometry":{"type":"Polygon","coordinates":[[[1378,-787],[1382,-788],[1395,-797],[1401,-827],[1385,-837],[1378,-814],[1371,-798],[1378,-789],[1378,-787]]]}},{"type":"Feature","properties":{"id_case":"case_0390","registry_id_case":"case_0390"},"geometry":{"type":"Polygon","coordinates":[[[2723,-790],[2734,-793],[2756,-809],[2758,-811],[2758,-815],[2731,-825],[2727,-824],[2715,-828],[2707,-827],[2702,-832],[2697,-834],[2680,-826],[2681,-800],[2708,-797],[2718,-798],[2720,-794],[2723,-792],[2723,-790]]]}},{"type":"Feature","properties":{"id_case":"case_0391","registry_id_case":"case_0391"},"geometry":{"type":"Polygon","coordinates":[[[1031,-783],[1045,-784],[1046,-797],[1043,-814],[1049,-820],[1039,-822],[1036,-825],[1035,-829],[1026,-832],[1007,-823],[1003,-804],[1018,-788],[1031,-784],[1031,-783]]]}},{"type":"Feature","properties":{"id_case":"case_0392","registry_id_case":"case_0392"},"geometry":{"type":"Polygon","coordinates":[[[1685,-766],[1690,-767],[1692,-774],[1700,-784],[1709,-783],[1720,-804],[1715,-812],[1701,-822],[1697,-828],[1682,-831],[1674,-825],[1672,-820],[1671,-811],[1673,-794],[1667,-783],[1665,-775],[1681,-771],[1685,-767],[1685,-766]]]}},{"type":"Feature","properties":{"id_case":"case_0393","registry_id_case":"case_0393"},"geometry":{"type":"Polygon","coordinates":[[[2541,-779],[2553,-791],[2555,-791],[2555,-793],[2560,-798],[2564,-828],[2551,-831],[2544,-825],[2527,-819],[2522,-811],[2526,-804],[2535,-794],[2541,-781],[2541,-779]]]}},{"type":"Feature","properties":{"id_case":"case_0394","registry_id_case":"case_0394"},"geometry":{"type":"Polygon","coordinates":[[[1196,-770],[1219,-781],[1221,-783],[1221,-787],[1223,-790],[1218,-803],[1218,-812],[1214,-825],[1201,-830],[1196,-826],[1192,-825],[1184,-826],[1184,-812],[1190,-790],[1189,-780],[1196,-771],[1196,-770]]]}},{"type":"Feature","properties":{"id_case":"case_0395","registry_id_case":"case_0395"},"geometry":{"type":"Polygon","coordinates":[[[2181,-777],[2184,-781],[2201,-782],[2229,-791],[2231,-792],[2232,-799],[2234,-801],[2251,-810],[2247,-813],[2246,-817],[2244,-817],[2243,-820],[2238,-822],[2237,-826],[2227,-830],[2226,-827],[2218,-823],[2204,-822],[2191,-827],[2185,-825],[2180,-818],[2165,-817],[2165,-809],[2159,-806],[2155,-789],[2158,-783],[2178,-787],[2181,-781],[2181,-777]]]}},{"type":"Feature","properties":{"id_case":"case_0396","registry_id_case":"case_0396"},"geometry":{"type":"Polygon","coordinates":[[[1303,-748],[1307,-749],[1313,-755],[1320,-769],[1321,-804],[1318,-820],[1316,-820],[1300,-834],[1303,-820],[1301,-815],[1303,-812],[1304,-801],[1301,-791],[1304,-783],[1305,-772],[1302,-766],[1304,-763],[1303,-756],[1303,-748]]]}},{"type":"Feature","properties":{"id_case":"case_0397","registry_id_case":"case_0397"},"geometry":{"type":"Polygon","coordinates":[[[1738,-787],[1742,-787],[1747,-790],[1744,-799],[1746,-822],[1734,-825],[1723,-830],[1706,-833],[1688,-833],[1698,-830],[1702,-824],[1704,-824],[1713,-817],[1717,-813],[1721,-804],[1738,-788],[1738,-787]]]}},{"type":"Feature","properties":{"id_case":"case_0398","registry_id_case":"case_0398"},"geometry":{"type":"Polygon","coordinates":[[[1549,-786],[1553,-786],[1559,-790],[1571,-790],[1584,-799],[1581,-811],[1592,-836],[1562,-845],[1544,-812],[1541,-811],[1530,-800],[1530,-790],[1549,-787],[1549,-786]]]}},{"type":"Feature","properties":{"id_case":"case_0399","registry_id_case":"case_0399"},"geometry":{"type":"Polygon","coordinates":[[[1364,-800],[1369,-800],[1383,-837],[1382,-838],[1360,-838],[1358,-827],[1354,-821],[1349,-802],[1358,-804],[1364,-801],[1364,-800]]]}},{"type":"Feature","properties":{"id_case":"case_0400","registry_id_case":"case_0400"},"geometry":{"type":"Polygon","coordinates":[[[1978,-802],[1983,-802],[1986,-809],[1992,-811],[1997,-810],[2005,-805],[2006,-808],[2013,-808],[2021,-803],[2027,-802],[2038,-805],[2041,-807],[2041,-809],[2043,-809],[2044,-812],[2051,-814],[2055,-813],[2057,-808],[2062,-807],[2059,-810],[2059,-817],[2048,-820],[2040,-826],[2024,-833],[2019,-837],[2005,-842],[2000,-830],[1989,-825],[1988,-818],[1978,-803],[1978,-802]]]}},{"type":"Feature","properties":{"id_case":"case_0401","registry_id_case":"case_0401"},"geometry":{"type":"Polygon","coordinates":[[[1575,-784],[1603,-784],[1605,-788],[1621,-793],[1630,-798],[1638,-821],[1630,-825],[1629,-840],[1602,-841],[1593,-835],[1592,-827],[1584,-811],[1583,-806],[1586,-798],[1573,-789],[1575,-785],[1575,-784]]]}},{"type":"Feature","properties":{"id_case":"case_0402","registry_id_case":"case_0402"},"geometry":{"type":"Polygon","coordinates":[[[790,-790],[817,-795],[822,-799],[823,-802],[844,-801],[866,-803],[872,-809],[872,-811],[869,-814],[865,-814],[854,-819],[848,-829],[836,-833],[830,-841],[823,-842],[823,-835],[816,-827],[813,-816],[803,-813],[798,-814],[784,-810],[790,-792],[790,-790]]]}},{"type":"Feature","properties":{"id_case":"case_0403","registry_id_case":"case_0403"},"geometry":{"type":"Polygon","coordinates":[[[2416,-796],[2439,-800],[2460,-817],[2469,-814],[2469,-817],[2473,-825],[2456,-837],[2433,-831],[2406,-838],[2406,-834],[2390,-820],[2386,-808],[2401,-806],[2413,-800],[2416,-797],[2416,-796]]]}},{"type":"Feature","properties":{"id_case":"case_0404","registry_id_case":"case_0404"},"geometry":{"type":"Polygon","coordinates":[[[2523,-779],[2539,-779],[2539,-781],[2533,-795],[2525,-803],[2520,-812],[2524,-821],[2517,-835],[2502,-845],[2491,-835],[2475,-825],[2471,-813],[2485,-813],[2491,-810],[2494,-803],[2506,-791],[2508,-791],[2518,-781],[2523,-780],[2523,-779]]]}},{"type":"Feature","properties":{"id_case":"case_0405","registry_id_case":"case_0405"},"geometry":{"type":"Polygon","coordinates":[[[1340,-786],[1343,-786],[1343,-792],[1348,-807],[1350,-820],[1357,-836],[1355,-838],[1349,-839],[1342,-836],[1320,-821],[1324,-788],[1340,-787],[1340,-786]]]}},{"type":"Feature","properties":{"id_case":"case_0406","registry_id_case":"case_0406"},"geometry":{"type":"Polygon","coordinates":[[[1084,-805],[1086,-805],[1086,-808],[1090,-812],[1097,-815],[1102,-813],[1113,-816],[1113,-818],[1116,-818],[1121,-815],[1117,-831],[1113,-835],[1103,-837],[1097,-841],[1095,-845],[1093,-845],[1093,-843],[1087,-835],[1078,-832],[1068,-831],[1065,-829],[1064,-826],[1055,-824],[1075,-813],[1084,-806],[1084,-805]]]}},{"type":"Feature","properties":{"id_case":"case_0407","registry_id_case":"case_0407"},"geometry":{"type":"Polygon","coordinates":[[[1427,-805],[1457,-807],[1445,-825],[1448,-841],[1428,-840],[1422,-838],[1419,-835],[1418,-829],[1420,-815],[1423,-808],[1427,-806],[1427,-805]]]}},{"type":"Feature","properties":{"id_case":"case_0408","registry_id_case":"case_0408"},"geometry":{"type":"Polygon","coordinates":[[[2350,-780],[2352,-805],[2359,-832],[2356,-848],[2341,-845],[2341,-840],[2337,-830],[2331,-822],[2327,-813],[2329,-806],[2328,-803],[2325,-797],[2323,-797],[2346,-785],[2350,-781],[2350,-780]]]}},{"type":"Feature","properties":{"id_case":"case_0409","registry_id_case":"case_0409"},"geometry":{"type":"Polygon","coordinates":[[[1468,-804],[1470,-804],[1471,-829],[1480,-850],[1474,-848],[1459,-847],[1451,-842],[1448,-822],[1459,-807],[1466,-807],[1468,-805],[1468,-804]]]}},{"type":"Feature","properties":{"id_case":"case_0410","registry_id_case":"case_0410"},"geometry":{"type":"Polygon","coordinates":[[[563,-794],[587,-809],[596,-812],[597,-823],[595,-830],[578,-838],[570,-849],[558,-845],[554,-826],[555,-819],[550,-812],[549,-804],[551,-804],[563,-795],[563,-794]]]}},{"type":"Feature","properties":{"id_case":"case_0411","registry_id_case":"case_0411"},"geometry":{"type":"Polygon","coordinates":[[[1242,-788],[1246,-810],[1244,-817],[1240,-822],[1239,-828],[1241,-837],[1237,-841],[1224,-847],[1210,-829],[1216,-826],[1219,-815],[1219,-804],[1225,-789],[1240,-791],[1242,-789],[1242,-788]]]}},{"type":"Feature","properties":{"id_case":"case_0412","registry_id_case":"case_0412"},"geometry":{"type":"Polygon","coordinates":[[[685,-822],[687,-822],[688,-826],[699,-828],[723,-823],[726,-825],[720,-830],[718,-840],[711,-849],[691,-851],[672,-849],[667,-830],[671,-826],[685,-823],[685,-822]]]}},{"type":"Feature","properties":{"id_case":"case_0413","registry_id_case":"case_0413"},"geometry":{"type":"Polygon","coordinates":[[[1875,-808],[1887,-812],[1887,-814],[1893,-816],[1894,-819],[1891,-823],[1886,-843],[1870,-852],[1866,-839],[1867,-829],[1853,-818],[1858,-816],[1862,-817],[1875,-809],[1875,-808]]]}},{"type":"Feature","properties":{"id_case":"case_0414","registry_id_case":"case_0414"},"geometry":{"type":"Polygon","coordinates":[[[2568,-799],[2577,-799],[2582,-803],[2595,-807],[2610,-805],[2595,-833],[2593,-833],[2571,-850],[2551,-852],[2550,-841],[2552,-833],[2567,-829],[2563,-800],[2568,-800],[2568,-799]]]}},{"type":"Feature","properties":{"id_case":"case_0415","registry_id_case":"case_0415"},"geometry":{"type":"Polygon","coordinates":[[[744,-822],[765,-823],[772,-828],[771,-833],[714,-849],[720,-840],[722,-832],[728,-826],[744,-823],[744,-822]]]}},{"type":"Feature","properties":{"id_case":"case_0416","registry_id_case":"case_0416"},"geometry":{"type":"Polygon","coordinates":[[[982,-798],[988,-798],[1001,-804],[1005,-824],[1021,-830],[1024,-835],[997,-854],[984,-837],[971,-802],[982,-799],[982,-798]]]}},{"type":"Feature","properties":{"id_case":"case_0417","registry_id_case":"case_0417"},"geometry":{"type":"Polygon","coordinates":[[[1973,-803],[1985,-819],[1987,-826],[1999,-833],[2002,-842],[1994,-844],[1989,-851],[1983,-853],[1972,-853],[1964,-829],[1961,-826],[1958,-825],[1945,-829],[1939,-827],[1924,-833],[1918,-828],[1901,-821],[1911,-817],[1930,-817],[1946,-808],[1959,-806],[1970,-807],[1973,-805],[1973,-803]]]}},{"type":"Feature","properties":{"id_case":"case_0418","registry_id_case":"case_0418"},"geometry":{"type":"Polygon","coordinates":[[[913,-800],[943,-810],[944,-832],[942,-840],[933,-854],[919,-861],[914,-857],[908,-837],[890,-829],[890,-827],[893,-824],[897,-823],[904,-817],[904,-815],[908,-813],[909,-807],[913,-802],[913,-800]]]}},{"type":"Feature","properties":{"id_case":"case_0419","registry_id_case":"case_0419"},"geometry":{"type":"Polygon","coordinates":[[[2090,-806],[2096,-806],[2102,-809],[2118,-810],[2118,-837],[2115,-842],[2113,-842],[2100,-852],[2084,-854],[2079,-852],[2071,-845],[2061,-841],[2051,-846],[2050,-845],[2042,-827],[2060,-819],[2061,-811],[2064,-808],[2066,-810],[2081,-812],[2090,-808],[2090,-806]]]}},{"type":"Feature","properties":{"id_case":"case_0420","registry_id_case":"case_0420"},"geometry":{"type":"Polygon","coordinates":[[[619,-792],[621,-792],[622,-810],[617,-822],[618,-828],[623,-835],[611,-839],[604,-854],[597,-829],[599,-817],[598,-808],[600,-808],[605,-801],[608,-801],[619,-794],[619,-792]]]}},{"type":"Feature","properties":{"id_case":"case_0421","registry_id_case":"case_0421"},"geometry":{"type":"Polygon","coordinates":[[[1653,-799],[1667,-806],[1666,-821],[1669,-827],[1686,-840],[1686,-842],[1684,-842],[1665,-855],[1648,-844],[1641,-846],[1631,-841],[1632,-827],[1641,-822],[1640,-816],[1636,-808],[1653,-800],[1653,-799]]]}},{"type":"Feature","properties":{"id_case":"case_0422","registry_id_case":"case_0422"},"geometry":{"type":"Polygon","coordinates":[[[2318,-798],[2323,-799],[2325,-804],[2326,-812],[2324,-814],[2304,-824],[2274,-849],[2264,-849],[2243,-856],[2238,-831],[2243,-825],[2249,-822],[2250,-818],[2255,-813],[2259,-813],[2262,-805],[2268,-804],[2286,-809],[2293,-805],[2309,-804],[2318,-799],[2318,-798]]]}},{"type":"Feature","properties":{"id_case":"case_0423","registry_id_case":"case_0423"},"geometry":{"type":"Polygon","coordinates":[[[1803,-824],[1828,-828],[1823,-844],[1826,-851],[1825,-855],[1828,-856],[1829,-859],[1804,-858],[1797,-854],[1790,-847],[1790,-845],[1781,-832],[1792,-827],[1803,-825],[1803,-824]]]}},{"type":"Feature","properties":{"id_case":"case_0424","registry_id_case":"case_0424"},"geometry":{"type":"Polygon","coordinates":[[[2852,-803],[2878,-806],[2888,-812],[2896,-842],[2895,-848],[2889,-854],[2885,-854],[2885,-852],[2874,-837],[2858,-840],[2850,-834],[2852,-820],[2842,-806],[2852,-804],[2852,-803]]]}},{"type":"Feature","properties":{"id_case":"case_0425","registry_id_case":"case_0425"},"geometry":{"type":"Polygon","coordinates":[[[1136,-805],[1145,-807],[1145,-809],[1142,-810],[1145,-813],[1159,-817],[1161,-825],[1157,-839],[1152,-849],[1146,-856],[1143,-856],[1134,-848],[1118,-846],[1114,-836],[1119,-829],[1127,-809],[1129,-807],[1136,-806],[1136,-805]]]}},{"type":"Feature","properties":{"id_case":"case_0426","registry_id_case":"case_0426"},"geometry":{"type":"Polygon","coordinates":[[[1899,-822],[1917,-829],[1923,-834],[1921,-841],[1925,-847],[1921,-849],[1920,-853],[1923,-857],[1922,-858],[1916,-858],[1908,-850],[1901,-848],[1900,-851],[1893,-853],[1892,-852],[1890,-848],[1899,-823],[1899,-822]]]}},{"type":"Feature","properties":{"id_case":"case_0427","registry_id_case":"case_0427"},"geometry":{"type":"Polygon","coordinates":[[[784,-812],[809,-816],[812,-819],[813,-828],[820,-836],[820,-846],[818,-848],[806,-851],[787,-847],[775,-849],[748,-859],[725,-851],[726,-848],[731,-848],[769,-838],[774,-834],[776,-823],[781,-814],[784,-813],[784,-812]]]}},{"type":"Feature","properties":{"id_case":"case_0428","registry_id_case":"case_0428"},"geometry":{"type":"Polygon","coordinates":[[[1402,-828],[1404,-830],[1417,-833],[1419,-839],[1410,-849],[1401,-858],[1372,-859],[1376,-840],[1387,-839],[1402,-829],[1402,-828]]]}},{"type":"Feature","properties":{"id_case":"case_0429","registry_id_case":"case_0429"},"geometry":{"type":"Polygon","coordinates":[[[1744,-828],[1747,-829],[1748,-833],[1755,-844],[1726,-842],[1725,-845],[1716,-855],[1706,-859],[1701,-857],[1703,-855],[1701,-847],[1689,-841],[1710,-840],[1728,-837],[1744,-829],[1744,-828]]]}},{"type":"Feature","properties":{"id_case":"case_0430","registry_id_case":"case_0430"},"geometry":{"type":"Polygon","coordinates":[[[1509,-788],[1528,-790],[1528,-801],[1543,-814],[1555,-838],[1561,-846],[1556,-851],[1547,-848],[1535,-859],[1528,-862],[1513,-838],[1502,-826],[1497,-825],[1474,-829],[1473,-828],[1473,-809],[1478,-804],[1494,-801],[1509,-789],[1509,-788]]]}},{"type":"Feature","properties":{"id_case":"case_0431","registry_id_case":"case_0431"},"geometry":{"type":"Polygon","coordinates":[[[2642,-796],[2677,-799],[2678,-825],[2659,-824],[2650,-830],[2648,-832],[2642,-850],[2634,-863],[2625,-859],[2615,-843],[2612,-840],[2600,-834],[2599,-830],[2612,-805],[2628,-804],[2642,-797],[2642,-796]]]}},{"type":"Feature","properties":{"id_case":"case_0432","registry_id_case":"case_0432"},"geometry":{"type":"Polygon","coordinates":[[[2149,-809],[2159,-812],[2158,-817],[2161,-822],[2176,-823],[2186,-831],[2193,-832],[2189,-850],[2185,-852],[2172,-865],[2158,-854],[2135,-849],[2126,-861],[2125,-860],[2119,-837],[2121,-811],[2139,-813],[2142,-811],[2149,-810],[2149,-809]]]}},{"type":"Feature","properties":{"id_case":"case_0433","registry_id_case":"case_0433"},"geometry":{"type":"Polygon","coordinates":[[[1050,-825],[1060,-827],[1067,-832],[1077,-833],[1085,-836],[1092,-850],[1088,-861],[1064,-858],[1044,-864],[1041,-857],[1034,-855],[1025,-842],[1030,-836],[1037,-835],[1042,-828],[1050,-826],[1050,-825]]]}},{"type":"Feature","properties":{"id_case":"case_0434","registry_id_case":"case_0434"},"geometry":{"type":"Polygon","coordinates":[[[1246,-797],[1260,-807],[1261,-815],[1273,-825],[1273,-832],[1268,-843],[1253,-859],[1235,-868],[1232,-865],[1226,-849],[1238,-843],[1243,-838],[1243,-827],[1241,-823],[1245,-818],[1247,-811],[1248,-806],[1246,-802],[1246,-797]]]}},{"type":"Feature","properties":{"id_case":"case_0435","registry_id_case":"case_0435"},"geometry":{"type":"Polygon","coordinates":[[[1844,-819],[1852,-819],[1865,-830],[1864,-843],[1868,-854],[1866,-854],[1855,-862],[1845,-863],[1836,-861],[1831,-859],[1831,-856],[1827,-854],[1828,-848],[1825,-842],[1830,-828],[1833,-825],[1844,-820],[1844,-819]]]}},{"type":"Feature","properties":{"id_case":"case_0436","registry_id_case":"case_0436"},"geometry":{"type":"Polygon","coordinates":[[[531,-821],[552,-829],[556,-845],[567,-850],[565,-860],[555,-863],[552,-861],[552,-859],[531,-862],[531,-843],[528,-840],[522,-838],[526,-835],[527,-830],[531,-824],[531,-821]]]}},{"type":"Feature","properties":{"id_case":"case_0437","registry_id_case":"case_0437"},"geometry":{"type":"Polygon","coordinates":[[[621,-826],[646,-827],[665,-830],[670,-849],[659,-853],[658,-865],[655,-873],[633,-863],[627,-835],[621,-828],[621,-826]]]}},{"type":"Feature","properties":{"id_case":"case_0438","registry_id_case":"case_0438"},"geometry":{"type":"Polygon","coordinates":[[[2762,-818],[2773,-818],[2792,-823],[2789,-839],[2780,-850],[2769,-870],[2741,-877],[2736,-829],[2740,-829],[2755,-824],[2762,-819],[2762,-818]]]}},{"type":"Feature","properties":{"id_case":"case_0439","registry_id_case":"case_0439"},"geometry":{"type":"Polygon","coordinates":[[[2204,-828],[2217,-828],[2225,-834],[2233,-835],[2236,-833],[2241,-858],[2231,-873],[2209,-864],[2191,-849],[2195,-832],[2204,-829],[2204,-828]]]}},{"type":"Feature","properties":{"id_case":"case_0440","registry_id_case":"case_0440"},"geometry":{"type":"Polygon","coordinates":[[[1164,-827],[1185,-829],[1195,-827],[1199,-830],[1199,-833],[1196,-837],[1206,-855],[1207,-861],[1204,-869],[1196,-871],[1191,-869],[1187,-865],[1186,-856],[1183,-852],[1174,-851],[1149,-856],[1158,-840],[1162,-829],[1164,-828],[1164,-827]]]}},{"type":"Feature","properties":{"id_case":"case_0441","registry_id_case":"case_0441"},"geometry":{"type":"Polygon","coordinates":[[[1447,-844],[1450,-844],[1457,-848],[1473,-849],[1478,-851],[1483,-854],[1484,-860],[1478,-863],[1474,-867],[1472,-872],[1452,-871],[1430,-861],[1431,-858],[1433,-858],[1447,-845],[1447,-844]]]}},{"type":"Feature","properties":{"id_case":"case_0442","registry_id_case":"case_0442"},"geometry":{"type":"Polygon","coordinates":[[[963,-802],[970,-804],[972,-814],[982,-840],[964,-848],[957,-855],[950,-869],[938,-874],[935,-873],[925,-867],[922,-864],[922,-862],[925,-862],[934,-856],[943,-841],[945,-833],[946,-807],[963,-803],[963,-802]]]}},{"type":"Feature","properties":{"id_case":"case_0443","registry_id_case":"case_0443"},"geometry":{"type":"Polygon","coordinates":[[[2375,-803],[2384,-809],[2388,-821],[2404,-835],[2406,-851],[2402,-856],[2399,-865],[2385,-872],[2380,-867],[2378,-862],[2380,-850],[2376,-840],[2374,-837],[2372,-837],[2361,-829],[2355,-807],[2366,-813],[2375,-804],[2375,-803]]]}},{"type":"Feature","properties":{"id_case":"case_0444","registry_id_case":"case_0444"},"geometry":{"type":"Polygon","coordinates":[[[1750,-831],[1769,-832],[1777,-838],[1786,-860],[1786,-872],[1757,-876],[1749,-872],[1747,-863],[1752,-858],[1754,-858],[1759,-844],[1750,-832],[1750,-831]]]}},{"type":"Feature","properties":{"id_case":"case_0445","registry_id_case":"case_0445"},"geometry":{"type":"Polygon","coordinates":[[[2828,-794],[2848,-819],[2850,-827],[2849,-832],[2847,-834],[2827,-841],[2816,-859],[2803,-861],[2791,-873],[2788,-874],[2771,-870],[2780,-852],[2790,-839],[2793,-824],[2815,-821],[2828,-796],[2828,-794]]]}},{"type":"Feature","properties":{"id_case":"case_0446","registry_id_case":"case_0446"},"geometry":{"type":"Polygon","coordinates":[[[873,-816],[887,-830],[906,-839],[911,-857],[905,-863],[899,-874],[890,-885],[887,-885],[878,-879],[872,-869],[868,-867],[864,-861],[863,-847],[857,-824],[873,-817],[873,-816]]]}},{"type":"Feature","properties":{"id_case":"case_0447","registry_id_case":"case_0447"},"geometry":{"type":"Polygon","coordinates":[[[2325,-815],[2338,-841],[2339,-848],[2334,-858],[2336,-869],[2333,-872],[2317,-876],[2309,-881],[2301,-883],[2298,-878],[2296,-878],[2278,-865],[2276,-850],[2306,-826],[2325,-816],[2325,-815]]]}},{"type":"Feature","properties":{"id_case":"case_0448","registry_id_case":"case_0448"},"geometry":{"type":"Polygon","coordinates":[[[1206,-830],[1223,-849],[1230,-865],[1234,-869],[1230,-870],[1227,-875],[1213,-874],[1181,-878],[1173,-857],[1175,-853],[1180,-853],[1184,-856],[1184,-864],[1188,-869],[1200,-873],[1206,-870],[1209,-854],[1202,-843],[1199,-835],[1201,-832],[1206,-831],[1206,-830]]]}},{"type":"Feature","properties":{"id_case":"case_0449","registry_id_case":"case_0449"},"geometry":{"type":"Polygon","coordinates":[[[2433,-833],[2458,-839],[2469,-847],[2469,-858],[2478,-864],[2471,-879],[2459,-876],[2429,-885],[2424,-880],[2424,-878],[2410,-875],[2405,-873],[2401,-869],[2400,-865],[2402,-859],[2407,-852],[2407,-840],[2412,-840],[2433,-834],[2433,-833]]]}},{"type":"Feature","properties":{"id_case":"case_0450","registry_id_case":"case_0450"},"geometry":{"type":"Polygon","coordinates":[[[1318,-822],[1333,-833],[1351,-841],[1351,-844],[1343,-858],[1330,-862],[1317,-872],[1310,-873],[1300,-880],[1298,-868],[1299,-867],[1292,-864],[1287,-856],[1290,-852],[1293,-852],[1296,-849],[1297,-841],[1318,-823],[1318,-822]]]}},{"type":"Feature","properties":{"id_case":"case_0451","registry_id_case":"case_0451"},"geometry":{"type":"Polygon","coordinates":[[[1021,-844],[1023,-844],[1026,-847],[1026,-849],[1032,-856],[1039,-858],[1048,-882],[1044,-881],[1041,-875],[1036,-873],[1025,-876],[1008,-867],[997,-871],[1000,-862],[1007,-855],[1009,-855],[1021,-845],[1021,-844]]]}},{"type":"Feature","properties":{"id_case":"case_0452","registry_id_case":"case_0452"},"geometry":{"type":"Polygon","coordinates":[[[2473,-827],[2476,-827],[2489,-835],[2502,-846],[2496,-879],[2477,-882],[2473,-880],[2481,-864],[2471,-857],[2471,-845],[2467,-844],[2460,-839],[2461,-836],[2463,-836],[2473,-828],[2473,-827]]]}},{"type":"Feature","properties":{"id_case":"case_0453","registry_id_case":"case_0453"},"geometry":{"type":"Polygon","coordinates":[[[2595,-834],[2598,-834],[2611,-842],[2622,-860],[2631,-864],[2627,-879],[2618,-879],[2611,-886],[2607,-893],[2600,-889],[2600,-884],[2597,-878],[2589,-869],[2579,-868],[2579,-863],[2572,-852],[2595,-835],[2595,-834]]]}},{"type":"Feature","properties":{"id_case":"case_0454","registry_id_case":"case_0454"},"geometry":{"type":"Polygon","coordinates":[[[1110,-837],[1113,-838],[1116,-848],[1133,-849],[1143,-858],[1143,-863],[1134,-874],[1127,-876],[1129,-887],[1118,-887],[1116,-879],[1106,-879],[1092,-868],[1090,-860],[1093,-850],[1102,-840],[1110,-838],[1110,-837]]]}},{"type":"Feature","properties":{"id_case":"case_0455","registry_id_case":"case_0455"},"geometry":{"type":"Polygon","coordinates":[[[1955,-828],[1960,-828],[1962,-830],[1970,-853],[1964,-855],[1961,-864],[1949,-867],[1947,-869],[1944,-891],[1940,-891],[1933,-888],[1931,-889],[1920,-861],[1925,-858],[1925,-855],[1922,-851],[1927,-848],[1927,-844],[1923,-840],[1926,-834],[1941,-829],[1950,-831],[1955,-829],[1955,-828]]]}},{"type":"Feature","properties":{"id_case":"case_0456","registry_id_case":"case_0456"},"geometry":{"type":"Polygon","coordinates":[[[789,-849],[806,-853],[804,-857],[803,-867],[805,-871],[803,-875],[807,-883],[806,-885],[804,-887],[791,-888],[776,-885],[760,-884],[760,-877],[754,-870],[752,-865],[753,-860],[759,-859],[776,-852],[789,-850],[789,-849]]]}},{"type":"Feature","properties":{"id_case":"case_0457","registry_id_case":"case_0457"},"geometry":{"type":"Polygon","coordinates":[[[1065,-860],[1088,-863],[1090,-869],[1104,-879],[1092,-881],[1088,-880],[1084,-884],[1084,-886],[1065,-888],[1057,-893],[1054,-892],[1046,-865],[1065,-861],[1065,-860]]]}},{"type":"Feature","properties":{"id_case":"case_0458","registry_id_case":"case_0458"},"geometry":{"type":"Polygon","coordinates":[[[2360,-832],[2363,-832],[2373,-839],[2378,-857],[2376,-865],[2391,-885],[2371,-891],[2363,-884],[2360,-873],[2356,-869],[2345,-869],[2338,-872],[2337,-871],[2338,-861],[2336,-856],[2341,-847],[2357,-850],[2360,-838],[2360,-832]]]}},{"type":"Feature","properties":{"id_case":"case_0459","registry_id_case":"case_0459"},"geometry":{"type":"Polygon","coordinates":[[[2913,-831],[2928,-833],[2939,-839],[2951,-843],[2950,-846],[2938,-845],[2939,-849],[2947,-858],[2949,-867],[2936,-870],[2931,-869],[2927,-871],[2917,-868],[2914,-870],[2912,-875],[2900,-874],[2889,-884],[2889,-889],[2883,-891],[2882,-882],[2872,-870],[2897,-849],[2899,-837],[2902,-837],[2913,-832],[2913,-831]]]}},{"type":"Feature","properties":{"id_case":"case_0460","registry_id_case":"case_0460"},"geometry":{"type":"Polygon","coordinates":[[[669,-851],[685,-851],[695,-853],[693,-865],[696,-883],[693,-888],[672,-892],[667,-891],[660,-886],[656,-874],[659,-867],[661,-854],[669,-852],[669,-851]]]}},{"type":"Feature","properties":{"id_case":"case_0461","registry_id_case":"case_0461"},"geometry":{"type":"Polygon","coordinates":[[[1275,-827],[1293,-836],[1291,-845],[1286,-846],[1283,-852],[1276,-859],[1269,-863],[1270,-875],[1266,-877],[1264,-887],[1260,-889],[1247,-880],[1230,-876],[1231,-872],[1247,-867],[1254,-861],[1257,-858],[1257,-856],[1268,-845],[1271,-838],[1273,-838],[1275,-834],[1275,-827]]]}},{"type":"Feature","properties":{"id_case":"case_0462","registry_id_case":"case_0462"},"geometry":{"type":"Polygon","coordinates":[[[1727,-844],[1743,-844],[1756,-846],[1753,-856],[1744,-863],[1747,-872],[1742,-875],[1742,-877],[1737,-883],[1728,-888],[1722,-874],[1723,-866],[1711,-861],[1718,-856],[1727,-845],[1727,-844]]]}},{"type":"Feature","properties":{"id_case":"case_0463","registry_id_case":"case_0463"},"geometry":{"type":"Polygon","coordinates":[[[2848,-835],[2857,-841],[2863,-842],[2874,-840],[2884,-858],[2881,-859],[2871,-868],[2867,-869],[2844,-866],[2811,-889],[2797,-891],[2792,-875],[2804,-863],[2816,-861],[2828,-843],[2848,-836],[2848,-835]]]}},{"type":"Feature","properties":{"id_case":"case_0464","registry_id_case":"case_0464"},"geometry":{"type":"Polygon","coordinates":[[[593,-833],[596,-834],[603,-870],[613,-885],[586,-886],[579,-876],[583,-869],[582,-866],[580,-864],[576,-864],[574,-860],[567,-860],[570,-851],[577,-841],[593,-834],[593,-833]]]}},{"type":"Feature","properties":{"id_case":"case_0465","registry_id_case":"case_0465"},"geometry":{"type":"Polygon","coordinates":[[[1384,-860],[1400,-860],[1392,-877],[1370,-890],[1369,-885],[1363,-879],[1358,-878],[1359,-875],[1371,-861],[1384,-861],[1384,-860]]]}},{"type":"Feature","properties":{"id_case":"case_0466","registry_id_case":"case_0466"},"geometry":{"type":"Polygon","coordinates":[[[1421,-839],[1445,-843],[1426,-860],[1420,-874],[1418,-888],[1405,-885],[1393,-879],[1393,-877],[1403,-858],[1421,-840],[1421,-839]]]}},{"type":"Feature","properties":{"id_case":"case_0467","registry_id_case":"case_0467"},"geometry":{"type":"Polygon","coordinates":[[[2660,-826],[2679,-827],[2698,-836],[2698,-838],[2695,-842],[2690,-844],[2690,-857],[2687,-862],[2678,-864],[2675,-867],[2675,-871],[2671,-876],[2661,-881],[2659,-887],[2645,-885],[2638,-886],[2629,-881],[2630,-869],[2640,-856],[2650,-833],[2652,-833],[2660,-827],[2660,-826]]]}},{"type":"Feature","properties":{"id_case":"case_0468","registry_id_case":"case_0468"},"geometry":{"type":"Polygon","coordinates":[[[1902,-850],[1907,-851],[1918,-860],[1918,-863],[1917,-871],[1913,-878],[1915,-883],[1910,-885],[1908,-891],[1897,-893],[1896,-885],[1893,-882],[1886,-881],[1882,-883],[1883,-880],[1885,-880],[1890,-875],[1891,-867],[1887,-854],[1888,-851],[1890,-851],[1892,-855],[1899,-854],[1902,-851],[1902,-850]]]}},{"type":"Feature","properties":{"id_case":"case_0469","registry_id_case":"case_0469"},"geometry":{"type":"Polygon","coordinates":[[[1357,-838],[1359,-838],[1359,-840],[1374,-840],[1370,-860],[1358,-875],[1356,-877],[1341,-879],[1333,-885],[1318,-890],[1314,-888],[1312,-884],[1319,-874],[1323,-870],[1343,-861],[1348,-856],[1353,-841],[1357,-839],[1357,-838]]]}},{"type":"Feature","properties":{"id_case":"case_0470","registry_id_case":"case_0470"},"geometry":{"type":"Polygon","coordinates":[[[855,-828],[860,-847],[861,-860],[841,-862],[828,-867],[815,-892],[809,-890],[812,-878],[809,-873],[811,-873],[811,-867],[808,-860],[810,-857],[813,-854],[821,-852],[824,-847],[835,-845],[840,-837],[848,-835],[855,-830],[855,-828]]]}},{"type":"Feature","properties":{"id_case":"case_0471","registry_id_case":"case_0471"},"geometry":{"type":"Polygon","coordinates":[[[1590,-838],[1594,-838],[1607,-844],[1627,-843],[1620,-859],[1624,-863],[1627,-871],[1620,-879],[1633,-888],[1633,-899],[1609,-901],[1602,-895],[1600,-885],[1583,-883],[1566,-872],[1557,-852],[1562,-847],[1590,-839],[1590,-838]]]}},{"type":"Feature","properties":{"id_case":"case_0472","registry_id_case":"case_0472"},"geometry":{"type":"Polygon","coordinates":[[[623,-837],[631,-864],[653,-875],[638,-897],[617,-886],[606,-869],[604,-857],[612,-841],[623,-838],[623,-837]]]}},{"type":"Feature","properties":{"id_case":"case_0473","registry_id_case":"case_0473"},"geometry":{"type":"Polygon","coordinates":[[[2729,-830],[2734,-831],[2739,-878],[2722,-884],[2704,-893],[2697,-894],[2687,-892],[2680,-870],[2690,-868],[2692,-866],[2695,-857],[2695,-848],[2700,-845],[2703,-837],[2709,-835],[2712,-832],[2721,-834],[2729,-831],[2729,-830]]]}},{"type":"Feature","properties":{"id_case":"case_0474","registry_id_case":"case_0474"},"geometry":{"type":"Polygon","coordinates":[[[2526,-821],[2541,-825],[2550,-832],[2548,-850],[2549,-853],[2537,-854],[2533,-856],[2533,-864],[2529,-882],[2520,-894],[2517,-894],[2507,-890],[2498,-881],[2498,-876],[2504,-847],[2519,-836],[2526,-822],[2526,-821]]]}},{"type":"Feature","properties":{"id_case":"case_0475","registry_id_case":"case_0475"},"geometry":{"type":"Polygon","coordinates":[[[1630,-843],[1643,-849],[1649,-846],[1653,-850],[1668,-857],[1687,-844],[1691,-843],[1695,-845],[1700,-849],[1701,-853],[1699,-857],[1698,-873],[1706,-886],[1700,-887],[1680,-895],[1648,-880],[1633,-886],[1623,-878],[1629,-873],[1627,-862],[1623,-859],[1623,-856],[1630,-844],[1630,-843]]]}},{"type":"Feature","properties":{"id_case":"case_0476","registry_id_case":"case_0476"},"geometry":{"type":"Polygon","coordinates":[[[1169,-854],[1172,-854],[1172,-864],[1179,-880],[1181,-894],[1180,-897],[1176,-897],[1171,-894],[1166,-887],[1146,-884],[1135,-889],[1131,-888],[1132,-884],[1129,-878],[1137,-875],[1138,-870],[1144,-864],[1147,-858],[1169,-855],[1169,-854]]]}},{"type":"Feature","properties":{"id_case":"case_0477","registry_id_case":"case_0477"},"geometry":{"type":"Polygon","coordinates":[[[702,-851],[721,-851],[725,-874],[724,-882],[717,-900],[705,-898],[704,-895],[696,-887],[699,-877],[696,-858],[697,-854],[702,-852],[702,-851]]]}},{"type":"Feature","properties":{"id_case":"case_0478","registry_id_case":"case_0478"},"geometry":{"type":"Polygon","coordinates":[[[2117,-842],[2123,-868],[2116,-899],[2113,-906],[2110,-905],[2100,-896],[2088,-896],[2080,-888],[2080,-886],[2070,-882],[2061,-876],[2058,-868],[2059,-867],[2083,-855],[2100,-855],[2117,-843],[2117,-842]]]}},{"type":"Feature","properties":{"id_case":"case_0479","registry_id_case":"case_0479"},"geometry":{"type":"Polygon","coordinates":[[[981,-842],[984,-842],[997,-857],[990,-872],[966,-887],[955,-892],[938,-907],[938,-876],[951,-871],[957,-859],[965,-850],[974,-848],[981,-843],[981,-842]]]}},{"type":"Feature","properties":{"id_case":"case_0480","registry_id_case":"case_0480"},"geometry":{"type":"Polygon","coordinates":[[[1003,-874],[1010,-874],[1021,-880],[1033,-881],[1037,-879],[1039,-881],[1039,-884],[1048,-890],[1049,-895],[1051,-897],[1055,-897],[1052,-905],[1013,-909],[1000,-906],[986,-899],[981,-884],[1003,-875],[1003,-874]]]}},{"type":"Feature","properties":{"id_case":"case_0481","registry_id_case":"case_0481"},"geometry":{"type":"Polygon","coordinates":[[[1497,-827],[1501,-828],[1509,-836],[1509,-838],[1527,-864],[1525,-864],[1517,-870],[1513,-881],[1512,-887],[1517,-905],[1507,-903],[1489,-906],[1486,-895],[1474,-896],[1468,-886],[1471,-882],[1473,-872],[1475,-869],[1486,-861],[1485,-854],[1483,-852],[1475,-831],[1497,-828],[1497,-827]]]}},{"type":"Feature","properties":{"id_case":"case_0482","registry_id_case":"case_0482"},"geometry":{"type":"Polygon","coordinates":[[[1428,-862],[1452,-872],[1471,-874],[1470,-881],[1459,-903],[1456,-902],[1450,-891],[1441,-889],[1426,-895],[1420,-889],[1421,-874],[1428,-863],[1428,-862]]]}},{"type":"Feature","properties":{"id_case":"case_0483","registry_id_case":"case_0483"},"geometry":{"type":"Polygon","coordinates":[[[860,-862],[862,-862],[863,-865],[870,-870],[870,-872],[877,-881],[881,-882],[887,-887],[886,-891],[874,-907],[871,-908],[849,-895],[845,-894],[824,-905],[823,-900],[816,-896],[816,-892],[828,-870],[842,-865],[860,-863],[860,-862]]]}},{"type":"Feature","properties":{"id_case":"case_0484","registry_id_case":"case_0484"},"geometry":{"type":"Polygon","coordinates":[[[2135,-852],[2158,-855],[2171,-866],[2169,-875],[2158,-886],[2150,-904],[2124,-903],[2118,-900],[2125,-864],[2135,-853],[2135,-852]]]}},{"type":"Feature","properties":{"id_case":"case_0485","registry_id_case":"case_0485"},"geometry":{"type":"Polygon","coordinates":[[[1346,-880],[1362,-881],[1367,-886],[1367,-899],[1362,-904],[1354,-905],[1347,-902],[1335,-900],[1327,-903],[1325,-896],[1328,-889],[1334,-888],[1346,-881],[1346,-880]]]}},{"type":"Feature","properties":{"id_case":"case_0486","registry_id_case":"case_0486"},"geometry":{"type":"Polygon","coordinates":[[[2189,-851],[2194,-853],[2207,-864],[2228,-874],[2219,-880],[2219,-882],[2233,-894],[2226,-911],[2213,-903],[2200,-903],[2193,-892],[2188,-887],[2186,-887],[2171,-876],[2174,-866],[2189,-852],[2189,-851]]]}},{"type":"Feature","properties":{"id_case":"case_0487","registry_id_case":"case_0487"},"geometry":{"type":"Polygon","coordinates":[[[2009,-843],[2011,-843],[2012,-848],[2008,-850],[2008,-858],[2010,-862],[2008,-870],[2012,-876],[2010,-880],[2007,-881],[1997,-875],[1990,-888],[1982,-887],[1980,-889],[1979,-893],[1966,-915],[1958,-912],[1950,-905],[1947,-893],[1946,-887],[1949,-870],[1963,-865],[1966,-856],[1984,-856],[1990,-853],[1995,-846],[2009,-844],[2009,-843]]]}},{"type":"Feature","properties":{"id_case":"case_0488","registry_id_case":"case_0488"},"geometry":{"type":"Polygon","coordinates":[[[1285,-858],[1289,-865],[1296,-867],[1295,-876],[1299,-883],[1315,-875],[1315,-879],[1313,-879],[1310,-882],[1307,-888],[1304,-896],[1306,-900],[1297,-901],[1291,-907],[1283,-910],[1279,-908],[1277,-903],[1266,-900],[1263,-894],[1270,-889],[1271,-881],[1275,-879],[1275,-866],[1277,-866],[1285,-859],[1285,-858]]]}},{"type":"Feature","properties":{"id_case":"case_0489","registry_id_case":"case_0489"},"geometry":{"type":"Polygon","coordinates":[[[1213,-876],[1232,-878],[1255,-886],[1259,-890],[1259,-892],[1254,-910],[1247,-909],[1238,-911],[1231,-905],[1223,-904],[1211,-896],[1200,-893],[1182,-896],[1182,-880],[1213,-877],[1213,-876]]]}},{"type":"Feature","properties":{"id_case":"case_0490","registry_id_case":"case_0490"},"geometry":{"type":"Polygon","coordinates":[[[2562,-853],[2570,-853],[2578,-870],[2568,-874],[2568,-887],[2565,-901],[2561,-903],[2559,-908],[2549,-909],[2540,-907],[2523,-913],[2520,-896],[2530,-883],[2535,-857],[2562,-854],[2562,-853]]]}},{"type":"Feature","properties":{"id_case":"case_0491","registry_id_case":"case_0491"},"geometry":{"type":"Polygon","coordinates":[[[654,-877],[657,-885],[664,-892],[679,-894],[686,-893],[695,-889],[704,-900],[714,-901],[699,-909],[682,-912],[671,-913],[658,-910],[640,-899],[643,-892],[654,-879],[654,-877]]]}},{"type":"Feature","properties":{"id_case":"case_0492","registry_id_case":"case_0492"},"geometry":{"type":"Polygon","coordinates":[[[1391,-880],[1419,-890],[1424,-895],[1424,-898],[1418,-905],[1411,-907],[1407,-911],[1390,-914],[1368,-901],[1370,-899],[1370,-892],[1391,-881],[1391,-880]]]}},{"type":"Feature","properties":{"id_case":"case_0493","registry_id_case":"case_0493"},"geometry":{"type":"Polygon","coordinates":[[[2039,-829],[2049,-848],[2053,-848],[2063,-843],[2073,-848],[2079,-853],[2079,-855],[2056,-866],[2051,-871],[2051,-873],[2035,-896],[2041,-906],[2023,-918],[2019,-910],[2015,-893],[2010,-887],[2009,-883],[2014,-875],[2010,-866],[2012,-859],[2010,-851],[2014,-849],[2014,-842],[2028,-834],[2039,-830],[2039,-829]]]}},{"type":"Feature","properties":{"id_case":"case_0494","registry_id_case":"case_0494"},"geometry":{"type":"Polygon","coordinates":[[[2459,-878],[2464,-878],[2481,-884],[2497,-881],[2498,-884],[2505,-891],[2518,-896],[2521,-914],[2507,-914],[2497,-920],[2490,-922],[2486,-921],[2477,-925],[2471,-924],[2461,-917],[2449,-913],[2444,-908],[2442,-896],[2435,-894],[2435,-889],[2433,-887],[2459,-879],[2459,-878]]]}},{"type":"Feature","properties":{"id_case":"case_0495","registry_id_case":"case_0495"},"geometry":{"type":"Polygon","coordinates":[[[1748,-873],[1756,-877],[1769,-878],[1786,-874],[1784,-885],[1769,-895],[1762,-902],[1758,-912],[1757,-920],[1742,-916],[1737,-913],[1733,-893],[1730,-889],[1738,-885],[1742,-878],[1748,-874],[1748,-873]]]}},{"type":"Feature","properties":{"id_case":"case_0496","registry_id_case":"case_0496"},"geometry":{"type":"Polygon","coordinates":[[[748,-888],[760,-888],[768,-891],[779,-890],[801,-893],[809,-891],[815,-896],[816,-899],[819,-899],[821,-901],[822,-907],[809,-920],[803,-923],[803,-921],[795,-911],[778,-911],[765,-915],[744,-901],[744,-892],[746,-889],[748,-889],[748,-888]]]}},{"type":"Feature","properties":{"id_case":"case_0497","registry_id_case":"case_0497"},"geometry":{"type":"Polygon","coordinates":[[[1574,-880],[1583,-884],[1599,-887],[1601,-897],[1608,-902],[1614,-903],[1635,-900],[1635,-888],[1650,-882],[1659,-887],[1649,-900],[1643,-914],[1632,-919],[1598,-924],[1579,-915],[1572,-892],[1574,-885],[1574,-880]]]}},{"type":"Feature","properties":{"id_case":"case_0498","registry_id_case":"case_0498"},"geometry":{"type":"Polygon","coordinates":[[[1919,-868],[1929,-890],[1931,-892],[1936,-890],[1942,-893],[1943,-892],[1945,-894],[1948,-906],[1956,-912],[1951,-917],[1933,-919],[1932,-915],[1919,-910],[1904,-901],[1899,-896],[1909,-893],[1912,-886],[1917,-885],[1916,-874],[1919,-872],[1919,-868]]]}},{"type":"Feature","properties":{"id_case":"case_0499","registry_id_case":"case_0499"},"geometry":{"type":"Polygon","coordinates":[[[2345,-871],[2356,-871],[2358,-873],[2360,-883],[2367,-891],[2370,-892],[2366,-896],[2366,-898],[2362,-898],[2348,-904],[2340,-911],[2336,-920],[2328,-924],[2320,-925],[2293,-912],[2286,-896],[2294,-890],[2297,-883],[2307,-885],[2320,-878],[2345,-872],[2345,-871]]]}},{"type":"Feature","properties":{"id_case":"case_0500","registry_id_case":"case_0500"},"geometry":{"type":"Polygon","coordinates":[[[2678,-875],[2684,-893],[2678,-904],[2681,-914],[2668,-918],[2646,-922],[2619,-912],[2611,-896],[2619,-885],[2624,-884],[2635,-890],[2650,-890],[2662,-893],[2666,-884],[2672,-883],[2678,-876],[2678,-875]]]}},{"type":"Feature","properties":{"id_case":"case_0501","registry_id_case":"case_0501"},"geometry":{"type":"Polygon","coordinates":[[[608,-887],[615,-887],[652,-908],[667,-914],[667,-921],[662,-920],[653,-923],[649,-921],[643,-923],[642,-915],[640,-913],[635,-914],[634,-917],[632,-917],[629,-912],[615,-916],[601,-911],[587,-909],[587,-888],[608,-888],[608,-887]]]}},{"type":"Feature","properties":{"id_case":"case_0502","registry_id_case":"case_0502"},"geometry":{"type":"Polygon","coordinates":[[[1108,-884],[1112,-884],[1113,-889],[1119,-893],[1120,-901],[1118,-906],[1116,-906],[1116,-908],[1101,-923],[1070,-921],[1061,-923],[1059,-921],[1053,-907],[1057,-898],[1068,-894],[1081,-893],[1087,-890],[1089,-886],[1108,-885],[1108,-884]]]}},{"type":"Feature","properties":{"id_case":"case_0503","registry_id_case":"case_0503"},"geometry":{"type":"Polygon","coordinates":[[[2398,-868],[2404,-875],[2416,-877],[2422,-880],[2433,-890],[2432,-893],[2434,-896],[2440,-897],[2442,-909],[2448,-916],[2439,-926],[2411,-911],[2410,-900],[2408,-900],[2394,-887],[2387,-874],[2398,-869],[2398,-868]]]}},{"type":"Feature","properties":{"id_case":"case_0504","registry_id_case":"case_0504"},"geometry":{"type":"Polygon","coordinates":[[[912,-858],[936,-876],[936,-910],[928,-915],[927,-920],[921,-930],[916,-925],[911,-910],[904,-903],[902,-903],[888,-893],[888,-890],[900,-875],[906,-864],[912,-859],[912,-858]]]}},{"type":"Feature","properties":{"id_case":"case_0505","registry_id_case":"case_0505"},"geometry":{"type":"Polygon","coordinates":[[[2845,-868],[2854,-868],[2869,-871],[2875,-877],[2875,-879],[2880,-885],[2881,-890],[2869,-890],[2865,-892],[2861,-896],[2857,-905],[2853,-907],[2852,-914],[2839,-918],[2835,-927],[2828,-928],[2817,-920],[2813,-890],[2815,-890],[2845,-869],[2845,-868]]]}},{"type":"Feature","properties":{"id_case":"case_0506","registry_id_case":"case_0506"},"geometry":{"type":"Polygon","coordinates":[[[2055,-870],[2062,-880],[2079,-888],[2079,-890],[2087,-898],[2097,-897],[2081,-926],[2075,-924],[2045,-906],[2039,-897],[2038,-893],[2048,-878],[2055,-871],[2055,-870]]]}},{"type":"Feature","properties":{"id_case":"case_0507","registry_id_case":"case_0507"},"geometry":{"type":"Polygon","coordinates":[[[1199,-898],[1207,-899],[1219,-907],[1230,-909],[1232,-913],[1235,-914],[1253,-914],[1253,-920],[1255,-923],[1258,-924],[1258,-927],[1242,-931],[1224,-925],[1208,-917],[1184,-912],[1182,-901],[1191,-901],[1199,-899],[1199,-898]]]}},{"type":"Feature","properties":{"id_case":"case_0508","registry_id_case":"case_0508"},"geometry":{"type":"Polygon","coordinates":[[[723,-852],[749,-861],[750,-870],[757,-878],[758,-883],[744,-884],[739,-888],[737,-901],[734,-905],[726,-928],[720,-921],[718,-902],[725,-884],[727,-868],[723,-854],[723,-852]]]}},{"type":"Feature","properties":{"id_case":"case_0509","registry_id_case":"case_0509"},"geometry":{"type":"Polygon","coordinates":[[[2265,-851],[2273,-852],[2277,-868],[2279,-868],[2294,-878],[2296,-882],[2290,-891],[2260,-908],[2246,-922],[2232,-926],[2227,-912],[2235,-892],[2233,-892],[2224,-884],[2222,-880],[2226,-879],[2234,-873],[2234,-871],[2243,-858],[2265,-852],[2265,-851]]]}},{"type":"Feature","properties":{"id_case":"case_0510","registry_id_case":"case_0510"},"geometry":{"type":"Polygon","coordinates":[[[1700,-860],[1708,-861],[1721,-867],[1720,-879],[1730,-894],[1735,-914],[1725,-919],[1728,-928],[1726,-931],[1722,-932],[1717,-930],[1712,-932],[1710,-930],[1709,-919],[1716,-896],[1714,-891],[1700,-872],[1700,-860]]]}},{"type":"Feature","properties":{"id_case":"case_0511","registry_id_case":"case_0511"},"geometry":{"type":"Polygon","coordinates":[[[1547,-851],[1550,-851],[1555,-854],[1564,-873],[1572,-878],[1570,-898],[1577,-915],[1544,-914],[1543,-917],[1529,-933],[1523,-927],[1518,-925],[1519,-921],[1526,-911],[1520,-904],[1514,-881],[1520,-870],[1537,-861],[1547,-852],[1547,-851]]]}},{"type":"Feature","properties":{"id_case":"case_0512","registry_id_case":"case_0512"},"geometry":{"type":"Polygon","coordinates":[[[2766,-872],[2774,-872],[2788,-875],[2791,-877],[2796,-893],[2811,-893],[2814,-921],[2805,-938],[2800,-939],[2762,-931],[2758,-909],[2750,-905],[2750,-903],[2736,-881],[2766,-873],[2766,-872]]]}},{"type":"Feature","properties":{"id_case":"case_0513","registry_id_case":"case_0513"},"geometry":{"type":"Polygon","coordinates":[[[1309,-888],[1321,-892],[1325,-891],[1323,-902],[1326,-905],[1332,-905],[1343,-902],[1352,-906],[1360,-907],[1367,-902],[1386,-913],[1386,-915],[1373,-924],[1373,-928],[1378,-936],[1367,-935],[1357,-932],[1340,-925],[1318,-913],[1315,-910],[1315,-908],[1312,-907],[1308,-897],[1307,-893],[1309,-890],[1309,-888]]]}},{"type":"Feature","properties":{"id_case":"case_0514","registry_id_case":"case_0514"},"geometry":{"type":"Polygon","coordinates":[[[979,-886],[985,-901],[1015,-912],[1015,-929],[998,-937],[998,-935],[980,-927],[965,-926],[958,-898],[970,-894],[979,-887],[979,-886]]]}},{"type":"Feature","properties":{"id_case":"case_0515","registry_id_case":"case_0515"},"geometry":{"type":"Polygon","coordinates":[[[2733,-882],[2748,-906],[2756,-910],[2760,-931],[2754,-930],[2725,-940],[2683,-914],[2681,-901],[2686,-893],[2704,-896],[2733,-883],[2733,-882]]]}},{"type":"Feature","properties":{"id_case":"case_0516","registry_id_case":"case_0516"},"geometry":{"type":"Polygon","coordinates":[[[1997,-878],[2007,-883],[2007,-888],[2012,-894],[2017,-913],[2029,-932],[2025,-933],[2013,-941],[2008,-938],[2002,-930],[1967,-918],[1967,-915],[1982,-890],[1992,-890],[1997,-880],[1997,-878]]]}},{"type":"Feature","properties":{"id_case":"case_0517","registry_id_case":"case_0517"},"geometry":{"type":"Polygon","coordinates":[[[1143,-887],[1161,-888],[1159,-897],[1155,-902],[1149,-917],[1146,-918],[1143,-932],[1139,-941],[1126,-939],[1118,-929],[1114,-929],[1103,-924],[1114,-913],[1114,-911],[1117,-908],[1119,-908],[1122,-897],[1121,-889],[1137,-891],[1143,-889],[1143,-887]]]}},{"type":"Feature","properties":{"id_case":"case_0518","registry_id_case":"case_0518"},"geometry":{"type":"Polygon","coordinates":[[[1442,-891],[1450,-894],[1456,-907],[1455,-908],[1442,-915],[1429,-920],[1422,-921],[1401,-934],[1389,-938],[1380,-936],[1375,-925],[1377,-923],[1388,-917],[1409,-914],[1411,-910],[1420,-906],[1426,-897],[1442,-892],[1442,-891]]]}},{"type":"Feature","properties":{"id_case":"case_0519","registry_id_case":"case_0519"},"geometry":{"type":"Polygon","coordinates":[[[1304,-902],[1308,-902],[1308,-905],[1317,-915],[1351,-931],[1353,-937],[1343,-944],[1332,-938],[1302,-936],[1299,-925],[1288,-911],[1292,-910],[1298,-904],[1304,-903],[1304,-902]]]}},{"type":"Feature","properties":{"id_case":"case_0520","registry_id_case":"case_0520"},"geometry":{"type":"Polygon","coordinates":[[[1660,-889],[1664,-889],[1680,-897],[1678,-915],[1682,-921],[1683,-928],[1682,-934],[1678,-940],[1678,-946],[1662,-948],[1647,-943],[1647,-932],[1643,-924],[1644,-914],[1651,-899],[1660,-890],[1660,-889]]]}},{"type":"Feature","properties":{"id_case":"case_0521","registry_id_case":"case_0521"},"geometry":{"type":"Polygon","coordinates":[[[2169,-877],[2186,-888],[2192,-894],[2198,-906],[2187,-942],[2173,-939],[2160,-931],[2148,-927],[2151,-907],[2158,-888],[2169,-878],[2169,-877]]]}},{"type":"Feature","properties":{"id_case":"case_0522","registry_id_case":"case_0522"},"geometry":{"type":"Polygon","coordinates":[[[2898,-883],[2900,-883],[2901,-889],[2903,-939],[2901,-945],[2899,-945],[2889,-936],[2883,-935],[2860,-938],[2853,-942],[2841,-932],[2842,-924],[2844,-922],[2849,-922],[2857,-917],[2858,-911],[2861,-908],[2864,-901],[2869,-896],[2888,-896],[2893,-893],[2895,-886],[2898,-884],[2898,-883]]]}},{"type":"Feature","properties":{"id_case":"case_0523","registry_id_case":"case_0523"},"geometry":{"type":"Polygon","coordinates":[[[744,-903],[767,-917],[778,-914],[792,-913],[798,-918],[802,-926],[787,-941],[763,-947],[757,-944],[753,-946],[749,-942],[742,-939],[740,-935],[734,-932],[733,-927],[737,-919],[738,-912],[744,-904],[744,-903]]]}},{"type":"Feature","properties":{"id_case":"case_0524","registry_id_case":"case_0524"},"geometry":{"type":"Polygon","coordinates":[[[1902,-907],[1905,-907],[1927,-918],[1929,-920],[1929,-927],[1933,-930],[1933,-934],[1935,-936],[1934,-938],[1928,-941],[1926,-945],[1923,-945],[1913,-939],[1902,-935],[1883,-934],[1886,-923],[1900,-916],[1902,-912],[1902,-907]]]}},{"type":"Feature","properties":{"id_case":"case_0525","registry_id_case":"case_0525"},"geometry":{"type":"Polygon","coordinates":[[[2117,-902],[2123,-904],[2149,-906],[2147,-926],[2135,-948],[2116,-945],[2099,-947],[2099,-935],[2111,-929],[2114,-908],[2117,-903],[2117,-902]]]}},{"type":"Feature","properties":{"id_case":"case_0526","registry_id_case":"case_0526"},"geometry":{"type":"Polygon","coordinates":[[[714,-904],[716,-904],[717,-922],[723,-931],[720,-931],[718,-933],[717,-938],[715,-940],[695,-946],[689,-944],[687,-940],[681,-941],[682,-935],[678,-927],[670,-923],[670,-915],[676,-916],[700,-912],[714,-905],[714,-904]]]}},{"type":"Feature","properties":{"id_case":"case_0527","registry_id_case":"case_0527"},"geometry":{"type":"Polygon","coordinates":[[[1467,-890],[1469,-890],[1470,-894],[1474,-899],[1485,-897],[1488,-919],[1476,-921],[1463,-927],[1444,-943],[1438,-940],[1430,-943],[1396,-939],[1411,-932],[1419,-926],[1443,-918],[1452,-913],[1460,-906],[1467,-892],[1467,-890]]]}},{"type":"Feature","properties":{"id_case":"case_0528","registry_id_case":"case_0528"},"geometry":{"type":"Polygon","coordinates":[[[2390,-887],[2393,-887],[2393,-889],[2399,-895],[2401,-895],[2408,-901],[2408,-908],[2411,-914],[2421,-918],[2448,-933],[2431,-939],[2429,-956],[2424,-954],[2418,-948],[2414,-935],[2410,-931],[2408,-931],[2393,-919],[2386,-917],[2385,-910],[2374,-892],[2390,-888],[2390,-887]]]}},{"type":"Feature","properties":{"id_case":"case_0529","registry_id_case":"case_0529"},"geometry":{"type":"Polygon","coordinates":[[[1262,-898],[1265,-902],[1271,-902],[1275,-904],[1278,-911],[1285,-912],[1296,-926],[1300,-937],[1297,-940],[1295,-953],[1287,-944],[1266,-934],[1263,-920],[1260,-916],[1259,-908],[1262,-903],[1262,-898]]]}},{"type":"Feature","properties":{"id_case":"case_0530","registry_id_case":"case_0530"},"geometry":{"type":"Polygon","coordinates":[[[1185,-916],[1198,-916],[1207,-918],[1221,-925],[1242,-932],[1242,-948],[1241,-950],[1215,-948],[1200,-941],[1192,-934],[1187,-933],[1181,-935],[1185,-923],[1185,-916]]]}},{"type":"Feature","properties":{"id_case":"case_0531","registry_id_case":"case_0531"},"geometry":{"type":"Polygon","coordinates":[[[1707,-887],[1711,-892],[1714,-901],[1706,-925],[1713,-940],[1691,-952],[1682,-946],[1680,-938],[1684,-934],[1686,-921],[1681,-913],[1680,-908],[1682,-897],[1707,-888],[1707,-887]]]}},{"type":"Feature","properties":{"id_case":"case_0532","registry_id_case":"case_0532"},"geometry":{"type":"Polygon","coordinates":[[[1163,-889],[1165,-889],[1165,-891],[1170,-896],[1173,-896],[1176,-899],[1180,-900],[1180,-909],[1183,-922],[1173,-949],[1174,-956],[1141,-949],[1141,-941],[1146,-922],[1148,-919],[1151,-918],[1152,-913],[1163,-890],[1163,-889]]]}},{"type":"Feature","properties":{"id_case":"case_0533","registry_id_case":"case_0533"},"geometry":{"type":"Polygon","coordinates":[[[2372,-896],[2381,-909],[2384,-918],[2391,-919],[2408,-932],[2412,-936],[2416,-947],[2405,-946],[2390,-940],[2382,-945],[2378,-956],[2365,-949],[2365,-938],[2358,-937],[2358,-929],[2355,-924],[2344,-917],[2348,-911],[2369,-902],[2372,-899],[2372,-896]]]}},{"type":"Feature","properties":{"id_case":"case_0534","registry_id_case":"case_0534"},"geometry":{"type":"Polygon","coordinates":[[[2578,-875],[2588,-875],[2590,-877],[2595,-891],[2605,-898],[2609,-898],[2616,-911],[2617,-915],[2612,-924],[2617,-937],[2611,-959],[2585,-955],[2574,-957],[2570,-921],[2564,-910],[2565,-907],[2569,-905],[2574,-877],[2578,-876],[2578,-875]]]}},{"type":"Feature","properties":{"id_case":"case_0535","registry_id_case":"case_0535"},"geometry":{"type":"Polygon","coordinates":[[[1640,-917],[1642,-917],[1641,-926],[1644,-932],[1645,-945],[1660,-949],[1656,-952],[1650,-955],[1631,-959],[1624,-955],[1618,-954],[1603,-958],[1589,-953],[1582,-935],[1580,-918],[1597,-925],[1605,-926],[1632,-922],[1640,-918],[1640,-917]]]}},{"type":"Feature","properties":{"id_case":"case_0536","registry_id_case":"case_0536"},"geometry":{"type":"Polygon","coordinates":[[[2450,-916],[2460,-918],[2470,-925],[2487,-929],[2487,-933],[2490,-938],[2491,-948],[2485,-963],[2482,-962],[2481,-958],[2472,-944],[2464,-941],[2441,-928],[2444,-922],[2450,-917],[2450,-916]]]}},{"type":"Feature","properties":{"id_case":"case_0537","registry_id_case":"case_0537"},"geometry":{"type":"Polygon","coordinates":[[[1034,-908],[1051,-909],[1059,-926],[1050,-936],[1042,-939],[1038,-955],[1033,-957],[1029,-961],[1029,-963],[1011,-958],[1004,-951],[1002,-938],[1018,-929],[1017,-911],[1034,-909],[1034,-908]]]}},{"type":"Feature","properties":{"id_case":"case_0538","registry_id_case":"case_0538"},"geometry":{"type":"Polygon","coordinates":[[[2282,-899],[2284,-899],[2286,-906],[2292,-914],[2295,-914],[2314,-924],[2310,-925],[2290,-921],[2288,-925],[2286,-925],[2282,-929],[2279,-938],[2276,-939],[2276,-944],[2274,-944],[2259,-959],[2259,-961],[2255,-963],[2237,-945],[2228,-939],[2231,-930],[2232,-928],[2249,-924],[2261,-910],[2282,-900],[2282,-899]]]}},{"type":"Feature","properties":{"id_case":"case_0539","registry_id_case":"case_0539"},"geometry":{"type":"Polygon","coordinates":[[[1545,-916],[1578,-917],[1579,-936],[1587,-953],[1562,-953],[1541,-959],[1539,-951],[1532,-949],[1528,-940],[1529,-935],[1545,-917],[1545,-916]]]}},{"type":"Feature","properties":{"id_case":"case_0540","registry_id_case":"case_0540"},"geometry":{"type":"Polygon","coordinates":[[[846,-896],[850,-897],[872,-910],[874,-927],[867,-945],[850,-954],[839,-952],[832,-948],[822,-947],[810,-964],[796,-957],[788,-942],[823,-909],[846,-897],[846,-896]]]}},{"type":"Feature","properties":{"id_case":"case_0541","registry_id_case":"case_0541"},"geometry":{"type":"Polygon","coordinates":[[[2540,-913],[2563,-913],[2566,-920],[2568,-940],[2572,-957],[2556,-959],[2539,-953],[2493,-945],[2494,-940],[2488,-926],[2498,-927],[2508,-920],[2524,-919],[2540,-914],[2540,-913]]]}},{"type":"Feature","properties":{"id_case":"case_0542","registry_id_case":"case_0542"},"geometry":{"type":"Polygon","coordinates":[[[955,-904],[964,-928],[952,-960],[943,-959],[930,-952],[924,-951],[918,-953],[913,-948],[912,-944],[914,-944],[927,-933],[935,-918],[938,-918],[955,-905],[955,-904]]]}},{"type":"Feature","properties":{"id_case":"case_0543","registry_id_case":"case_0543"},"geometry":{"type":"Polygon","coordinates":[[[2918,-875],[2920,-875],[2920,-880],[2922,-880],[2926,-906],[2929,-909],[2934,-929],[2937,-930],[2938,-937],[2940,-937],[2944,-941],[2951,-954],[2939,-956],[2934,-962],[2925,-965],[2917,-963],[2905,-951],[2903,-945],[2905,-910],[2904,-888],[2901,-881],[2903,-879],[2916,-880],[2918,-876],[2918,-875]]]}},{"type":"Feature","properties":{"id_case":"case_0544","registry_id_case":"case_0544"},"geometry":{"type":"Polygon","coordinates":[[[1957,-914],[1964,-916],[1966,-918],[1966,-921],[1982,-925],[1982,-940],[1979,-940],[1975,-943],[1974,-950],[1970,-960],[1966,-959],[1962,-956],[1961,-953],[1959,-953],[1962,-947],[1961,-943],[1953,-940],[1952,-937],[1939,-933],[1937,-926],[1934,-925],[1934,-921],[1952,-920],[1957,-915],[1957,-914]]]}},{"type":"Feature","properties":{"id_case":"case_0545","registry_id_case":"case_0545"},"geometry":{"type":"Polygon","coordinates":[[[2042,-907],[2048,-909],[2079,-928],[2079,-933],[2074,-945],[2056,-968],[2053,-961],[2045,-957],[2043,-951],[2039,-946],[2025,-919],[2042,-908],[2042,-907]]]}},{"type":"Feature","properties":{"id_case":"case_0546","registry_id_case":"case_0546"},"geometry":{"type":"Polygon","coordinates":[[[1354,-933],[1377,-938],[1431,-945],[1441,-942],[1446,-947],[1438,-963],[1418,-964],[1411,-961],[1398,-959],[1389,-961],[1385,-967],[1366,-971],[1361,-947],[1354,-934],[1354,-933]]]}},{"type":"Feature","properties":{"id_case":"case_0547","registry_id_case":"case_0547"},"geometry":{"type":"Polygon","coordinates":[[[2208,-904],[2212,-904],[2225,-912],[2230,-930],[2222,-954],[2215,-957],[2206,-968],[2203,-968],[2195,-962],[2188,-942],[2200,-905],[2208,-905],[2208,-904]]]}},{"type":"Feature","properties":{"id_case":"case_0548","registry_id_case":"case_0548"},"geometry":{"type":"Polygon","coordinates":[[[1984,-926],[2000,-931],[2006,-939],[2008,-939],[2018,-947],[2019,-955],[2025,-969],[2021,-969],[2018,-967],[2017,-963],[2011,-963],[2003,-966],[2002,-963],[1991,-961],[1993,-957],[1984,-950],[1987,-943],[1984,-941],[1984,-926]]]}},{"type":"Feature","properties":{"id_case":"case_0549","registry_id_case":"case_0549"},"geometry":{"type":"Polygon","coordinates":[[[2296,-931],[2317,-937],[2325,-951],[2326,-958],[2324,-964],[2313,-968],[2302,-965],[2289,-964],[2282,-961],[2287,-958],[2288,-959],[2291,-956],[2290,-946],[2296,-936],[2296,-932],[2296,-931]]]}},{"type":"Feature","properties":{"id_case":"case_0550","registry_id_case":"case_0550"},"geometry":{"type":"Polygon","coordinates":[[[2099,-898],[2102,-899],[2112,-909],[2110,-927],[2097,-934],[2097,-947],[2090,-960],[2083,-961],[2057,-971],[2057,-969],[2076,-944],[2084,-923],[2099,-899],[2099,-898]]]}},{"type":"Feature","properties":{"id_case":"case_0551","registry_id_case":"case_0551"},"geometry":{"type":"Polygon","coordinates":[[[2680,-916],[2686,-917],[2725,-942],[2728,-950],[2718,-977],[2705,-971],[2703,-961],[2680,-960],[2670,-958],[2670,-941],[2666,-921],[2680,-917],[2680,-916]]]}},{"type":"Feature","properties":{"id_case":"case_0552","registry_id_case":"case_0552"},"geometry":{"type":"Polygon","coordinates":[[[1300,-939],[1331,-939],[1345,-946],[1355,-939],[1364,-972],[1355,-974],[1344,-970],[1331,-971],[1322,-969],[1320,-968],[1320,-965],[1316,-960],[1307,-960],[1303,-957],[1297,-956],[1298,-941],[1300,-940],[1300,-939]]]}},{"type":"Feature","properties":{"id_case":"case_0553","registry_id_case":"case_0553"},"geometry":{"type":"Polygon","coordinates":[[[2815,-922],[2819,-923],[2827,-929],[2835,-930],[2835,-935],[2850,-946],[2844,-958],[2836,-960],[2832,-966],[2822,-971],[2819,-977],[2803,-978],[2801,-951],[2802,-941],[2808,-938],[2815,-924],[2815,-922]]]}},{"type":"Feature","properties":{"id_case":"case_0554","registry_id_case":"case_0554"},"geometry":{"type":"Polygon","coordinates":[[[1730,-929],[1734,-929],[1742,-933],[1743,-937],[1745,-937],[1748,-940],[1748,-944],[1745,-949],[1736,-951],[1736,-959],[1739,-974],[1728,-972],[1721,-975],[1714,-970],[1714,-967],[1711,-964],[1705,-963],[1704,-957],[1693,-955],[1693,-953],[1713,-943],[1716,-940],[1714,-935],[1716,-933],[1719,-932],[1725,-934],[1730,-930],[1730,-929]]]}},{"type":"Feature","properties":{"id_case":"case_0555","registry_id_case":"case_0555"},"geometry":{"type":"Polygon","coordinates":[[[1118,-933],[1124,-940],[1138,-943],[1139,-950],[1149,-953],[1151,-955],[1151,-958],[1146,-961],[1146,-964],[1143,-968],[1141,-968],[1135,-973],[1121,-976],[1110,-954],[1115,-949],[1118,-943],[1118,-933]]]}},{"type":"Feature","properties":{"id_case":"case_0556","registry_id_case":"case_0556"},"geometry":{"type":"Polygon","coordinates":[[[1188,-935],[1191,-935],[1199,-942],[1215,-950],[1243,-952],[1249,-955],[1251,-957],[1251,-967],[1249,-969],[1238,-969],[1230,-973],[1207,-972],[1193,-974],[1181,-971],[1178,-965],[1153,-957],[1153,-954],[1155,-954],[1176,-959],[1176,-945],[1179,-938],[1188,-936],[1188,-935]]]}},{"type":"Feature","properties":{"id_case":"case_0557","registry_id_case":"case_0557"},"geometry":{"type":"Polygon","coordinates":[[[885,-894],[887,-894],[903,-905],[909,-911],[910,-920],[913,-926],[919,-932],[905,-942],[904,-954],[898,-961],[882,-964],[871,-972],[869,-978],[854,-955],[868,-947],[876,-923],[874,-909],[885,-895],[885,-894]]]}},{"type":"Feature","properties":{"id_case":"case_0558","registry_id_case":"case_0558"},"geometry":{"type":"Polygon","coordinates":[[[966,-928],[978,-928],[991,-933],[1000,-939],[1000,-947],[1002,-954],[982,-980],[954,-962],[955,-955],[966,-929],[966,-928]]]}},{"type":"Feature","properties":{"id_case":"case_0559","registry_id_case":"case_0559"},"geometry":{"type":"Polygon","coordinates":[[[2619,-914],[2647,-924],[2664,-921],[2668,-957],[2662,-956],[2654,-958],[2650,-971],[2619,-980],[2619,-978],[2613,-972],[2612,-959],[2619,-933],[2615,-922],[2619,-915],[2619,-914]]]}},{"type":"Feature","properties":{"id_case":"case_0560","registry_id_case":"case_0560"},"geometry":{"type":"Polygon","coordinates":[[[1103,-927],[1116,-931],[1116,-942],[1114,-948],[1106,-956],[1102,-964],[1084,-967],[1073,-978],[1071,-962],[1073,-958],[1079,-948],[1103,-928],[1103,-927]]]}},{"type":"Feature","properties":{"id_case":"case_0561","registry_id_case":"case_0561"},"geometry":{"type":"Polygon","coordinates":[[[1486,-921],[1490,-922],[1498,-940],[1499,-945],[1497,-970],[1500,-977],[1492,-976],[1488,-970],[1479,-969],[1473,-966],[1457,-964],[1444,-967],[1440,-965],[1441,-959],[1448,-946],[1446,-944],[1449,-941],[1451,-941],[1464,-930],[1474,-925],[1486,-922],[1486,-921]]]}},{"type":"Feature","properties":{"id_case":"case_0562","registry_id_case":"case_0562"},"geometry":{"type":"Polygon","coordinates":[[[1071,-923],[1084,-923],[1101,-926],[1078,-946],[1069,-965],[1057,-966],[1031,-975],[1030,-963],[1040,-956],[1044,-940],[1047,-940],[1056,-934],[1058,-929],[1060,-927],[1063,-927],[1063,-925],[1071,-924],[1071,-923]]]}},{"type":"Feature","properties":{"id_case":"case_0563","registry_id_case":"case_0563"},"geometry":{"type":"Polygon","coordinates":[[[1884,-936],[1901,-936],[1923,-946],[1924,-955],[1922,-968],[1911,-975],[1902,-976],[1895,-975],[1890,-970],[1882,-968],[1882,-954],[1875,-944],[1884,-937],[1884,-936]]]}},{"type":"Feature","properties":{"id_case":"case_0564","registry_id_case":"case_0564"},"geometry":{"type":"Polygon","coordinates":[[[2342,-919],[2347,-921],[2355,-928],[2357,-939],[2363,-939],[2362,-949],[2376,-957],[2365,-962],[2362,-968],[2355,-970],[2350,-980],[2347,-980],[2341,-976],[2325,-975],[2318,-970],[2327,-964],[2328,-951],[2319,-936],[2340,-924],[2342,-920],[2342,-919]]]}},{"type":"Feature","properties":{"id_case":"case_0565","registry_id_case":"case_0565"},"geometry":{"type":"Polygon","coordinates":[[[2147,-929],[2157,-931],[2172,-940],[2186,-944],[2194,-964],[2180,-976],[2157,-984],[2157,-982],[2152,-976],[2149,-964],[2138,-951],[2137,-947],[2145,-932],[2147,-931],[2147,-929]]]}},{"type":"Feature","properties":{"id_case":"case_0566","registry_id_case":"case_0566"},"geometry":{"type":"Polygon","coordinates":[[[1256,-930],[1259,-931],[1260,-936],[1266,-942],[1283,-949],[1292,-958],[1306,-965],[1314,-967],[1313,-972],[1305,-985],[1306,-988],[1301,-983],[1289,-983],[1270,-964],[1260,-962],[1254,-964],[1254,-957],[1250,-953],[1243,-950],[1245,-933],[1253,-933],[1256,-931],[1256,-930]]]}},{"type":"Feature","properties":{"id_case":"case_0567","registry_id_case":"case_0567"},"geometry":{"type":"Polygon","coordinates":[[[1507,-905],[1518,-907],[1524,-912],[1515,-925],[1523,-930],[1523,-932],[1526,-935],[1526,-941],[1530,-949],[1532,-951],[1537,-952],[1539,-960],[1530,-963],[1524,-968],[1525,-983],[1519,-984],[1511,-979],[1503,-978],[1500,-969],[1499,-950],[1501,-940],[1492,-922],[1490,-908],[1507,-906],[1507,-905]]]}},{"type":"Feature","properties":{"id_case":"case_0568","registry_id_case":"case_0568"},"geometry":{"type":"Polygon","coordinates":[[[1750,-942],[1754,-943],[1762,-949],[1765,-955],[1765,-963],[1770,-972],[1769,-985],[1746,-987],[1741,-972],[1738,-953],[1746,-951],[1750,-944],[1750,-942]]]}},{"type":"Feature","properties":{"id_case":"case_0569","registry_id_case":"case_0569"},"geometry":{"type":"Polygon","coordinates":[[[2449,-935],[2452,-935],[2471,-946],[2474,-954],[2464,-974],[2462,-985],[2460,-987],[2438,-977],[2432,-959],[2431,-953],[2433,-941],[2449,-936],[2449,-935]]]}},{"type":"Feature","properties":{"id_case":"case_0570","registry_id_case":"case_0570"},"geometry":{"type":"Polygon","coordinates":[[[910,-948],[912,-948],[917,-955],[929,-953],[941,-960],[952,-962],[959,-967],[962,-970],[962,-972],[966,-973],[968,-977],[961,-979],[948,-979],[939,-977],[932,-980],[913,-983],[896,-969],[907,-961],[910,-955],[910,-948]]]}},{"type":"Feature","properties":{"id_case":"case_0571","registry_id_case":"case_0571"},"geometry":{"type":"Polygon","coordinates":[[[2754,-932],[2799,-940],[2799,-966],[2801,-978],[2781,-979],[2768,-975],[2749,-982],[2729,-983],[2720,-980],[2720,-976],[2730,-947],[2727,-941],[2754,-933],[2754,-932]]]}},{"type":"Feature","properties":{"id_case":"case_0572","registry_id_case":"case_0572"},"geometry":{"type":"Polygon","coordinates":[[[1562,-955],[1589,-955],[1602,-959],[1616,-975],[1617,-982],[1599,-984],[1582,-981],[1573,-985],[1566,-992],[1560,-993],[1551,-991],[1541,-985],[1530,-983],[1527,-981],[1527,-968],[1539,-962],[1562,-956],[1562,-955]]]}},{"type":"Feature","properties":{"id_case":"case_0573","registry_id_case":"case_0573"},"geometry":{"type":"Polygon","coordinates":[[[2227,-942],[2235,-945],[2251,-961],[2251,-963],[2253,-963],[2256,-966],[2254,-973],[2252,-976],[2246,-977],[2242,-981],[2241,-989],[2221,-981],[2206,-992],[2206,-970],[2216,-959],[2224,-955],[2227,-945],[2227,-942]]]}},{"type":"Feature","properties":{"id_case":"case_0574","registry_id_case":"case_0574"},"geometry":{"type":"Polygon","coordinates":[[[2493,-948],[2538,-954],[2555,-960],[2542,-990],[2535,-990],[2532,-993],[2527,-994],[2509,-994],[2492,-987],[2488,-983],[2488,-981],[2483,-978],[2483,-970],[2493,-949],[2493,-948]]]}},{"type":"Feature","properties":{"id_case":"case_0575","registry_id_case":"case_0575"},"geometry":{"type":"Polygon","coordinates":[[[2280,-962],[2289,-965],[2302,-966],[2313,-969],[2325,-976],[2340,-977],[2348,-982],[2335,-991],[2323,-993],[2317,-992],[2289,-997],[2289,-995],[2279,-987],[2277,-982],[2275,-971],[2278,-965],[2280,-964],[2280,-962]]]}},{"type":"Feature","properties":{"id_case":"case_0576","registry_id_case":"case_0576"},"geometry":{"type":"Polygon","coordinates":[[[2879,-938],[2890,-939],[2901,-948],[2904,-951],[2904,-953],[2914,-963],[2915,-965],[2904,-981],[2871,-991],[2854,-989],[2828,-983],[2828,-980],[2825,-977],[2837,-970],[2838,-966],[2844,-965],[2849,-961],[2854,-950],[2855,-943],[2879,-939],[2879,-938]]]}},{"type":"Feature","properties":{"id_case":"case_0577","registry_id_case":"case_0577"},"geometry":{"type":"Polygon","coordinates":[[[1678,-947],[1683,-948],[1691,-954],[1685,-970],[1676,-979],[1670,-992],[1662,-988],[1643,-987],[1619,-982],[1620,-975],[1606,-959],[1624,-956],[1630,-960],[1636,-961],[1651,-958],[1665,-950],[1678,-948],[1678,-947]]]}},{"type":"Feature","properties":{"id_case":"case_0578","registry_id_case":"case_0578"},"geometry":{"type":"Polygon","coordinates":[[[1735,-916],[1752,-919],[1757,-922],[1763,-936],[1776,-944],[1779,-954],[1780,-969],[1778,-985],[1774,-997],[1772,-997],[1772,-968],[1767,-960],[1768,-955],[1761,-946],[1759,-946],[1744,-935],[1743,-931],[1738,-930],[1729,-925],[1727,-920],[1735,-917],[1735,-916]]]}},{"type":"Feature","properties":{"id_case":"case_0579","registry_id_case":"case_0579"},"geometry":{"type":"Polygon","coordinates":[[[1107,-957],[1109,-957],[1111,-963],[1120,-977],[1107,-990],[1086,-990],[1083,-984],[1076,-984],[1073,-982],[1085,-970],[1093,-969],[1104,-965],[1105,-960],[1107,-958],[1107,-957]]]}},{"type":"Feature","properties":{"id_case":"case_0580","registry_id_case":"case_0580"},"geometry":{"type":"Polygon","coordinates":[[[1826,-945],[1837,-946],[1845,-955],[1847,-955],[1854,-968],[1864,-981],[1868,-997],[1843,-992],[1839,-988],[1839,-986],[1825,-990],[1825,-983],[1828,-977],[1819,-953],[1820,-950],[1824,-946],[1826,-946],[1826,-945]]]}},{"type":"Feature","properties":{"id_case":"case_0581","registry_id_case":"case_0581"},"geometry":{"type":"Polygon","coordinates":[[[2389,-943],[2394,-943],[2404,-947],[2418,-950],[2422,-954],[2419,-975],[2415,-979],[2409,-995],[2406,-992],[2405,-987],[2407,-979],[2394,-979],[2383,-972],[2365,-967],[2366,-964],[2380,-959],[2384,-946],[2389,-944],[2389,-943]]]}},{"type":"Feature","properties":{"id_case":"case_0582","registry_id_case":"case_0582"},"geometry":{"type":"Polygon","coordinates":[[[823,-949],[831,-949],[835,-952],[849,-955],[853,-958],[867,-983],[861,-998],[834,-995],[820,-976],[812,-975],[809,-973],[811,-965],[823,-950],[823,-949]]]}},{"type":"Feature","properties":{"id_case":"case_0583","registry_id_case":"case_0583"},"geometry":{"type":"Polygon","coordinates":[[[2106,-948],[2116,-948],[2114,-974],[2122,-985],[2111,-990],[2108,-993],[2087,-993],[2085,-999],[2075,-997],[2075,-995],[2061,-973],[2093,-961],[2099,-949],[2106,-949],[2106,-948]]]}},{"type":"Feature","properties":{"id_case":"case_0584","registry_id_case":"case_0584"},"geometry":{"type":"Polygon","coordinates":[[[1936,-937],[1945,-939],[1948,-941],[1950,-945],[1955,-945],[1955,-956],[1958,-957],[1959,-961],[1962,-961],[1969,-965],[1966,-972],[1963,-975],[1959,-976],[1955,-983],[1956,-990],[1949,-1001],[1942,-998],[1938,-989],[1929,-988],[1925,-990],[1912,-978],[1924,-969],[1926,-948],[1930,-942],[1936,-939],[1936,-937]]]}},{"type":"Feature","properties":{"id_case":"case_0585","registry_id_case":"case_0585"},"geometry":{"type":"Polygon","coordinates":[[[1980,-942],[1983,-942],[1985,-944],[1982,-947],[1982,-951],[1990,-957],[1986,-969],[1994,-973],[1994,-975],[1992,-975],[1987,-984],[1984,-984],[1979,-988],[1979,-995],[1988,-995],[1985,-1002],[1981,-1004],[1971,-995],[1958,-988],[1958,-982],[1962,-977],[1964,-977],[1967,-974],[1971,-967],[1972,-958],[1976,-946],[1978,-943],[1980,-943],[1980,-942]]]}},{"type":"Feature","properties":{"id_case":"case_0586","registry_id_case":"case_0586"},"geometry":{"type":"Polygon","coordinates":[[[1156,-963],[1171,-967],[1179,-976],[1192,-979],[1202,-980],[1222,-977],[1223,-980],[1226,-983],[1228,-983],[1229,-986],[1219,-991],[1190,-1000],[1184,-999],[1181,-998],[1173,-988],[1167,-985],[1155,-985],[1159,-969],[1156,-964],[1156,-963]]]}},{"type":"Feature","properties":{"id_case":"case_0587","registry_id_case":"case_0587"},"geometry":{"type":"Polygon","coordinates":[[[735,-935],[739,-937],[741,-941],[747,-943],[754,-949],[759,-946],[761,-947],[763,-949],[763,-955],[750,-991],[745,-996],[742,-1002],[731,-1004],[727,-1000],[726,-995],[729,-990],[726,-983],[725,-974],[735,-949],[735,-937],[735,-935]]]}},{"type":"Feature","properties":{"id_case":"case_0588","registry_id_case":"case_0588"},"geometry":{"type":"Polygon","coordinates":[[[2029,-933],[2042,-957],[2046,-961],[2051,-963],[2053,-970],[2055,-972],[2059,-973],[2073,-998],[2062,-998],[2062,-991],[2057,-984],[2046,-979],[2034,-977],[2029,-974],[2020,-946],[2016,-942],[2029,-934],[2029,-933]]]}},{"type":"Feature","properties":{"id_case":"case_0589","registry_id_case":"case_0589"},"geometry":{"type":"Polygon","coordinates":[[[784,-943],[787,-944],[795,-959],[809,-966],[803,-981],[789,-983],[784,-999],[776,-1001],[777,-997],[772,-991],[775,-987],[777,-977],[770,-967],[767,-958],[766,-948],[784,-944],[784,-943]]]}},{"type":"Feature","properties":{"id_case":"case_0590","registry_id_case":"case_0590"},"geometry":{"type":"Polygon","coordinates":[[[2118,-948],[2135,-950],[2147,-967],[2149,-977],[2154,-983],[2155,-987],[2143,-1004],[2136,-1004],[2132,-1001],[2127,-1001],[2130,-998],[2132,-992],[2130,-988],[2124,-985],[2124,-983],[2117,-973],[2116,-968],[2118,-961],[2118,-948]]]}},{"type":"Feature","properties":{"id_case":"case_0591","registry_id_case":"case_0591"},"geometry":{"type":"Polygon","coordinates":[[[1004,-954],[1009,-959],[1028,-965],[1029,-977],[1025,-997],[1028,-1007],[1026,-1011],[1024,-1011],[1019,-1002],[1003,-999],[984,-982],[984,-979],[1001,-957],[1004,-955],[1004,-954]]]}},{"type":"Feature","properties":{"id_case":"case_0592","registry_id_case":"case_0592"},"geometry":{"type":"Polygon","coordinates":[[[1427,-965],[1436,-965],[1443,-968],[1451,-969],[1466,-966],[1475,-968],[1476,-971],[1472,-982],[1483,-995],[1481,-1009],[1479,-1013],[1474,-1008],[1462,-1008],[1454,-1004],[1452,-1002],[1451,-994],[1449,-991],[1443,-989],[1418,-988],[1417,-980],[1427,-973],[1427,-969],[1425,-966],[1427,-966],[1427,-965]]]}},{"type":"Feature","properties":{"id_case":"case_0593","registry_id_case":"case_0593"},"geometry":{"type":"Polygon","coordinates":[[[1881,-970],[1889,-971],[1894,-976],[1910,-978],[1919,-987],[1920,-990],[1926,-993],[1893,-1006],[1883,-1003],[1874,-998],[1873,-988],[1871,-984],[1879,-978],[1881,-972],[1881,-970]]]}},{"type":"Feature","properties":{"id_case":"case_0594","registry_id_case":"case_0594"},"geometry":{"type":"Polygon","coordinates":[[[1399,-961],[1406,-961],[1423,-966],[1425,-972],[1415,-979],[1416,-989],[1404,-1003],[1369,-997],[1366,-1000],[1356,-1001],[1348,-1008],[1346,-1007],[1346,-997],[1344,-993],[1334,-990],[1328,-995],[1319,-998],[1312,-992],[1312,-985],[1319,-970],[1338,-974],[1348,-972],[1362,-976],[1384,-970],[1390,-963],[1399,-962],[1399,-961]]]}},{"type":"Feature","properties":{"id_case":"case_0595","registry_id_case":"case_0595"},"geometry":{"type":"Polygon","coordinates":[[[2475,-955],[2481,-964],[2481,-979],[2486,-982],[2488,-987],[2508,-995],[2508,-997],[2505,-1000],[2498,-1004],[2484,-1008],[2479,-1006],[2470,-998],[2470,-996],[2464,-989],[2463,-985],[2465,-975],[2475,-957],[2475,-955]]]}},{"type":"Feature","properties":{"id_case":"case_0596","registry_id_case":"case_0596"},"geometry":{"type":"Polygon","coordinates":[[[1817,-959],[1824,-976],[1824,-983],[1811,-985],[1811,-995],[1794,-1009],[1785,-1012],[1785,-1006],[1779,-1004],[1776,-1001],[1780,-994],[1782,-985],[1792,-978],[1799,-976],[1803,-968],[1813,-965],[1817,-961],[1817,-959]]]}},{"type":"Feature","properties":{"id_case":"case_0597","registry_id_case":"case_0597"},"geometry":{"type":"Polygon","coordinates":[[[2662,-958],[2684,-962],[2701,-963],[2703,-971],[2702,-974],[2690,-995],[2681,-993],[2662,-992],[2631,-1008],[2620,-1008],[2614,-1004],[2614,-1000],[2620,-982],[2651,-973],[2655,-960],[2662,-959],[2662,-958]]]}},{"type":"Feature","properties":{"id_case":"case_0598","registry_id_case":"case_0598"},"geometry":{"type":"Polygon","coordinates":[[[2293,-926],[2324,-930],[2316,-935],[2296,-929],[2292,-931],[2292,-933],[2295,-936],[2292,-939],[2289,-946],[2289,-956],[2284,-956],[2281,-958],[2278,-961],[2274,-970],[2273,-978],[2277,-989],[2276,-992],[2272,-997],[2269,-1009],[2264,-1008],[2256,-1004],[2256,-996],[2251,-994],[2247,-990],[2246,-986],[2249,-982],[2255,-981],[2259,-977],[2260,-969],[2263,-963],[2277,-949],[2279,-949],[2282,-941],[2284,-941],[2284,-936],[2287,-931],[2293,-927],[2293,-926]]]}},{"type":"Feature","properties":{"id_case":"case_0599","registry_id_case":"case_0599"},"geometry":{"type":"Polygon","coordinates":[[[1988,-966],[1997,-967],[2001,-970],[2007,-971],[2014,-968],[2015,-972],[2023,-974],[2025,-978],[2028,-979],[2028,-981],[2020,-991],[2018,-991],[2018,-997],[2012,-998],[2010,-1000],[2002,-999],[1999,-1001],[1991,-1002],[1982,-1008],[1982,-1006],[1987,-1003],[1990,-994],[1988,-992],[1982,-994],[1981,-989],[1989,-985],[1991,-980],[1998,-975],[1998,-973],[1988,-968],[1988,-966]]]}},{"type":"Feature","properties":{"id_case":"case_0600","registry_id_case":"case_0600"},"geometry":{"type":"Polygon","coordinates":[[[2586,-957],[2593,-957],[2610,-961],[2610,-973],[2617,-980],[2618,-984],[2612,-1002],[2584,-999],[2572,-1007],[2564,-1010],[2558,-1011],[2555,-1008],[2546,-1006],[2543,-1008],[2542,-1011],[2535,-1011],[2540,-1007],[2543,-1000],[2545,-986],[2557,-961],[2586,-958],[2586,-957]]]}},{"type":"Feature","properties":{"id_case":"case_0601","registry_id_case":"case_0601"},"geometry":{"type":"Polygon","coordinates":[[[1692,-956],[1702,-959],[1704,-965],[1710,-966],[1712,-968],[1712,-971],[1720,-976],[1721,-987],[1718,-993],[1716,-991],[1713,-991],[1712,-997],[1709,-996],[1706,-999],[1704,-1010],[1688,-1015],[1676,-1008],[1671,-992],[1677,-980],[1685,-972],[1692,-958],[1692,-956]]]}},{"type":"Feature","properties":{"id_case":"case_0602","registry_id_case":"case_0602"},"geometry":{"type":"Polygon","coordinates":[[[2362,-969],[2383,-973],[2394,-980],[2405,-981],[2403,-993],[2409,-997],[2404,-1002],[2399,-1011],[2382,-1004],[2377,-1007],[2366,-1018],[2359,-1018],[2356,-1002],[2337,-993],[2351,-983],[2351,-980],[2356,-972],[2362,-970],[2362,-969]]]}},{"type":"Feature","properties":{"id_case":"case_0603","registry_id_case":"case_0603"},"geometry":{"type":"Polygon","coordinates":[[[1069,-979],[1072,-984],[1082,-986],[1086,-996],[1084,-999],[1070,-1003],[1069,-1009],[1057,-1019],[1054,-1004],[1060,-988],[1069,-980],[1069,-979]]]}},{"type":"Feature","properties":{"id_case":"case_0604","registry_id_case":"case_0604"},"geometry":{"type":"Polygon","coordinates":[[[1262,-967],[1267,-968],[1285,-986],[1273,-1001],[1266,-1003],[1256,-1002],[1249,-1014],[1238,-1010],[1231,-1013],[1231,-984],[1225,-977],[1235,-978],[1241,-974],[1245,-975],[1251,-973],[1254,-971],[1254,-969],[1262,-968],[1262,-967]]]}},{"type":"Feature","properties":{"id_case":"case_0605","registry_id_case":"case_0605"},"geometry":{"type":"Polygon","coordinates":[[[2194,-965],[2204,-970],[2204,-994],[2195,-1013],[2186,-1012],[2182,-1015],[2162,-1019],[2150,-1016],[2144,-1011],[2143,-1007],[2158,-985],[2181,-979],[2194,-966],[2194,-965]]]}},{"type":"Feature","properties":{"id_case":"case_0606","registry_id_case":"case_0606"},"geometry":{"type":"Polygon","coordinates":[[[1726,-975],[1736,-975],[1740,-977],[1746,-993],[1755,-1009],[1752,-1012],[1748,-1012],[1744,-1006],[1736,-1005],[1726,-1011],[1724,-1015],[1718,-1015],[1708,-1010],[1706,-1011],[1708,-1000],[1710,-998],[1714,-998],[1714,-993],[1716,-995],[1719,-995],[1721,-993],[1723,-981],[1722,-977],[1726,-976],[1726,-975]]]}},{"type":"Feature","properties":{"id_case":"case_0607","registry_id_case":"case_0607"},"geometry":{"type":"Polygon","coordinates":[[[2770,-977],[2780,-980],[2796,-981],[2820,-979],[2822,-984],[2813,-986],[2810,-989],[2810,-991],[2803,-995],[2802,-998],[2795,-1005],[2779,-1010],[2777,-1016],[2769,-1016],[2766,-1018],[2765,-1021],[2762,-1022],[2754,-1004],[2750,-984],[2770,-978],[2770,-977]]]}},{"type":"Feature","properties":{"id_case":"case_0608","registry_id_case":"case_0608"},"geometry":{"type":"Polygon","coordinates":[[[1149,-961],[1152,-961],[1157,-972],[1156,-978],[1150,-992],[1142,-1000],[1140,-1000],[1139,-1003],[1141,-1012],[1139,-1016],[1122,-1029],[1120,-1007],[1109,-990],[1121,-978],[1136,-976],[1139,-974],[1147,-967],[1149,-962],[1149,-961]]]}},{"type":"Feature","properties":{"id_case":"case_0609","registry_id_case":"case_0609"},"geometry":{"type":"Polygon","coordinates":[[[2424,-956],[2430,-959],[2436,-978],[2461,-989],[2469,-1000],[2471,-1000],[2477,-1006],[2486,-1010],[2479,-1028],[2474,-1025],[2473,-1017],[2469,-1012],[2462,-1012],[2455,-1009],[2449,-997],[2437,-995],[2434,-998],[2426,-999],[2419,-1002],[2415,-996],[2411,-996],[2413,-986],[2420,-976],[2424,-959],[2424,-956]]]}},{"type":"Feature","properties":{"id_case":"case_0610","registry_id_case":"case_0610"},"geometry":{"type":"Polygon","coordinates":[[[2704,-972],[2725,-984],[2748,-985],[2748,-993],[2753,-1011],[2760,-1023],[2751,-1023],[2744,-1027],[2730,-1019],[2721,-1016],[2704,-1015],[2701,-1012],[2701,-1010],[2696,-1007],[2695,-1002],[2691,-995],[2704,-974],[2704,-972]]]}},{"type":"Feature","properties":{"id_case":"case_0611","registry_id_case":"case_0611"},"geometry":{"type":"Polygon","coordinates":[[[970,-977],[983,-983],[981,-985],[974,-987],[971,-990],[967,-1001],[955,-1022],[953,-1024],[936,-1019],[928,-998],[929,-987],[927,-983],[932,-983],[943,-979],[964,-981],[970,-978],[970,-977]]]}},{"type":"Feature","properties":{"id_case":"case_0612","registry_id_case":"case_0612"},"geometry":{"type":"Polygon","coordinates":[[[807,-975],[819,-978],[819,-980],[831,-994],[832,-997],[824,-1005],[824,-1021],[821,-1021],[804,-1029],[803,-1013],[785,-1000],[790,-985],[803,-984],[807,-977],[807,-975]]]}},{"type":"Feature","properties":{"id_case":"case_0613","registry_id_case":"case_0613"},"geometry":{"type":"Polygon","coordinates":[[[2318,-994],[2335,-994],[2354,-1003],[2357,-1017],[2346,-1015],[2335,-1024],[2312,-1025],[2299,-1015],[2291,-999],[2305,-998],[2318,-995],[2318,-994]]]}},{"type":"Feature","properties":{"id_case":"case_0614","registry_id_case":"case_0614"},"geometry":{"type":"Polygon","coordinates":[[[889,-969],[896,-970],[912,-984],[924,-984],[926,-986],[927,-996],[926,-1000],[917,-1001],[916,-1004],[898,-1022],[894,-1023],[865,-1006],[866,-998],[872,-981],[883,-970],[889,-970],[889,-969]]]}},{"type":"Feature","properties":{"id_case":"case_0615","registry_id_case":"case_0615"},"geometry":{"type":"Polygon","coordinates":[[[1162,-986],[1166,-986],[1172,-990],[1180,-1000],[1191,-1002],[1194,-1019],[1193,-1020],[1185,-1024],[1143,-1010],[1142,-1002],[1147,-999],[1147,-997],[1154,-988],[1162,-987],[1162,-986]]]}},{"type":"Feature","properties":{"id_case":"case_0616","registry_id_case":"case_0616"},"geometry":{"type":"Polygon","coordinates":[[[2123,-991],[2126,-992],[2126,-995],[2122,-1001],[2124,-1009],[2122,-1014],[2123,-1022],[2120,-1025],[2112,-1027],[2094,-1028],[2078,-1027],[2069,-1018],[2066,-1005],[2076,-1002],[2088,-1004],[2090,-1002],[2090,-998],[2096,-998],[2098,-996],[2110,-999],[2123,-992],[2123,-991]]]}},{"type":"Feature","properties":{"id_case":"case_0617","registry_id_case":"case_0617"},"geometry":{"type":"Polygon","coordinates":[[[1930,-990],[1936,-991],[1941,-1000],[1949,-1003],[1947,-1012],[1944,-1016],[1927,-1019],[1923,-1022],[1915,-1024],[1907,-1016],[1899,-1016],[1896,-1007],[1924,-998],[1930,-992],[1930,-990]]]}},{"type":"Feature","properties":{"id_case":"case_0618","registry_id_case":"case_0618"},"geometry":{"type":"Polygon","coordinates":[[[1066,-967],[1070,-968],[1070,-976],[1059,-987],[1053,-1002],[1052,-1011],[1055,-1019],[1046,-1019],[1037,-1026],[1027,-1028],[1026,-1017],[1030,-1000],[1027,-993],[1030,-978],[1058,-969],[1066,-968],[1066,-967]]]}},{"type":"Feature","properties":{"id_case":"case_0619","registry_id_case":"case_0619"},"geometry":{"type":"Polygon","coordinates":[[[1286,-988],[1299,-988],[1312,-1001],[1316,-1003],[1325,-1004],[1338,-998],[1340,-1005],[1338,-1009],[1336,-1009],[1325,-1019],[1324,-1023],[1326,-1028],[1317,-1030],[1309,-1014],[1278,-1000],[1278,-997],[1286,-989],[1286,-988]]]}},{"type":"Feature","properties":{"id_case":"case_0620","registry_id_case":"case_0620"},"geometry":{"type":"Polygon","coordinates":[[[1478,-970],[1487,-972],[1490,-977],[1509,-980],[1523,-988],[1529,-994],[1529,-996],[1531,-996],[1535,-1000],[1539,-1010],[1552,-1017],[1554,-1022],[1554,-1033],[1542,-1034],[1531,-1025],[1510,-1024],[1499,-1020],[1485,-1010],[1483,-1008],[1485,-992],[1474,-980],[1478,-972],[1478,-970]]]}},{"type":"Feature","properties":{"id_case":"case_0621","registry_id_case":"case_0621"},"geometry":{"type":"Polygon","coordinates":[[[1103,-991],[1105,-991],[1109,-995],[1109,-997],[1117,-1008],[1120,-1030],[1112,-1027],[1103,-1026],[1102,-1022],[1092,-1012],[1071,-1007],[1071,-1005],[1086,-1001],[1088,-992],[1103,-992],[1103,-991]]]}},{"type":"Feature","properties":{"id_case":"case_0622","registry_id_case":"case_0622"},"geometry":{"type":"Polygon","coordinates":[[[1759,-987],[1769,-987],[1770,-998],[1777,-1005],[1783,-1007],[1783,-1014],[1785,-1020],[1791,-1028],[1789,-1031],[1777,-1031],[1774,-1022],[1762,-1018],[1762,-1020],[1756,-1019],[1756,-1014],[1754,-1012],[1757,-1007],[1747,-989],[1759,-988],[1759,-987]]]}},{"type":"Feature","properties":{"id_case":"case_0623","registry_id_case":"case_0623"},"geometry":{"type":"Polygon","coordinates":[[[1582,-983],[1611,-986],[1616,-984],[1613,-1001],[1629,-1008],[1626,-1017],[1633,-1030],[1632,-1032],[1628,-1033],[1615,-1031],[1609,-1036],[1602,-1030],[1601,-1033],[1594,-1032],[1584,-1016],[1589,-1008],[1568,-995],[1568,-993],[1575,-986],[1582,-984],[1582,-983]]]}},{"type":"Feature","properties":{"id_case":"case_0624","registry_id_case":"case_0624"},"geometry":{"type":"Polygon","coordinates":[[[1958,-990],[1969,-995],[1981,-1005],[1974,-1022],[1986,-1019],[1981,-1023],[1981,-1027],[1973,-1031],[1965,-1032],[1960,-1029],[1958,-1035],[1954,-1036],[1940,-1032],[1926,-1025],[1925,-1024],[1927,-1022],[1941,-1019],[1947,-1016],[1952,-998],[1956,-995],[1958,-991],[1958,-990]]]}},{"type":"Feature","properties":{"id_case":"case_0625","registry_id_case":"case_0625"},"geometry":{"type":"Polygon","coordinates":[[[1227,-989],[1227,-994],[1230,-999],[1227,-1011],[1229,-1016],[1224,-1025],[1225,-1032],[1223,-1034],[1207,-1037],[1204,-1031],[1199,-1030],[1199,-1028],[1189,-1026],[1196,-1022],[1195,-1008],[1193,-1002],[1194,-1001],[1201,-1000],[1227,-990],[1227,-989]]]}},{"type":"Feature","properties":{"id_case":"case_0626","registry_id_case":"case_0626"},"geometry":{"type":"Polygon","coordinates":[[[1618,-985],[1661,-989],[1665,-991],[1670,-995],[1674,-1009],[1689,-1017],[1688,-1027],[1682,-1033],[1678,-1034],[1663,-1026],[1659,-1029],[1658,-1035],[1650,-1037],[1633,-1034],[1635,-1027],[1628,-1015],[1632,-1007],[1615,-1000],[1618,-988],[1618,-985]]]}},{"type":"Feature","properties":{"id_case":"case_0627","registry_id_case":"case_0627"},"geometry":{"type":"Polygon","coordinates":[[[2950,-956],[2953,-956],[2956,-959],[2958,-967],[2955,-975],[2951,-979],[2939,-982],[2937,-984],[2937,-989],[2957,-1000],[2957,-1006],[2960,-1012],[2957,-1027],[2928,-1038],[2915,-1010],[2911,-991],[2906,-980],[2917,-965],[2931,-967],[2940,-959],[2950,-957],[2950,-956]]]}},{"type":"Feature","properties":{"id_case":"case_0628","registry_id_case":"case_0628"},"geometry":{"type":"Polygon","coordinates":[[[1836,-988],[1842,-994],[1868,-999],[1868,-1009],[1866,-1012],[1870,-1017],[1871,-1024],[1870,-1028],[1867,-1029],[1867,-1036],[1864,-1035],[1860,-1038],[1855,-1031],[1854,-1024],[1852,-1022],[1838,-1022],[1832,-1020],[1829,-991],[1836,-989],[1836,-988]]]}},{"type":"Feature","properties":{"id_case":"case_0629","registry_id_case":"case_0629"},"geometry":{"type":"Polygon","coordinates":[[[2035,-982],[2044,-983],[2052,-987],[2056,-999],[2058,-1002],[2062,-1003],[2051,-1004],[2044,-1002],[2036,-1006],[2031,-1016],[2029,-1027],[2024,-1040],[2022,-1040],[2015,-1021],[2013,-1005],[2014,-1003],[2022,-1001],[2023,-995],[2029,-986],[2035,-983],[2035,-982]]]}},{"type":"Feature","properties":{"id_case":"case_0630","registry_id_case":"case_0630"},"geometry":{"type":"Polygon","coordinates":[[[2278,-990],[2280,-990],[2288,-997],[2298,-1017],[2311,-1026],[2334,-1027],[2337,-1044],[2329,-1044],[2318,-1036],[2314,-1039],[2302,-1043],[2298,-1041],[2289,-1032],[2281,-1030],[2274,-1023],[2271,-1007],[2273,-998],[2278,-992],[2278,-990]]]}},{"type":"Feature","properties":{"id_case":"case_0631","registry_id_case":"case_0631"},"geometry":{"type":"Polygon","coordinates":[[[1417,-990],[1444,-991],[1448,-993],[1451,-1005],[1461,-1009],[1473,-1010],[1477,-1014],[1473,-1030],[1474,-1034],[1461,-1040],[1458,-1034],[1407,-1029],[1383,-1037],[1376,-1032],[1376,-1030],[1368,-1019],[1355,-1016],[1355,-1014],[1350,-1009],[1357,-1004],[1367,-1003],[1370,-1000],[1378,-999],[1392,-1001],[1405,-1005],[1417,-991],[1417,-990]]]}},{"type":"Feature","properties":{"id_case":"case_0632","registry_id_case":"case_0632"},"geometry":{"type":"Polygon","coordinates":[[[1275,-1001],[1307,-1015],[1316,-1033],[1306,-1039],[1297,-1039],[1280,-1036],[1277,-1033],[1265,-1030],[1260,-1027],[1254,-1021],[1250,-1014],[1257,-1004],[1270,-1005],[1275,-1002],[1275,-1001]]]}},{"type":"Feature","properties":{"id_case":"case_0633","registry_id_case":"case_0633"},"geometry":{"type":"Polygon","coordinates":[[[2587,-1005],[2609,-1007],[2626,-1014],[2617,-1029],[2600,-1029],[2570,-1045],[2566,-1043],[2564,-1039],[2549,-1039],[2537,-1035],[2530,-1019],[2532,-1016],[2543,-1017],[2550,-1012],[2557,-1016],[2567,-1017],[2587,-1006],[2587,-1005]]]}},{"type":"Feature","properties":{"id_case":"case_0634","registry_id_case":"case_0634"},"geometry":{"type":"Polygon","coordinates":[[[2901,-983],[2904,-983],[2908,-992],[2912,-1011],[2926,-1040],[2916,-1043],[2875,-1030],[2847,-1025],[2851,-990],[2873,-993],[2901,-984],[2901,-983]]]}},{"type":"Feature","properties":{"id_case":"case_0635","registry_id_case":"case_0635"},"geometry":{"type":"Polygon","coordinates":[[[1817,-986],[1823,-986],[1823,-990],[1827,-992],[1831,-1029],[1830,-1038],[1826,-1039],[1820,-1036],[1808,-1036],[1792,-1030],[1793,-1025],[1789,-1021],[1786,-1014],[1796,-1011],[1806,-1003],[1813,-996],[1813,-987],[1817,-987],[1817,-986]]]}},{"type":"Feature","properties":{"id_case":"case_0636","registry_id_case":"case_0636"},"geometry":{"type":"Polygon","coordinates":[[[2438,-997],[2449,-999],[2449,-1002],[2453,-1010],[2469,-1015],[2472,-1026],[2478,-1030],[2468,-1046],[2435,-1039],[2428,-1022],[2425,-1022],[2401,-1012],[2402,-1008],[2407,-1001],[2411,-999],[2414,-998],[2418,-1004],[2421,-1004],[2435,-1001],[2438,-998],[2438,-997]]]}},{"type":"Feature","properties":{"id_case":"case_0637","registry_id_case":"case_0637"},"geometry":{"type":"Polygon","coordinates":[[[2828,-986],[2849,-989],[2845,-1025],[2825,-1026],[2817,-1044],[2810,-1051],[2796,-1048],[2795,-1044],[2780,-1019],[2783,-1018],[2784,-1014],[2791,-1014],[2800,-1009],[2802,-1005],[2810,-997],[2814,-996],[2816,-991],[2822,-991],[2828,-987],[2828,-986]]]}},{"type":"Feature","properties":{"id_case":"case_0638","registry_id_case":"case_0638"},"geometry":{"type":"Polygon","coordinates":[[[1141,-1015],[1194,-1032],[1201,-1035],[1203,-1040],[1197,-1040],[1195,-1042],[1190,-1043],[1188,-1042],[1186,-1044],[1179,-1046],[1178,-1041],[1169,-1039],[1164,-1042],[1149,-1040],[1142,-1042],[1140,-1040],[1137,-1025],[1138,-1019],[1141,-1016],[1141,-1015]]]}},{"type":"Feature","properties":{"id_case":"case_0639","registry_id_case":"case_0639"},"geometry":{"type":"Polygon","coordinates":[[[1734,-1008],[1736,-1008],[1741,-1024],[1739,-1029],[1731,-1038],[1729,-1051],[1714,-1049],[1707,-1046],[1700,-1050],[1693,-1051],[1690,-1044],[1682,-1034],[1690,-1028],[1691,-1017],[1710,-1012],[1717,-1016],[1725,-1017],[1728,-1014],[1728,-1012],[1734,-1009],[1734,-1008]]]}},{"type":"Feature","properties":{"id_case":"case_0640","registry_id_case":"case_0640"},"geometry":{"type":"Polygon","coordinates":[[[2222,-983],[2225,-983],[2242,-991],[2252,-1000],[2252,-1003],[2247,-1006],[2246,-1018],[2239,-1030],[2234,-1048],[2207,-1039],[2207,-1032],[2205,-1026],[2201,-1025],[2198,-1022],[2197,-1012],[2205,-995],[2222,-984],[2222,-983]]]}},{"type":"Feature","properties":{"id_case":"case_0641","registry_id_case":"case_0641"},"geometry":{"type":"Polygon","coordinates":[[[924,-1002],[927,-1002],[927,-1006],[934,-1020],[930,-1025],[928,-1025],[927,-1030],[930,-1038],[923,-1045],[906,-1050],[896,-1052],[887,-1047],[886,-1039],[896,-1026],[919,-1003],[924,-1003],[924,-1002]]]}},{"type":"Feature","properties":{"id_case":"case_0642","registry_id_case":"case_0642"},"geometry":{"type":"Polygon","coordinates":[[[1874,-1000],[1893,-1007],[1897,-1018],[1907,-1018],[1914,-1025],[1910,-1031],[1904,-1032],[1895,-1040],[1880,-1043],[1877,-1045],[1876,-1048],[1868,-1048],[1868,-1045],[1864,-1041],[1870,-1040],[1872,-1038],[1875,-1014],[1872,-1009],[1874,-1008],[1874,-1000]]]}},{"type":"Feature","properties":{"id_case":"case_0643","registry_id_case":"case_0643"},"geometry":{"type":"Polygon","coordinates":[[[2668,-998],[2686,-999],[2689,-1002],[2689,-1008],[2701,-1020],[2718,-1021],[2716,-1035],[2723,-1045],[2723,-1054],[2704,-1056],[2688,-1048],[2684,-1037],[2677,-1034],[2674,-1031],[2668,-1005],[2668,-998]]]}},{"type":"Feature","properties":{"id_case":"case_0644","registry_id_case":"case_0644"},"geometry":{"type":"Polygon","coordinates":[[[2536,-992],[2542,-992],[2542,-999],[2538,-1006],[2526,-1010],[2526,-1012],[2530,-1014],[2528,-1022],[2530,-1028],[2536,-1037],[2561,-1042],[2555,-1055],[2553,-1052],[2538,-1049],[2520,-1040],[2511,-1026],[2501,-1005],[2511,-997],[2526,-995],[2531,-997],[2536,-993],[2536,-992]]]}},{"type":"Feature","properties":{"id_case":"case_0645","registry_id_case":"case_0645"},"geometry":{"type":"Polygon","coordinates":[[[1003,-1001],[1017,-1004],[1020,-1007],[1023,-1013],[1024,-1031],[1031,-1043],[1033,-1056],[1015,-1058],[1002,-1056],[987,-1023],[986,-1015],[988,-1011],[999,-1007],[1003,-1003],[1003,-1001]]]}},{"type":"Feature","properties":{"id_case":"case_0646","registry_id_case":"case_0646"},"geometry":{"type":"Polygon","coordinates":[[[984,-985],[994,-995],[996,-995],[1001,-1000],[1001,-1002],[999,-1005],[985,-1010],[984,-1023],[990,-1037],[981,-1046],[979,-1046],[970,-1054],[955,-1024],[966,-1006],[973,-991],[984,-986],[984,-985]]]}},{"type":"Feature","properties":{"id_case":"case_0647","registry_id_case":"case_0647"},"geometry":{"type":"Polygon","coordinates":[[[1071,-1009],[1091,-1014],[1101,-1024],[1102,-1030],[1100,-1035],[1089,-1039],[1087,-1044],[1073,-1045],[1067,-1048],[1065,-1054],[1054,-1032],[1059,-1020],[1071,-1010],[1071,-1009]]]}},{"type":"Feature","properties":{"id_case":"case_0648","registry_id_case":"case_0648"},"geometry":{"type":"Polygon","coordinates":[[[1527,-984],[1540,-986],[1553,-993],[1565,-995],[1586,-1008],[1582,-1017],[1592,-1033],[1578,-1049],[1577,-1054],[1557,-1039],[1555,-1034],[1557,-1022],[1554,-1016],[1551,-1013],[1541,-1009],[1537,-999],[1527,-988],[1524,-987],[1524,-985],[1527,-985],[1527,-984]]]}},{"type":"Feature","properties":{"id_case":"case_0649","registry_id_case":"case_0649"},"geometry":{"type":"Polygon","coordinates":[[[1918,-1025],[1924,-1025],[1937,-1032],[1950,-1036],[1947,-1037],[1945,-1041],[1938,-1043],[1929,-1050],[1924,-1052],[1917,-1048],[1912,-1052],[1909,-1050],[1904,-1054],[1892,-1059],[1884,-1058],[1877,-1054],[1877,-1048],[1879,-1046],[1899,-1041],[1906,-1034],[1911,-1033],[1916,-1026],[1918,-1026],[1918,-1025]]]}},{"type":"Feature","properties":{"id_case":"case_0650","registry_id_case":"case_0650"},"geometry":{"type":"Polygon","coordinates":[[[2663,-998],[2665,-998],[2669,-1023],[2672,-1032],[2673,-1034],[2682,-1038],[2685,-1048],[2673,-1061],[2664,-1065],[2652,-1054],[2642,-1049],[2638,-1045],[2633,-1036],[2618,-1030],[2628,-1014],[2636,-1013],[2651,-1004],[2663,-999],[2663,-998]]]}},{"type":"Feature","properties":{"id_case":"case_0651","registry_id_case":"case_0651"},"geometry":{"type":"Polygon","coordinates":[[[1800,-1035],[1815,-1038],[1819,-1037],[1827,-1041],[1833,-1039],[1837,-1040],[1842,-1044],[1842,-1049],[1845,-1053],[1846,-1058],[1844,-1060],[1836,-1061],[1831,-1058],[1824,-1062],[1823,-1059],[1817,-1058],[1803,-1050],[1802,-1045],[1798,-1043],[1797,-1038],[1799,-1038],[1800,-1036],[1800,-1035]]]}},{"type":"Feature","properties":{"id_case":"case_0652","registry_id_case":"case_0652"},"geometry":{"type":"Polygon","coordinates":[[[1236,-1013],[1242,-1013],[1249,-1016],[1253,-1023],[1259,-1029],[1274,-1033],[1278,-1036],[1267,-1050],[1256,-1050],[1253,-1056],[1245,-1065],[1243,-1059],[1233,-1049],[1217,-1046],[1216,-1043],[1211,-1043],[1209,-1039],[1224,-1036],[1227,-1033],[1227,-1022],[1229,-1018],[1231,-1015],[1236,-1014],[1236,-1013]]]}},{"type":"Feature","properties":{"id_case":"case_0653","registry_id_case":"case_0653"},"geometry":{"type":"Polygon","coordinates":[[[1482,-1010],[1505,-1024],[1525,-1027],[1530,-1026],[1541,-1035],[1553,-1036],[1559,-1045],[1553,-1047],[1544,-1060],[1528,-1065],[1510,-1062],[1505,-1064],[1497,-1059],[1476,-1055],[1467,-1051],[1466,-1052],[1462,-1042],[1470,-1040],[1476,-1035],[1475,-1025],[1482,-1012],[1482,-1010]]]}},{"type":"Feature","properties":{"id_case":"case_0654","registry_id_case":"case_0654"},"geometry":{"type":"Polygon","coordinates":[[[783,-1001],[785,-1001],[801,-1014],[803,-1047],[800,-1062],[794,-1060],[794,-1058],[786,-1050],[782,-1050],[775,-1047],[777,-1037],[766,-1017],[771,-1012],[776,-1003],[783,-1002],[783,-1001]]]}},{"type":"Feature","properties":{"id_case":"case_0655","registry_id_case":"case_0655"},"geometry":{"type":"Polygon","coordinates":[[[2255,-1006],[2270,-1012],[2270,-1019],[2273,-1025],[2280,-1032],[2289,-1033],[2289,-1035],[2294,-1040],[2295,-1043],[2293,-1061],[2287,-1067],[2240,-1054],[2239,-1045],[2243,-1033],[2250,-1021],[2252,-1009],[2254,-1009],[2255,-1007],[2255,-1006]]]}},{"type":"Feature","properties":{"id_case":"case_0656","registry_id_case":"case_0656"},"geometry":{"type":"Polygon","coordinates":[[[2005,-1004],[2011,-1005],[2011,-1018],[2015,-1031],[2022,-1044],[2015,-1052],[2012,-1058],[2010,-1058],[2002,-1064],[1991,-1051],[1990,-1046],[1996,-1038],[1994,-1038],[1982,-1029],[1983,-1024],[1988,-1021],[1988,-1018],[1980,-1018],[1988,-1011],[1992,-1010],[1993,-1007],[2002,-1007],[2005,-1005],[2005,-1004]]]}},{"type":"Feature","properties":{"id_case":"case_0657","registry_id_case":"case_0657"},"geometry":{"type":"Polygon","coordinates":[[[834,-997],[860,-1000],[854,-1018],[849,-1027],[839,-1037],[819,-1047],[803,-1062],[806,-1037],[805,-1031],[826,-1022],[825,-1006],[834,-998],[834,-997]]]}},{"type":"Feature","properties":{"id_case":"case_0658","registry_id_case":"case_0658"},"geometry":{"type":"Polygon","coordinates":[[[2381,-1007],[2388,-1008],[2410,-1017],[2410,-1019],[2401,-1029],[2408,-1039],[2410,-1054],[2415,-1072],[2403,-1072],[2389,-1067],[2358,-1062],[2356,-1050],[2352,-1046],[2339,-1043],[2336,-1026],[2338,-1024],[2340,-1024],[2348,-1017],[2367,-1021],[2375,-1013],[2376,-1010],[2381,-1008],[2381,-1007]]]}},{"type":"Feature","properties":{"id_case":"case_0659","registry_id_case":"case_0659"},"geometry":{"type":"Polygon","coordinates":[[[1664,-1028],[1680,-1036],[1687,-1043],[1691,-1052],[1697,-1053],[1684,-1073],[1678,-1071],[1667,-1064],[1644,-1060],[1642,-1058],[1641,-1053],[1638,-1050],[1636,-1050],[1633,-1036],[1651,-1039],[1656,-1038],[1660,-1036],[1661,-1030],[1664,-1029],[1664,-1028]]]}},{"type":"Feature","properties":{"id_case":"case_0660","registry_id_case":"case_0660"},"geometry":{"type":"Polygon","coordinates":[[[1738,-1008],[1743,-1008],[1747,-1014],[1753,-1014],[1753,-1019],[1755,-1021],[1763,-1022],[1763,-1020],[1765,-1020],[1772,-1023],[1774,-1033],[1767,-1043],[1759,-1049],[1759,-1052],[1765,-1062],[1761,-1069],[1752,-1072],[1752,-1070],[1746,-1062],[1740,-1062],[1740,-1059],[1731,-1052],[1731,-1041],[1739,-1031],[1743,-1022],[1738,-1010],[1738,-1008]]]}},{"type":"Feature","properties":{"id_case":"case_0661","registry_id_case":"case_0661"},"geometry":{"type":"Polygon","coordinates":[[[2044,-1004],[2063,-1006],[2067,-1019],[2077,-1029],[2076,-1046],[2074,-1050],[2065,-1054],[2065,-1052],[2060,-1046],[2050,-1046],[2044,-1066],[2045,-1072],[2038,-1071],[2038,-1063],[2033,-1057],[2019,-1052],[2030,-1028],[2032,-1017],[2035,-1010],[2038,-1007],[2044,-1005],[2044,-1004]]]}},{"type":"Feature","properties":{"id_case":"case_0662","registry_id_case":"case_0662"},"geometry":{"type":"Polygon","coordinates":[[[1100,-1052],[1105,-1052],[1108,-1055],[1109,-1064],[1106,-1070],[1102,-1069],[1095,-1072],[1093,-1071],[1093,-1055],[1100,-1053],[1100,-1052]]]}},{"type":"Feature","properties":{"id_case":"case_0663","registry_id_case":"case_0663"},"geometry":{"type":"Polygon","coordinates":[[[864,-1008],[894,-1025],[892,-1030],[885,-1038],[882,-1056],[875,-1059],[875,-1075],[858,-1074],[854,-1071],[851,-1061],[855,-1033],[858,-1028],[864,-1009],[864,-1008]]]}},{"type":"Feature","properties":{"id_case":"case_0664","registry_id_case":"case_0664"},"geometry":{"type":"Polygon","coordinates":[[[1198,-1042],[1204,-1042],[1212,-1048],[1212,-1050],[1228,-1053],[1228,-1055],[1211,-1064],[1209,-1070],[1198,-1070],[1184,-1073],[1175,-1074],[1158,-1063],[1164,-1055],[1184,-1048],[1190,-1044],[1196,-1045],[1198,-1043],[1198,-1042]]]}},{"type":"Feature","properties":{"id_case":"case_0665","registry_id_case":"case_0665"},"geometry":{"type":"Polygon","coordinates":[[[1833,-1022],[1843,-1025],[1852,-1025],[1852,-1032],[1858,-1039],[1863,-1053],[1857,-1054],[1852,-1063],[1845,-1071],[1832,-1075],[1832,-1070],[1828,-1063],[1831,-1060],[1838,-1064],[1843,-1063],[1847,-1060],[1849,-1054],[1843,-1042],[1840,-1039],[1832,-1037],[1833,-1029],[1833,-1022]]]}},{"type":"Feature","properties":{"id_case":"case_0666","registry_id_case":"case_0666"},"geometry":{"type":"Polygon","coordinates":[[[1134,-1022],[1136,-1022],[1135,-1032],[1137,-1039],[1143,-1047],[1129,-1045],[1124,-1048],[1124,-1051],[1120,-1056],[1114,-1057],[1112,-1061],[1110,-1054],[1107,-1050],[1099,-1050],[1091,-1053],[1091,-1072],[1094,-1073],[1095,-1076],[1075,-1077],[1071,-1073],[1071,-1070],[1065,-1067],[1068,-1064],[1068,-1061],[1065,-1056],[1070,-1049],[1088,-1046],[1090,-1041],[1102,-1037],[1102,-1033],[1105,-1028],[1111,-1028],[1123,-1032],[1134,-1023],[1134,-1022]]]}},{"type":"Feature","properties":{"id_case":"case_0667","registry_id_case":"case_0667"},"geometry":{"type":"Polygon","coordinates":[[[1150,-1042],[1160,-1042],[1166,-1044],[1173,-1042],[1176,-1043],[1177,-1048],[1163,-1053],[1155,-1061],[1129,-1065],[1110,-1070],[1114,-1060],[1121,-1058],[1124,-1055],[1126,-1049],[1133,-1047],[1144,-1049],[1144,-1044],[1150,-1043],[1150,-1042]]]}},{"type":"Feature","properties":{"id_case":"case_0668","registry_id_case":"case_0668"},"geometry":{"type":"Polygon","coordinates":[[[1048,-1021],[1057,-1021],[1052,-1035],[1062,-1055],[1063,-1060],[1066,-1063],[1063,-1068],[1036,-1074],[1037,-1062],[1035,-1046],[1027,-1030],[1039,-1029],[1048,-1022],[1048,-1021]]]}},{"type":"Feature","properties":{"id_case":"case_0669","registry_id_case":"case_0669"},"geometry":{"type":"Polygon","coordinates":[[[2411,-1019],[2415,-1019],[2427,-1024],[2433,-1040],[2467,-1048],[2462,-1070],[2465,-1083],[2433,-1081],[2417,-1073],[2411,-1039],[2403,-1027],[2411,-1020],[2411,-1019]]]}},{"type":"Feature","properties":{"id_case":"case_0670","registry_id_case":"case_0670"},"geometry":{"type":"Polygon","coordinates":[[[2498,-1006],[2500,-1006],[2506,-1023],[2517,-1041],[2535,-1049],[2535,-1053],[2522,-1081],[2506,-1060],[2495,-1056],[2488,-1044],[2476,-1037],[2478,-1035],[2487,-1011],[2489,-1009],[2498,-1007],[2498,-1006]]]}},{"type":"Feature","properties":{"id_case":"case_0671","registry_id_case":"case_0671"},"geometry":{"type":"Polygon","coordinates":[[[2834,-1027],[2850,-1027],[2871,-1030],[2919,-1045],[2918,-1059],[2910,-1073],[2897,-1073],[2866,-1078],[2859,-1071],[2859,-1069],[2856,-1068],[2848,-1060],[2819,-1045],[2826,-1028],[2834,-1028],[2834,-1027]]]}},{"type":"Feature","properties":{"id_case":"case_0672","registry_id_case":"case_0672"},"geometry":{"type":"Polygon","coordinates":[[[935,-1021],[953,-1026],[968,-1056],[969,-1061],[961,-1075],[940,-1083],[936,-1075],[932,-1075],[926,-1072],[925,-1068],[922,-1065],[918,-1052],[932,-1039],[929,-1027],[931,-1027],[935,-1022],[935,-1021]]]}},{"type":"Feature","properties":{"id_case":"case_0673","registry_id_case":"case_0673"},"geometry":{"type":"Polygon","coordinates":[[[2721,-1021],[2732,-1025],[2738,-1030],[2747,-1032],[2752,-1029],[2765,-1028],[2770,-1023],[2778,-1021],[2794,-1048],[2794,-1076],[2760,-1079],[2726,-1056],[2726,-1044],[2718,-1031],[2721,-1022],[2721,-1021]]]}},{"type":"Feature","properties":{"id_case":"case_0674","registry_id_case":"case_0674"},"geometry":{"type":"Polygon","coordinates":[[[2188,-1017],[2192,-1017],[2193,-1023],[2197,-1028],[2201,-1030],[2202,-1034],[2200,-1039],[2204,-1045],[2193,-1050],[2192,-1055],[2184,-1069],[2159,-1079],[2155,-1066],[2162,-1038],[2159,-1028],[2161,-1024],[2175,-1023],[2184,-1021],[2188,-1018],[2188,-1017]]]}},{"type":"Feature","properties":{"id_case":"case_0675","registry_id_case":"case_0675"},"geometry":{"type":"Polygon","coordinates":[[[2126,-1007],[2133,-1007],[2138,-1009],[2141,-1016],[2159,-1023],[2157,-1030],[2160,-1044],[2156,-1055],[2153,-1070],[2137,-1074],[2134,-1076],[2134,-1078],[2127,-1075],[2127,-1068],[2131,-1060],[2129,-1060],[2124,-1055],[2117,-1055],[2114,-1052],[2108,-1038],[2113,-1029],[2119,-1028],[2125,-1023],[2126,-1009],[2126,-1007]]]}},{"type":"Feature","properties":{"id_case":"case_0676","registry_id_case":"case_0676"},"geometry":{"type":"Polygon","coordinates":[[[1776,-1032],[1793,-1032],[1797,-1034],[1795,-1042],[1797,-1045],[1800,-1046],[1801,-1051],[1805,-1053],[1804,-1058],[1788,-1065],[1784,-1073],[1776,-1072],[1757,-1080],[1750,-1078],[1752,-1074],[1762,-1071],[1767,-1060],[1761,-1050],[1768,-1045],[1768,-1043],[1776,-1033],[1776,-1032]]]}},{"type":"Feature","properties":{"id_case":"case_0677","registry_id_case":"case_0677"},"geometry":{"type":"Polygon","coordinates":[[[2078,-1029],[2110,-1030],[2106,-1042],[2116,-1057],[2123,-1056],[2129,-1061],[2126,-1067],[2125,-1075],[2133,-1080],[2131,-1088],[2127,-1088],[2109,-1078],[2107,-1080],[2106,-1086],[2107,-1091],[2098,-1093],[2086,-1078],[2078,-1051],[2078,-1046],[2078,-1029]]]}},{"type":"Feature","properties":{"id_case":"case_0678","registry_id_case":"case_0678"},"geometry":{"type":"Polygon","coordinates":[[[1603,-1032],[1609,-1039],[1611,-1039],[1616,-1034],[1621,-1033],[1628,-1034],[1631,-1036],[1634,-1050],[1638,-1054],[1640,-1059],[1629,-1062],[1635,-1079],[1633,-1086],[1630,-1086],[1626,-1089],[1619,-1089],[1611,-1083],[1610,-1076],[1606,-1068],[1597,-1065],[1597,-1063],[1592,-1057],[1579,-1054],[1579,-1050],[1593,-1034],[1603,-1035],[1603,-1032]]]}},{"type":"Feature","properties":{"id_case":"case_0679","registry_id_case":"case_0679"},"geometry":{"type":"Polygon","coordinates":[[[2563,-1043],[2570,-1047],[2570,-1055],[2568,-1060],[2569,-1067],[2577,-1080],[2569,-1083],[2569,-1086],[2567,-1088],[2550,-1081],[2532,-1065],[2532,-1062],[2537,-1051],[2550,-1053],[2553,-1055],[2553,-1057],[2556,-1057],[2561,-1046],[2563,-1045],[2563,-1043]]]}},{"type":"Feature","properties":{"id_case":"case_0680","registry_id_case":"case_0680"},"geometry":{"type":"Polygon","coordinates":[[[1560,-1046],[1566,-1047],[1572,-1055],[1582,-1056],[1591,-1059],[1596,-1067],[1602,-1068],[1606,-1071],[1609,-1084],[1612,-1085],[1597,-1086],[1594,-1083],[1569,-1082],[1554,-1084],[1542,-1081],[1539,-1074],[1532,-1066],[1546,-1061],[1549,-1058],[1552,-1051],[1555,-1048],[1560,-1047],[1560,-1046]]]}},{"type":"Feature","properties":{"id_case":"case_0681","registry_id_case":"case_0681"},"geometry":{"type":"Polygon","coordinates":[[[1978,-1030],[1982,-1031],[1993,-1039],[1993,-1041],[1987,-1045],[1988,-1052],[2001,-1067],[1994,-1078],[1984,-1085],[1981,-1093],[1976,-1077],[1960,-1070],[1960,-1066],[1964,-1058],[1961,-1053],[1957,-1037],[1960,-1036],[1961,-1031],[1964,-1034],[1973,-1034],[1978,-1031],[1978,-1030]]]}},{"type":"Feature","properties":{"id_case":"case_0682","registry_id_case":"case_0682"},"geometry":{"type":"Polygon","coordinates":[[[2317,-1039],[2321,-1039],[2328,-1045],[2336,-1047],[2341,-1045],[2352,-1049],[2354,-1051],[2355,-1062],[2336,-1065],[2331,-1070],[2329,-1082],[2308,-1091],[2293,-1076],[2293,-1074],[2288,-1068],[2294,-1062],[2297,-1042],[2306,-1045],[2317,-1040],[2317,-1039]]]}},{"type":"Feature","properties":{"id_case":"case_0683","registry_id_case":"case_0683"},"geometry":{"type":"Polygon","coordinates":[[[886,-1049],[901,-1054],[916,-1051],[919,-1066],[925,-1074],[935,-1077],[937,-1082],[934,-1082],[925,-1087],[904,-1092],[901,-1080],[877,-1076],[877,-1060],[883,-1058],[884,-1053],[886,-1051],[886,-1049]]]}},{"type":"Feature","properties":{"id_case":"case_0684","registry_id_case":"case_0684"},"geometry":{"type":"Polygon","coordinates":[[[1408,-1031],[1439,-1033],[1456,-1036],[1459,-1038],[1463,-1053],[1455,-1055],[1443,-1054],[1432,-1060],[1427,-1068],[1410,-1083],[1410,-1086],[1406,-1086],[1400,-1090],[1383,-1079],[1371,-1076],[1379,-1073],[1382,-1067],[1385,-1051],[1383,-1043],[1384,-1039],[1408,-1032],[1408,-1031]]]}},{"type":"Feature","properties":{"id_case":"case_0685","registry_id_case":"case_0685"},"geometry":{"type":"Polygon","coordinates":[[[1867,-1050],[1875,-1050],[1875,-1055],[1883,-1059],[1881,-1080],[1879,-1080],[1864,-1091],[1849,-1088],[1848,-1082],[1844,-1076],[1850,-1073],[1850,-1071],[1857,-1064],[1860,-1058],[1866,-1058],[1868,-1056],[1867,-1053],[1867,-1050]]]}},{"type":"Feature","properties":{"id_case":"case_0686","registry_id_case":"case_0686"},"geometry":{"type":"Polygon","coordinates":[[[1917,-1050],[1920,-1050],[1920,-1052],[1927,-1054],[1939,-1071],[1934,-1079],[1929,-1092],[1916,-1085],[1916,-1083],[1910,-1075],[1883,-1078],[1885,-1060],[1897,-1061],[1908,-1054],[1913,-1054],[1917,-1051],[1917,-1050]]]}},{"type":"Feature","properties":{"id_case":"case_0687","registry_id_case":"case_0687"},"geometry":{"type":"Polygon","coordinates":[[[990,-1039],[992,-1039],[1001,-1058],[994,-1071],[990,-1077],[983,-1079],[979,-1087],[967,-1092],[959,-1092],[955,-1088],[955,-1079],[965,-1074],[970,-1063],[971,-1056],[973,-1056],[990,-1040],[990,-1039]]]}},{"type":"Feature","properties":{"id_case":"case_0688","registry_id_case":"case_0688"},"geometry":{"type":"Polygon","coordinates":[[[2600,-1031],[2617,-1031],[2632,-1038],[2632,-1040],[2641,-1051],[2649,-1053],[2658,-1061],[2664,-1067],[2662,-1088],[2646,-1095],[2632,-1097],[2626,-1074],[2611,-1064],[2602,-1046],[2593,-1035],[2600,-1032],[2600,-1031]]]}},{"type":"Feature","properties":{"id_case":"case_0689","registry_id_case":"case_0689"},"geometry":{"type":"Polygon","coordinates":[[[1326,-1030],[1330,-1034],[1339,-1037],[1342,-1046],[1343,-1056],[1340,-1059],[1334,-1071],[1333,-1086],[1336,-1098],[1324,-1096],[1323,-1097],[1322,-1078],[1316,-1077],[1308,-1072],[1306,-1062],[1311,-1056],[1312,-1047],[1308,-1040],[1326,-1031],[1326,-1030]]]}},{"type":"Feature","properties":{"id_case":"case_0690","registry_id_case":"case_0690"},"geometry":{"type":"Polygon","coordinates":[[[2958,-1028],[2968,-1032],[2973,-1037],[2969,-1048],[2966,-1049],[2962,-1059],[2950,-1076],[2950,-1088],[2943,-1096],[2923,-1101],[2912,-1073],[2920,-1057],[2921,-1044],[2958,-1029],[2958,-1028]]]}},{"type":"Feature","properties":{"id_case":"case_0691","registry_id_case":"case_0691"},"geometry":{"type":"Polygon","coordinates":[[[1031,-1058],[1033,-1058],[1035,-1070],[1034,-1075],[1021,-1097],[1014,-1085],[1008,-1079],[997,-1079],[992,-1077],[1002,-1059],[1031,-1059],[1031,-1058]]]}},{"type":"Feature","properties":{"id_case":"case_0692","registry_id_case":"case_0692"},"geometry":{"type":"Polygon","coordinates":[[[1345,-1009],[1349,-1010],[1353,-1017],[1367,-1021],[1367,-1023],[1374,-1033],[1381,-1038],[1381,-1049],[1383,-1058],[1379,-1069],[1367,-1075],[1361,-1091],[1346,-1096],[1342,-1096],[1339,-1076],[1340,-1071],[1350,-1054],[1349,-1040],[1344,-1032],[1332,-1028],[1330,-1022],[1341,-1014],[1343,-1010],[1345,-1010],[1345,-1009]]]}},{"type":"Feature","properties":{"id_case":"case_0693","registry_id_case":"case_0693"},"geometry":{"type":"Polygon","coordinates":[[[1706,-1049],[1730,-1053],[1738,-1060],[1738,-1064],[1745,-1064],[1751,-1073],[1747,-1077],[1745,-1085],[1736,-1087],[1724,-1082],[1711,-1088],[1711,-1090],[1705,-1096],[1685,-1089],[1681,-1079],[1682,-1077],[1699,-1053],[1706,-1050],[1706,-1049]]]}},{"type":"Feature","properties":{"id_case":"case_0694","registry_id_case":"case_0694"},"geometry":{"type":"Polygon","coordinates":[[[2686,-1049],[2704,-1057],[2713,-1058],[2724,-1056],[2735,-1063],[2720,-1089],[2698,-1091],[2694,-1097],[2690,-1097],[2664,-1087],[2666,-1067],[2674,-1063],[2677,-1060],[2677,-1058],[2686,-1050],[2686,-1049]]]}},{"type":"Feature","properties":{"id_case":"case_0695","registry_id_case":"case_0695"},"geometry":{"type":"Polygon","coordinates":[[[1279,-1038],[1306,-1041],[1310,-1054],[1303,-1064],[1305,-1073],[1303,-1076],[1290,-1078],[1284,-1075],[1275,-1075],[1272,-1086],[1275,-1093],[1273,-1096],[1266,-1097],[1252,-1094],[1244,-1089],[1245,-1086],[1243,-1083],[1249,-1073],[1246,-1066],[1258,-1052],[1268,-1052],[1279,-1039],[1279,-1038]]]}},{"type":"Feature","properties":{"id_case":"case_0696","registry_id_case":"case_0696"},"geometry":{"type":"Polygon","coordinates":[[[1156,-1064],[1175,-1075],[1191,-1075],[1203,-1084],[1195,-1106],[1159,-1106],[1154,-1099],[1150,-1098],[1149,-1078],[1147,-1074],[1156,-1065],[1156,-1064]]]}},{"type":"Feature","properties":{"id_case":"case_0697","registry_id_case":"case_0697"},"geometry":{"type":"Polygon","coordinates":[[[1230,-1055],[1236,-1061],[1243,-1074],[1237,-1086],[1240,-1090],[1238,-1096],[1240,-1099],[1237,-1103],[1230,-1101],[1194,-1076],[1194,-1074],[1198,-1073],[1209,-1073],[1215,-1064],[1223,-1061],[1230,-1056],[1230,-1055]]]}},{"type":"Feature","properties":{"id_case":"case_0698","registry_id_case":"case_0698"},"geometry":{"type":"Polygon","coordinates":[[[1467,-1053],[1501,-1062],[1506,-1067],[1506,-1073],[1511,-1087],[1520,-1094],[1518,-1095],[1502,-1092],[1486,-1082],[1478,-1081],[1471,-1086],[1454,-1086],[1452,-1090],[1438,-1105],[1436,-1105],[1430,-1103],[1416,-1090],[1413,-1089],[1412,-1084],[1422,-1077],[1422,-1075],[1433,-1062],[1438,-1061],[1444,-1057],[1459,-1057],[1467,-1054],[1467,-1053]]]}},{"type":"Feature","properties":{"id_case":"case_0699","registry_id_case":"case_0699"},"geometry":{"type":"Polygon","coordinates":[[[1640,-1061],[1666,-1065],[1680,-1073],[1682,-1075],[1679,-1078],[1679,-1081],[1683,-1090],[1694,-1094],[1694,-1106],[1679,-1099],[1664,-1098],[1635,-1086],[1637,-1073],[1632,-1063],[1640,-1062],[1640,-1061]]]}},{"type":"Feature","properties":{"id_case":"case_0700","registry_id_case":"case_0700"},"geometry":{"type":"Polygon","coordinates":[[[1952,-1038],[1955,-1038],[1957,-1051],[1961,-1061],[1957,-1071],[1975,-1080],[1975,-1084],[1979,-1095],[1962,-1098],[1949,-1107],[1931,-1094],[1934,-1082],[1941,-1069],[1929,-1053],[1952,-1039],[1952,-1038]]]}},{"type":"Feature","properties":{"id_case":"case_0701","registry_id_case":"case_0701"},"geometry":{"type":"Polygon","coordinates":[[[1145,-1065],[1152,-1065],[1152,-1067],[1146,-1073],[1145,-1077],[1148,-1097],[1139,-1096],[1127,-1103],[1117,-1099],[1108,-1103],[1106,-1092],[1109,-1073],[1124,-1069],[1145,-1066],[1145,-1065]]]}},{"type":"Feature","properties":{"id_case":"case_0702","registry_id_case":"case_0702"},"geometry":{"type":"Polygon","coordinates":[[[856,-1075],[898,-1081],[902,-1093],[890,-1098],[875,-1109],[865,-1102],[860,-1104],[846,-1102],[843,-1100],[843,-1095],[858,-1083],[856,-1077],[856,-1075]]]}},{"type":"Feature","properties":{"id_case":"case_0703","registry_id_case":"case_0703"},"geometry":{"type":"Polygon","coordinates":[[[1064,-1069],[1069,-1071],[1071,-1077],[1085,-1079],[1096,-1078],[1098,-1077],[1099,-1073],[1103,-1072],[1104,-1083],[1101,-1095],[1090,-1100],[1079,-1098],[1079,-1100],[1073,-1097],[1068,-1100],[1064,-1095],[1052,-1094],[1049,-1096],[1046,-1094],[1041,-1097],[1039,-1102],[1028,-1102],[1022,-1100],[1022,-1097],[1035,-1077],[1064,-1070],[1064,-1069]]]}},{"type":"Feature","properties":{"id_case":"case_0704","registry_id_case":"case_0704"},"geometry":{"type":"Polygon","coordinates":[[[1306,-1073],[1320,-1080],[1321,-1098],[1318,-1101],[1310,-1103],[1309,-1109],[1292,-1106],[1284,-1101],[1273,-1098],[1275,-1097],[1277,-1090],[1274,-1083],[1276,-1077],[1284,-1076],[1292,-1080],[1304,-1078],[1304,-1076],[1306,-1075],[1306,-1073]]]}},{"type":"Feature","properties":{"id_case":"case_0705","registry_id_case":"case_0705"},"geometry":{"type":"Polygon","coordinates":[[[2206,-1045],[2221,-1048],[2232,-1053],[2234,-1062],[2236,-1092],[2232,-1098],[2220,-1101],[2217,-1104],[2209,-1107],[2207,-1103],[2212,-1098],[2213,-1093],[2211,-1085],[2191,-1080],[2186,-1069],[2195,-1051],[2202,-1050],[2206,-1046],[2206,-1045]]]}},{"type":"Feature","properties":{"id_case":"case_0706","registry_id_case":"case_0706"},"geometry":{"type":"Polygon","coordinates":[[[2239,-1056],[2286,-1069],[2291,-1077],[2306,-1092],[2307,-1095],[2295,-1112],[2277,-1106],[2254,-1104],[2243,-1091],[2241,-1065],[2239,-1057],[2239,-1056]]]}},{"type":"Feature","properties":{"id_case":"case_0707","registry_id_case":"case_0707"},"geometry":{"type":"Polygon","coordinates":[[[1776,-1074],[1784,-1075],[1801,-1090],[1798,-1102],[1770,-1105],[1756,-1113],[1746,-1085],[1748,-1079],[1761,-1082],[1770,-1079],[1776,-1075],[1776,-1074]]]}},{"type":"Feature","properties":{"id_case":"case_0708","registry_id_case":"case_0708"},"geometry":{"type":"Polygon","coordinates":[[[2589,-1037],[2592,-1037],[2595,-1040],[2610,-1066],[2624,-1074],[2630,-1099],[2622,-1113],[2596,-1105],[2578,-1102],[2575,-1099],[2575,-1097],[2568,-1092],[2568,-1089],[2571,-1084],[2575,-1084],[2579,-1081],[2578,-1075],[2573,-1070],[2570,-1058],[2572,-1047],[2589,-1038],[2589,-1037]]]}},{"type":"Feature","properties":{"id_case":"case_0709","registry_id_case":"case_0709"},"geometry":{"type":"Polygon","coordinates":[[[2016,-1053],[2028,-1056],[2036,-1063],[2036,-1072],[2027,-1076],[2023,-1080],[2018,-1090],[2030,-1099],[2029,-1107],[2008,-1115],[1998,-1113],[1993,-1105],[1980,-1100],[1986,-1086],[1991,-1084],[1996,-1079],[1998,-1072],[2004,-1065],[2006,-1065],[2014,-1059],[2016,-1054],[2016,-1053]]]}},{"type":"Feature","properties":{"id_case":"case_0710","registry_id_case":"case_0710"},"geometry":{"type":"Polygon","coordinates":[[[2052,-1048],[2059,-1048],[2064,-1056],[2068,-1056],[2076,-1051],[2076,-1055],[2084,-1079],[2074,-1095],[2070,-1107],[2052,-1107],[2037,-1111],[2031,-1107],[2032,-1098],[2023,-1092],[2021,-1090],[2021,-1087],[2026,-1079],[2037,-1074],[2048,-1073],[2047,-1062],[2049,-1053],[2052,-1049],[2052,-1048]]]}},{"type":"Feature","properties":{"id_case":"case_0711","registry_id_case":"case_0711"},"geometry":{"type":"Polygon","coordinates":[[[1807,-1055],[1822,-1061],[1822,-1063],[1829,-1068],[1830,-1077],[1828,-1083],[1835,-1096],[1829,-1111],[1816,-1111],[1806,-1116],[1800,-1101],[1803,-1089],[1786,-1075],[1789,-1067],[1805,-1060],[1807,-1056],[1807,-1055]]]}},{"type":"Feature","properties":{"id_case":"case_0712","registry_id_case":"case_0712"},"geometry":{"type":"Polygon","coordinates":[[[2736,-1065],[2752,-1075],[2751,-1108],[2735,-1107],[2721,-1113],[2707,-1115],[2692,-1112],[2694,-1099],[2697,-1095],[2699,-1093],[2722,-1091],[2726,-1080],[2736,-1066],[2736,-1065]]]}},{"type":"Feature","properties":{"id_case":"case_0713","registry_id_case":"case_0713"},"geometry":{"type":"Polygon","coordinates":[[[935,-1084],[938,-1084],[938,-1087],[932,-1098],[929,-1099],[928,-1106],[930,-1110],[926,-1109],[921,-1112],[903,-1109],[901,-1111],[883,-1116],[878,-1112],[880,-1108],[882,-1108],[895,-1099],[906,-1094],[926,-1090],[935,-1085],[935,-1084]]]}},{"type":"Feature","properties":{"id_case":"case_0714","registry_id_case":"case_0714"},"geometry":{"type":"Polygon","coordinates":[[[2476,-1039],[2478,-1039],[2487,-1046],[2493,-1057],[2505,-1062],[2513,-1075],[2524,-1087],[2527,-1094],[2529,-1105],[2539,-1113],[2539,-1115],[2535,-1114],[2533,-1120],[2527,-1117],[2511,-1119],[2494,-1102],[2494,-1100],[2486,-1091],[2467,-1084],[2464,-1062],[2469,-1047],[2476,-1040],[2476,-1039]]]}},{"type":"Feature","properties":{"id_case":"case_0715","registry_id_case":"case_0715"},"geometry":{"type":"Polygon","coordinates":[[[1903,-1077],[1909,-1077],[1917,-1088],[1926,-1092],[1918,-1095],[1917,-1103],[1928,-1109],[1930,-1114],[1905,-1114],[1896,-1115],[1885,-1119],[1878,-1084],[1881,-1081],[1903,-1078],[1903,-1077]]]}},{"type":"Feature","properties":{"id_case":"case_0716","registry_id_case":"case_0716"},"geometry":{"type":"Polygon","coordinates":[[[2356,-1063],[2391,-1069],[2389,-1081],[2370,-1118],[2366,-1117],[2362,-1120],[2356,-1114],[2355,-1107],[2343,-1101],[2343,-1097],[2341,-1094],[2329,-1098],[2331,-1090],[2330,-1082],[2333,-1070],[2356,-1064],[2356,-1063]]]}},{"type":"Feature","properties":{"id_case":"case_0717","registry_id_case":"case_0717"},"geometry":{"type":"Polygon","coordinates":[[[988,-1079],[1007,-1081],[1012,-1086],[1019,-1100],[1008,-1100],[1003,-1098],[997,-1106],[990,-1107],[987,-1117],[983,-1123],[974,-1124],[967,-1095],[980,-1089],[984,-1081],[988,-1080],[988,-1079]]]}},{"type":"Feature","properties":{"id_case":"case_0718","registry_id_case":"case_0718"},"geometry":{"type":"Polygon","coordinates":[[[2817,-1046],[2844,-1059],[2857,-1070],[2857,-1072],[2863,-1079],[2864,-1082],[2854,-1107],[2852,-1107],[2844,-1115],[2840,-1116],[2828,-1111],[2818,-1118],[2803,-1108],[2805,-1081],[2796,-1076],[2797,-1052],[2801,-1051],[2810,-1054],[2817,-1047],[2817,-1046]]]}},{"type":"Feature","properties":{"id_case":"case_0719","registry_id_case":"case_0719"},"geometry":{"type":"Polygon","coordinates":[[[1841,-1078],[1843,-1078],[1847,-1090],[1867,-1093],[1876,-1086],[1883,-1120],[1874,-1119],[1865,-1122],[1862,-1125],[1856,-1112],[1845,-1106],[1837,-1105],[1840,-1091],[1833,-1081],[1841,-1079],[1841,-1078]]]}},{"type":"Feature","properties":{"id_case":"case_0720","registry_id_case":"case_0720"},"geometry":{"type":"Polygon","coordinates":[[[2141,-1075],[2143,-1075],[2144,-1093],[2147,-1098],[2133,-1108],[2131,-1118],[2128,-1122],[2102,-1116],[2095,-1105],[2072,-1107],[2075,-1097],[2084,-1082],[2086,-1082],[2097,-1095],[2102,-1095],[2110,-1092],[2108,-1084],[2109,-1080],[2112,-1080],[2126,-1089],[2132,-1090],[2136,-1077],[2141,-1076],[2141,-1075]]]}},{"type":"Feature","properties":{"id_case":"case_0721","registry_id_case":"case_0721"},"geometry":{"type":"Polygon","coordinates":[[[1140,-1098],[1153,-1101],[1156,-1104],[1157,-1108],[1151,-1115],[1142,-1118],[1137,-1115],[1135,-1116],[1135,-1118],[1129,-1115],[1128,-1116],[1126,-1114],[1131,-1111],[1132,-1107],[1129,-1106],[1129,-1104],[1140,-1099],[1140,-1098]]]}},{"type":"Feature","properties":{"id_case":"case_0722","registry_id_case":"case_0722"},"geometry":{"type":"Polygon","coordinates":[[[950,-1081],[952,-1081],[953,-1089],[957,-1093],[964,-1095],[973,-1126],[969,-1130],[959,-1127],[959,-1129],[949,-1127],[948,-1128],[944,-1124],[936,-1121],[930,-1103],[931,-1100],[934,-1099],[941,-1085],[950,-1082],[950,-1081]]]}},{"type":"Feature","properties":{"id_case":"case_0723","registry_id_case":"case_0723"},"geometry":{"type":"Polygon","coordinates":[[[1724,-1084],[1739,-1089],[1745,-1087],[1754,-1114],[1735,-1119],[1724,-1132],[1718,-1129],[1716,-1125],[1709,-1125],[1699,-1120],[1695,-1106],[1697,-1099],[1696,-1095],[1706,-1098],[1713,-1089],[1724,-1085],[1724,-1084]]]}},{"type":"Feature","properties":{"id_case":"case_0724","registry_id_case":"case_0724"},"geometry":{"type":"Polygon","coordinates":[[[1644,-1092],[1653,-1094],[1663,-1099],[1678,-1100],[1691,-1106],[1697,-1119],[1682,-1124],[1670,-1122],[1643,-1129],[1636,-1127],[1634,-1126],[1633,-1111],[1634,-1107],[1641,-1103],[1644,-1093],[1644,-1092]]]}},{"type":"Feature","properties":{"id_case":"case_0725","registry_id_case":"case_0725"},"geometry":{"type":"Polygon","coordinates":[[[1054,-1099],[1060,-1100],[1064,-1103],[1063,-1120],[1060,-1127],[1055,-1127],[1045,-1121],[1040,-1120],[1018,-1116],[1001,-1116],[994,-1114],[995,-1111],[999,-1111],[1002,-1109],[1004,-1104],[1042,-1107],[1046,-1100],[1054,-1100],[1054,-1099]]]}},{"type":"Feature","properties":{"id_case":"case_0726","registry_id_case":"case_0726"},"geometry":{"type":"Polygon","coordinates":[[[1598,-1088],[1616,-1088],[1620,-1091],[1627,-1092],[1631,-1089],[1637,-1088],[1641,-1090],[1639,-1101],[1632,-1106],[1632,-1126],[1615,-1128],[1586,-1123],[1582,-1114],[1584,-1105],[1594,-1092],[1598,-1089],[1598,-1088]]]}},{"type":"Feature","properties":{"id_case":"case_0727","registry_id_case":"case_0727"},"geometry":{"type":"Polygon","coordinates":[[[2392,-1070],[2403,-1073],[2417,-1074],[2428,-1081],[2419,-1098],[2430,-1104],[2431,-1114],[2442,-1121],[2428,-1125],[2412,-1122],[2392,-1128],[2376,-1128],[2373,-1125],[2371,-1119],[2392,-1077],[2392,-1070]]]}},{"type":"Feature","properties":{"id_case":"case_0728","registry_id_case":"case_0728"},"geometry":{"type":"Polygon","coordinates":[[[1369,-1078],[1375,-1078],[1384,-1081],[1397,-1090],[1399,-1092],[1399,-1096],[1390,-1099],[1380,-1119],[1379,-1125],[1357,-1133],[1358,-1124],[1355,-1117],[1347,-1112],[1344,-1098],[1348,-1098],[1363,-1093],[1365,-1082],[1367,-1079],[1369,-1079],[1369,-1078]]]}},{"type":"Feature","properties":{"id_case":"case_0729","registry_id_case":"case_0729"},"geometry":{"type":"Polygon","coordinates":[[[2431,-1082],[2467,-1085],[2485,-1093],[2493,-1104],[2508,-1119],[2508,-1130],[2503,-1131],[2500,-1129],[2493,-1129],[2486,-1124],[2476,-1125],[2473,-1127],[2471,-1134],[2463,-1127],[2444,-1121],[2433,-1113],[2432,-1103],[2422,-1097],[2425,-1090],[2431,-1083],[2431,-1082]]]}},{"type":"Feature","properties":{"id_case":"case_0730","registry_id_case":"case_0730"},"geometry":{"type":"Polygon","coordinates":[[[2897,-1075],[2911,-1076],[2911,-1079],[2921,-1104],[2915,-1111],[2914,-1119],[2890,-1137],[2890,-1135],[2876,-1114],[2873,-1111],[2858,-1107],[2857,-1103],[2866,-1080],[2897,-1076],[2897,-1075]]]}},{"type":"Feature","properties":{"id_case":"case_0731","registry_id_case":"case_0731"},"geometry":{"type":"Polygon","coordinates":[[[2327,-1084],[2329,-1091],[2327,-1100],[2331,-1101],[2341,-1097],[2341,-1101],[2343,-1104],[2353,-1108],[2353,-1113],[2357,-1118],[2350,-1135],[2327,-1123],[2314,-1121],[2297,-1114],[2297,-1111],[2309,-1094],[2327,-1085],[2327,-1084]]]}},{"type":"Feature","properties":{"id_case":"case_0732","registry_id_case":"case_0732"},"geometry":{"type":"Polygon","coordinates":[[[1511,-1064],[1518,-1064],[1530,-1067],[1535,-1072],[1535,-1074],[1542,-1084],[1563,-1086],[1593,-1084],[1596,-1087],[1583,-1104],[1580,-1116],[1584,-1127],[1581,-1138],[1557,-1135],[1534,-1121],[1533,-1114],[1530,-1113],[1531,-1110],[1525,-1095],[1513,-1086],[1508,-1066],[1511,-1065],[1511,-1064]]]}},{"type":"Feature","properties":{"id_case":"case_0733","registry_id_case":"case_0733"},"geometry":{"type":"Polygon","coordinates":[[[1926,-1095],[1932,-1096],[1951,-1109],[1963,-1101],[1978,-1098],[1978,-1101],[1972,-1114],[1959,-1130],[1941,-1134],[1939,-1133],[1932,-1136],[1922,-1135],[1922,-1133],[1916,-1125],[1913,-1116],[1933,-1116],[1931,-1109],[1920,-1102],[1920,-1097],[1926,-1096],[1926,-1095]]]}},{"type":"Feature","properties":{"id_case":"case_0734","registry_id_case":"case_0734"},"geometry":{"type":"Polygon","coordinates":[[[1325,-1098],[1332,-1098],[1338,-1102],[1338,-1105],[1343,-1116],[1343,-1128],[1346,-1133],[1353,-1136],[1343,-1138],[1323,-1134],[1322,-1122],[1324,-1119],[1320,-1114],[1311,-1109],[1311,-1105],[1315,-1105],[1325,-1099],[1325,-1098]]]}},{"type":"Feature","properties":{"id_case":"case_0735","registry_id_case":"case_0735"},"geometry":{"type":"Polygon","coordinates":[[[1836,-1108],[1845,-1108],[1853,-1113],[1856,-1116],[1864,-1135],[1849,-1132],[1844,-1129],[1841,-1131],[1841,-1134],[1838,-1134],[1836,-1133],[1836,-1131],[1831,-1129],[1824,-1129],[1822,-1122],[1815,-1120],[1812,-1122],[1812,-1124],[1802,-1127],[1804,-1121],[1808,-1121],[1816,-1117],[1827,-1117],[1832,-1115],[1836,-1109],[1836,-1108]]]}},{"type":"Feature","properties":{"id_case":"case_0736","registry_id_case":"case_0736"},"geometry":{"type":"Polygon","coordinates":[[[1117,-1101],[1125,-1103],[1126,-1106],[1130,-1108],[1126,-1110],[1124,-1114],[1126,-1117],[1130,-1117],[1132,-1119],[1132,-1122],[1127,-1129],[1113,-1136],[1107,-1137],[1094,-1136],[1090,-1134],[1096,-1130],[1095,-1126],[1090,-1125],[1100,-1119],[1103,-1111],[1108,-1106],[1117,-1102],[1117,-1101]]]}},{"type":"Feature","properties":{"id_case":"case_0737","registry_id_case":"case_0737"},"geometry":{"type":"Polygon","coordinates":[[[1204,-1086],[1206,-1086],[1229,-1102],[1238,-1105],[1239,-1104],[1239,-1111],[1236,-1120],[1239,-1128],[1237,-1138],[1230,-1138],[1220,-1141],[1216,-1139],[1203,-1138],[1200,-1141],[1202,-1133],[1206,-1132],[1207,-1123],[1197,-1104],[1204,-1089],[1204,-1086]]]}},{"type":"Feature","properties":{"id_case":"case_0738","registry_id_case":"case_0738"},"geometry":{"type":"Polygon","coordinates":[[[2530,-1067],[2532,-1067],[2551,-1083],[2563,-1122],[2564,-1133],[2558,-1145],[2552,-1142],[2551,-1135],[2541,-1112],[2531,-1104],[2530,-1094],[2524,-1081],[2530,-1069],[2530,-1067]]]}},{"type":"Feature","properties":{"id_case":"case_0739","registry_id_case":"case_0739"},"geometry":{"type":"Polygon","coordinates":[[[2554,-1085],[2564,-1089],[2566,-1093],[2574,-1099],[2577,-1114],[2586,-1127],[2590,-1138],[2582,-1146],[2578,-1147],[2566,-1135],[2566,-1121],[2554,-1087],[2554,-1085]]]}},{"type":"Feature","properties":{"id_case":"case_0740","registry_id_case":"case_0740"},"geometry":{"type":"Polygon","coordinates":[[[2754,-1077],[2760,-1080],[2771,-1081],[2796,-1078],[2803,-1082],[2801,-1109],[2818,-1120],[2815,-1143],[2802,-1144],[2794,-1140],[2784,-1132],[2783,-1127],[2775,-1118],[2753,-1109],[2754,-1103],[2754,-1077]]]}},{"type":"Feature","properties":{"id_case":"case_0741","registry_id_case":"case_0741"},"geometry":{"type":"Polygon","coordinates":[[[1479,-1083],[1487,-1084],[1500,-1092],[1500,-1094],[1521,-1097],[1523,-1096],[1528,-1115],[1531,-1116],[1534,-1125],[1532,-1131],[1529,-1131],[1526,-1134],[1523,-1144],[1509,-1136],[1493,-1131],[1477,-1130],[1464,-1132],[1461,-1135],[1455,-1147],[1444,-1145],[1442,-1118],[1438,-1107],[1456,-1088],[1472,-1089],[1479,-1084],[1479,-1083]]]}},{"type":"Feature","properties":{"id_case":"case_0742","registry_id_case":"case_0742"},"geometry":{"type":"Polygon","coordinates":[[[2662,-1089],[2692,-1099],[2690,-1111],[2680,-1114],[2670,-1121],[2664,-1127],[2664,-1130],[2660,-1134],[2651,-1139],[2639,-1142],[2638,-1125],[2633,-1119],[2629,-1118],[2624,-1114],[2625,-1111],[2633,-1098],[2646,-1098],[2662,-1090],[2662,-1089]]]}},{"type":"Feature","properties":{"id_case":"case_0743","registry_id_case":"case_0743"},"geometry":{"type":"Polygon","coordinates":[[[1171,-1107],[1190,-1107],[1197,-1110],[1197,-1112],[1203,-1120],[1205,-1129],[1200,-1132],[1198,-1141],[1183,-1140],[1181,-1142],[1178,-1140],[1178,-1138],[1154,-1126],[1147,-1120],[1159,-1109],[1171,-1108],[1171,-1107]]]}},{"type":"Feature","properties":{"id_case":"case_0744","registry_id_case":"case_0744"},"geometry":{"type":"Polygon","coordinates":[[[1271,-1100],[1283,-1102],[1292,-1107],[1308,-1110],[1318,-1115],[1320,-1117],[1321,-1122],[1321,-1134],[1305,-1134],[1294,-1141],[1285,-1142],[1274,-1141],[1265,-1137],[1266,-1121],[1267,-1119],[1273,-1117],[1271,-1106],[1271,-1100]]]}},{"type":"Feature","properties":{"id_case":"case_0745","registry_id_case":"case_0745"},"geometry":{"type":"Polygon","coordinates":[[[1104,-1098],[1107,-1105],[1097,-1119],[1092,-1120],[1087,-1124],[1088,-1127],[1094,-1128],[1088,-1132],[1087,-1136],[1107,-1138],[1107,-1140],[1102,-1142],[1100,-1146],[1094,-1146],[1081,-1141],[1079,-1136],[1068,-1135],[1066,-1128],[1062,-1127],[1066,-1105],[1082,-1105],[1086,-1103],[1086,-1105],[1096,-1105],[1104,-1100],[1104,-1098]]]}},{"type":"Feature","properties":{"id_case":"case_0746","registry_id_case":"case_0746"},"geometry":{"type":"Polygon","coordinates":[[[1697,-1121],[1715,-1127],[1717,-1131],[1723,-1133],[1723,-1136],[1732,-1138],[1732,-1140],[1735,-1141],[1715,-1145],[1711,-1139],[1708,-1139],[1700,-1144],[1688,-1144],[1687,-1147],[1665,-1146],[1664,-1142],[1652,-1137],[1646,-1131],[1667,-1126],[1688,-1126],[1697,-1122],[1697,-1121]]]}},{"type":"Feature","properties":{"id_case":"case_0747","registry_id_case":"case_0747"},"geometry":{"type":"Polygon","coordinates":[[[1797,-1104],[1804,-1116],[1802,-1116],[1800,-1118],[1799,-1123],[1795,-1125],[1795,-1133],[1785,-1131],[1784,-1135],[1776,-1139],[1771,-1138],[1752,-1141],[1752,-1143],[1748,-1143],[1743,-1140],[1738,-1141],[1734,-1139],[1733,-1136],[1725,-1134],[1736,-1121],[1750,-1119],[1769,-1109],[1797,-1105],[1797,-1104]]]}},{"type":"Feature","properties":{"id_case":"case_0748","registry_id_case":"case_0748"},"geometry":{"type":"Polygon","coordinates":[[[1479,-1132],[1487,-1132],[1491,-1138],[1485,-1136],[1467,-1135],[1464,-1145],[1460,-1140],[1465,-1134],[1479,-1133],[1479,-1132]]]}},{"type":"Feature","properties":{"id_case":"case_0749","registry_id_case":"case_0749"},"geometry":{"type":"Polygon","coordinates":[[[843,-1103],[864,-1106],[867,-1104],[882,-1118],[881,-1121],[871,-1131],[854,-1137],[850,-1145],[848,-1145],[848,-1142],[842,-1143],[846,-1131],[842,-1122],[841,-1112],[843,-1106],[843,-1103]]]}},{"type":"Feature","properties":{"id_case":"case_0750","registry_id_case":"case_0750"},"geometry":{"type":"Polygon","coordinates":[[[2183,-1071],[2190,-1082],[2209,-1086],[2211,-1097],[2206,-1102],[2205,-1105],[2208,-1109],[2216,-1108],[2216,-1135],[2209,-1137],[2198,-1145],[2185,-1149],[2176,-1143],[2178,-1126],[2176,-1119],[2149,-1098],[2145,-1074],[2153,-1072],[2159,-1082],[2183,-1072],[2183,-1071]]]}},{"type":"Feature","properties":{"id_case":"case_0751","registry_id_case":"case_0751"},"geometry":{"type":"Polygon","coordinates":[[[991,-1118],[1008,-1122],[1013,-1120],[1044,-1126],[1052,-1131],[1062,-1132],[1064,-1138],[1053,-1142],[1045,-1150],[1041,-1151],[1035,-1149],[1029,-1141],[1005,-1136],[1005,-1132],[1003,-1130],[990,-1123],[991,-1120],[991,-1118]]]}},{"type":"Feature","properties":{"id_case":"case_0752","registry_id_case":"case_0752"},"geometry":{"type":"Polygon","coordinates":[[[1979,-1101],[1993,-1107],[1997,-1115],[2012,-1117],[2032,-1109],[2039,-1114],[2048,-1111],[2053,-1136],[2042,-1138],[2037,-1146],[2028,-1155],[2018,-1154],[2002,-1144],[1996,-1142],[1979,-1147],[1977,-1143],[1976,-1131],[1966,-1127],[1966,-1124],[1974,-1114],[1979,-1104],[1979,-1101]]]}},{"type":"Feature","properties":{"id_case":"case_0753","registry_id_case":"case_0753"},"geometry":{"type":"Polygon","coordinates":[[[3003,-1077],[3005,-1077],[3013,-1083],[3018,-1109],[3025,-1125],[3019,-1133],[3017,-1133],[2994,-1152],[2984,-1140],[2975,-1143],[2974,-1142],[2970,-1126],[2973,-1122],[2975,-1122],[2978,-1119],[2981,-1102],[2987,-1087],[2994,-1080],[3003,-1078],[3003,-1077]]]}},{"type":"Feature","properties":{"id_case":"case_0754","registry_id_case":"case_0754"},"geometry":{"type":"Polygon","coordinates":[[[1905,-1116],[1911,-1116],[1913,-1126],[1921,-1136],[1903,-1143],[1900,-1148],[1891,-1148],[1883,-1152],[1874,-1141],[1871,-1141],[1867,-1137],[1867,-1134],[1863,-1127],[1866,-1124],[1880,-1121],[1886,-1122],[1893,-1119],[1905,-1117],[1905,-1116]]]}},{"type":"Feature","properties":{"id_case":"case_0755","registry_id_case":"case_0755"},"geometry":{"type":"Polygon","coordinates":[[[2443,-1123],[2462,-1128],[2467,-1133],[2468,-1137],[2462,-1139],[2454,-1136],[2446,-1139],[2444,-1141],[2443,-1152],[2433,-1156],[2429,-1130],[2443,-1124],[2443,-1123]]]}},{"type":"Feature","properties":{"id_case":"case_0756","registry_id_case":"case_0756"},"geometry":{"type":"Polygon","coordinates":[[[1244,-1092],[1247,-1092],[1254,-1096],[1269,-1099],[1271,-1116],[1265,-1117],[1262,-1128],[1263,-1138],[1273,-1143],[1265,-1156],[1262,-1156],[1256,-1150],[1256,-1143],[1254,-1140],[1250,-1139],[1244,-1142],[1242,-1136],[1245,-1124],[1242,-1115],[1245,-1105],[1244,-1101],[1246,-1097],[1244,-1096],[1244,-1092]]]}},{"type":"Feature","properties":{"id_case":"case_0757","registry_id_case":"case_0757"},"geometry":{"type":"Polygon","coordinates":[[[1816,-1122],[1819,-1122],[1821,-1124],[1821,-1128],[1823,-1131],[1831,-1130],[1837,-1135],[1833,-1143],[1828,-1148],[1801,-1153],[1778,-1149],[1766,-1151],[1752,-1148],[1750,-1146],[1753,-1144],[1771,-1142],[1776,-1140],[1779,-1141],[1786,-1136],[1786,-1133],[1793,-1136],[1798,-1134],[1802,-1130],[1813,-1126],[1813,-1124],[1816,-1123],[1816,-1122]]]}},{"type":"Feature","properties":{"id_case":"case_0758","registry_id_case":"case_0758"},"geometry":{"type":"Polygon","coordinates":[[[906,-1115],[913,-1118],[916,-1116],[929,-1116],[930,-1123],[919,-1134],[909,-1154],[895,-1157],[897,-1148],[892,-1147],[888,-1144],[877,-1134],[877,-1132],[885,-1124],[903,-1119],[906,-1116],[906,-1115]]]}},{"type":"Feature","properties":{"id_case":"case_0759","registry_id_case":"case_0759"},"geometry":{"type":"Polygon","coordinates":[[[2256,-1107],[2279,-1108],[2314,-1123],[2312,-1133],[2304,-1138],[2305,-1157],[2302,-1160],[2294,-1158],[2292,-1160],[2291,-1159],[2291,-1150],[2285,-1137],[2280,-1132],[2266,-1125],[2262,-1121],[2260,-1112],[2256,-1108],[2256,-1107]]]}},{"type":"Feature","properties":{"id_case":"case_0760","registry_id_case":"case_0760"},"geometry":{"type":"Polygon","coordinates":[[[2090,-1107],[2094,-1107],[2101,-1118],[2106,-1118],[2125,-1123],[2125,-1127],[2119,-1142],[2106,-1134],[2095,-1141],[2095,-1157],[2077,-1161],[2065,-1152],[2061,-1142],[2057,-1138],[2050,-1110],[2090,-1108],[2090,-1107]]]}},{"type":"Feature","properties":{"id_case":"case_0761","registry_id_case":"case_0761"},"geometry":{"type":"Polygon","coordinates":[[[1407,-1088],[1411,-1088],[1411,-1090],[1415,-1091],[1418,-1094],[1418,-1096],[1422,-1097],[1428,-1103],[1436,-1107],[1442,-1145],[1435,-1159],[1416,-1156],[1410,-1150],[1408,-1144],[1405,-1144],[1393,-1138],[1373,-1136],[1369,-1132],[1381,-1126],[1382,-1120],[1391,-1102],[1393,-1100],[1399,-1099],[1399,-1097],[1401,-1097],[1402,-1091],[1407,-1089],[1407,-1088]]]}},{"type":"Feature","properties":{"id_case":"case_0762","registry_id_case":"case_0762"},"geometry":{"type":"Polygon","coordinates":[[[2538,-1119],[2543,-1121],[2543,-1124],[2548,-1135],[2522,-1146],[2512,-1163],[2502,-1148],[2471,-1145],[2471,-1140],[2478,-1130],[2486,-1129],[2490,-1132],[2508,-1136],[2512,-1133],[2512,-1124],[2528,-1123],[2535,-1126],[2538,-1120],[2538,-1119]]]}},{"type":"Feature","properties":{"id_case":"case_0763","registry_id_case":"case_0763"},"geometry":{"type":"Polygon","coordinates":[[[1536,-1125],[1540,-1126],[1556,-1136],[1576,-1138],[1582,-1140],[1584,-1138],[1586,-1125],[1621,-1130],[1635,-1128],[1643,-1131],[1651,-1138],[1663,-1144],[1657,-1146],[1655,-1151],[1650,-1151],[1642,-1148],[1638,-1150],[1626,-1151],[1615,-1150],[1598,-1154],[1592,-1152],[1590,-1156],[1586,-1154],[1585,-1149],[1577,-1148],[1573,-1155],[1566,-1153],[1563,-1155],[1563,-1157],[1554,-1158],[1554,-1156],[1551,-1153],[1542,-1155],[1534,-1149],[1531,-1149],[1529,-1145],[1525,-1145],[1525,-1141],[1527,-1141],[1528,-1135],[1534,-1132],[1534,-1127],[1536,-1126],[1536,-1125]]]}},{"type":"Feature","properties":{"id_case":"case_0764","registry_id_case":"case_0764"},"geometry":{"type":"Polygon","coordinates":[[[1469,-1137],[1483,-1137],[1493,-1140],[1503,-1149],[1505,-1153],[1499,-1159],[1492,-1163],[1481,-1163],[1472,-1157],[1467,-1148],[1466,-1142],[1469,-1138],[1469,-1137]]]}},{"type":"Feature","properties":{"id_case":"case_0765","registry_id_case":"case_0765"},"geometry":{"type":"Polygon","coordinates":[[[2855,-1108],[2871,-1112],[2890,-1140],[2886,-1161],[2855,-1159],[2851,-1163],[2846,-1165],[2842,-1164],[2816,-1145],[2819,-1124],[2822,-1118],[2831,-1114],[2844,-1119],[2855,-1109],[2855,-1108]]]}},{"type":"Feature","properties":{"id_case":"case_0766","registry_id_case":"case_0766"},"geometry":{"type":"Polygon","coordinates":[[[2413,-1124],[2430,-1127],[2427,-1129],[2427,-1138],[2431,-1160],[2421,-1163],[2406,-1162],[2404,-1160],[2398,-1159],[2395,-1161],[2395,-1143],[2402,-1129],[2405,-1126],[2413,-1125],[2413,-1124]]]}},{"type":"Feature","properties":{"id_case":"case_0767","registry_id_case":"case_0767"},"geometry":{"type":"Polygon","coordinates":[[[931,-1124],[934,-1127],[941,-1128],[949,-1134],[953,-1133],[960,-1135],[971,-1135],[975,-1132],[975,-1130],[983,-1129],[990,-1125],[996,-1128],[1003,-1133],[1003,-1137],[1000,-1140],[999,-1144],[1001,-1150],[1000,-1155],[1003,-1162],[993,-1161],[989,-1163],[984,-1156],[979,-1155],[972,-1149],[956,-1147],[947,-1144],[932,-1147],[925,-1151],[913,-1151],[919,-1136],[931,-1125],[931,-1124]]]}},{"type":"Feature","properties":{"id_case":"case_0768","registry_id_case":"case_0768"},"geometry":{"type":"Polygon","coordinates":[[[1065,-1139],[1075,-1140],[1080,-1145],[1096,-1150],[1094,-1155],[1102,-1157],[1086,-1165],[1081,-1159],[1075,-1159],[1068,-1163],[1062,-1164],[1057,-1160],[1057,-1158],[1052,-1153],[1047,-1152],[1054,-1145],[1061,-1143],[1065,-1140],[1065,-1139]]]}},{"type":"Feature","properties":{"id_case":"case_0769","registry_id_case":"case_0769"},"geometry":{"type":"Polygon","coordinates":[[[2687,-1117],[2696,-1117],[2700,-1119],[2700,-1136],[2719,-1138],[2730,-1146],[2724,-1158],[2718,-1160],[2698,-1172],[2678,-1172],[2670,-1164],[2669,-1161],[2667,-1161],[2655,-1150],[2654,-1143],[2660,-1141],[2665,-1137],[2669,-1133],[2669,-1129],[2671,-1127],[2673,-1127],[2681,-1120],[2687,-1118],[2687,-1117]]]}},{"type":"Feature","properties":{"id_case":"case_0770","registry_id_case":"case_0770"},"geometry":{"type":"Polygon","coordinates":[[[1205,-1143],[1215,-1143],[1224,-1146],[1229,-1164],[1217,-1170],[1211,-1171],[1207,-1165],[1194,-1158],[1184,-1145],[1202,-1146],[1205,-1144],[1205,-1143]]]}},{"type":"Feature","properties":{"id_case":"case_0771","registry_id_case":"case_0771"},"geometry":{"type":"Polygon","coordinates":[[[1004,-1138],[1023,-1140],[1027,-1142],[1034,-1151],[1051,-1155],[1056,-1162],[1048,-1164],[1047,-1167],[1036,-1169],[1007,-1163],[1005,-1162],[1005,-1157],[1002,-1151],[1003,-1145],[1001,-1141],[1004,-1139],[1004,-1138]]]}},{"type":"Feature","properties":{"id_case":"case_0772","registry_id_case":"case_0772"},"geometry":{"type":"Polygon","coordinates":[[[2147,-1100],[2150,-1100],[2174,-1120],[2176,-1134],[2174,-1145],[2169,-1156],[2142,-1169],[2138,-1167],[2127,-1166],[2103,-1170],[2098,-1159],[2097,-1142],[2109,-1136],[2120,-1144],[2127,-1124],[2129,-1124],[2133,-1120],[2135,-1109],[2147,-1101],[2147,-1100]]]}},{"type":"Feature","properties":{"id_case":"case_0773","registry_id_case":"case_0773"},"geometry":{"type":"Polygon","coordinates":[[[2358,-1119],[2361,-1122],[2366,-1121],[2368,-1119],[2371,-1126],[2377,-1130],[2386,-1132],[2400,-1129],[2391,-1152],[2393,-1162],[2374,-1159],[2370,-1162],[2370,-1166],[2364,-1169],[2362,-1167],[2357,-1154],[2359,-1144],[2354,-1138],[2352,-1138],[2354,-1129],[2358,-1121],[2358,-1119]]]}},{"type":"Feature","properties":{"id_case":"case_0774","registry_id_case":"case_0774"},"geometry":{"type":"Polygon","coordinates":[[[2738,-1112],[2754,-1114],[2768,-1121],[2757,-1145],[2760,-1165],[2756,-1171],[2753,-1171],[2728,-1157],[2732,-1145],[2730,-1143],[2728,-1143],[2720,-1137],[2702,-1134],[2703,-1119],[2723,-1119],[2738,-1113],[2738,-1112]]]}},{"type":"Feature","properties":{"id_case":"case_0775","registry_id_case":"case_0775"},"geometry":{"type":"Polygon","coordinates":[[[1306,-1136],[1325,-1136],[1348,-1140],[1350,-1139],[1347,-1144],[1332,-1150],[1309,-1163],[1305,-1170],[1289,-1167],[1286,-1162],[1272,-1161],[1271,-1158],[1267,-1157],[1274,-1144],[1294,-1144],[1306,-1137],[1306,-1136]]]}},{"type":"Feature","properties":{"id_case":"case_0776","registry_id_case":"case_0776"},"geometry":{"type":"Polygon","coordinates":[[[2941,-1098],[2942,-1100],[2940,-1110],[2942,-1139],[2938,-1151],[2937,-1167],[2918,-1171],[2888,-1162],[2892,-1138],[2916,-1120],[2916,-1111],[2922,-1104],[2934,-1102],[2941,-1099],[2941,-1098]]]}},{"type":"Feature","properties":{"id_case":"case_0777","registry_id_case":"case_0777"},"geometry":{"type":"Polygon","coordinates":[[[1490,-1132],[1507,-1137],[1523,-1146],[1528,-1147],[1529,-1150],[1537,-1152],[1542,-1157],[1546,-1171],[1527,-1168],[1518,-1164],[1497,-1164],[1498,-1161],[1505,-1157],[1507,-1151],[1498,-1141],[1496,-1141],[1493,-1138],[1493,-1136],[1490,-1133],[1490,-1132]]]}},{"type":"Feature","properties":{"id_case":"case_0778","registry_id_case":"case_0778"},"geometry":{"type":"Polygon","coordinates":[[[1352,-1140],[1362,-1164],[1366,-1168],[1355,-1167],[1353,-1169],[1342,-1171],[1309,-1168],[1308,-1169],[1308,-1167],[1311,-1164],[1343,-1149],[1352,-1142],[1352,-1140]]]}},{"type":"Feature","properties":{"id_case":"case_0779","registry_id_case":"case_0779"},"geometry":{"type":"Polygon","coordinates":[[[1231,-1143],[1234,-1143],[1247,-1149],[1251,-1147],[1250,-1152],[1254,-1157],[1261,-1161],[1267,-1162],[1271,-1166],[1278,-1166],[1277,-1169],[1275,-1171],[1264,-1173],[1248,-1174],[1231,-1160],[1227,-1146],[1231,-1144],[1231,-1143]]]}},{"type":"Feature","properties":{"id_case":"case_0780","registry_id_case":"case_0780"},"geometry":{"type":"Polygon","coordinates":[[[948,-1146],[971,-1150],[984,-1159],[987,-1164],[956,-1176],[948,-1174],[934,-1163],[933,-1155],[929,-1151],[948,-1147],[948,-1146]]]}},{"type":"Feature","properties":{"id_case":"case_0781","registry_id_case":"case_0781"},"geometry":{"type":"Polygon","coordinates":[[[1578,-1150],[1584,-1151],[1584,-1155],[1586,-1157],[1591,-1158],[1593,-1157],[1593,-1154],[1596,-1154],[1604,-1156],[1604,-1158],[1602,-1161],[1590,-1167],[1589,-1173],[1582,-1175],[1577,-1176],[1569,-1170],[1559,-1168],[1548,-1171],[1544,-1157],[1545,-1156],[1550,-1155],[1553,-1160],[1561,-1160],[1564,-1159],[1565,-1156],[1575,-1157],[1575,-1154],[1578,-1151],[1578,-1150]]]}},{"type":"Feature","properties":{"id_case":"case_0782","registry_id_case":"case_0782"},"geometry":{"type":"Polygon","coordinates":[[[2451,-1142],[2465,-1144],[2469,-1142],[2462,-1164],[2434,-1178],[2421,-1180],[2413,-1168],[2411,-1168],[2425,-1168],[2430,-1165],[2432,-1166],[2437,-1161],[2445,-1158],[2449,-1154],[2449,-1143],[2451,-1143],[2451,-1142]]]}},{"type":"Feature","properties":{"id_case":"case_0783","registry_id_case":"case_0783"},"geometry":{"type":"Polygon","coordinates":[[[1709,-1141],[1713,-1146],[1715,-1146],[1710,-1153],[1707,-1162],[1699,-1162],[1675,-1173],[1675,-1175],[1671,-1177],[1649,-1181],[1654,-1174],[1656,-1174],[1662,-1169],[1665,-1148],[1688,-1149],[1689,-1146],[1700,-1147],[1709,-1142],[1709,-1141]]]}},{"type":"Feature","properties":{"id_case":"case_0784","registry_id_case":"case_0784"},"geometry":{"type":"Polygon","coordinates":[[[1365,-1132],[1367,-1132],[1371,-1138],[1395,-1140],[1406,-1146],[1409,-1153],[1415,-1157],[1433,-1161],[1423,-1177],[1395,-1189],[1384,-1184],[1379,-1179],[1372,-1163],[1368,-1161],[1357,-1136],[1365,-1133],[1365,-1132]]]}},{"type":"Feature","properties":{"id_case":"case_0785","registry_id_case":"case_0785"},"geometry":{"type":"Polygon","coordinates":[[[2316,-1123],[2326,-1124],[2349,-1137],[2356,-1143],[2357,-1149],[2355,-1159],[2357,-1164],[2363,-1171],[2360,-1174],[2353,-1178],[2352,-1177],[2341,-1179],[2333,-1182],[2330,-1172],[2325,-1167],[2318,-1167],[2315,-1162],[2311,-1162],[2311,-1160],[2307,-1158],[2306,-1139],[2308,-1139],[2314,-1134],[2316,-1126],[2316,-1123]]]}},{"type":"Feature","properties":{"id_case":"case_0786","registry_id_case":"case_0786"},"geometry":{"type":"Polygon","coordinates":[[[1136,-1118],[1148,-1122],[1152,-1126],[1155,-1136],[1153,-1139],[1152,-1146],[1143,-1152],[1143,-1156],[1133,-1155],[1130,-1176],[1128,-1176],[1120,-1182],[1113,-1175],[1112,-1158],[1110,-1156],[1099,-1155],[1097,-1154],[1097,-1152],[1104,-1152],[1105,-1148],[1103,-1144],[1128,-1131],[1128,-1129],[1136,-1120],[1136,-1118]]]}},{"type":"Feature","properties":{"id_case":"case_0787","registry_id_case":"case_0787"},"geometry":{"type":"Polygon","coordinates":[[[1738,-1143],[1745,-1143],[1752,-1149],[1762,-1152],[1749,-1156],[1740,-1157],[1737,-1159],[1734,-1169],[1735,-1171],[1738,-1174],[1751,-1174],[1758,-1178],[1773,-1175],[1773,-1178],[1771,-1178],[1769,-1184],[1760,-1187],[1738,-1183],[1709,-1164],[1710,-1156],[1717,-1147],[1738,-1144],[1738,-1143]]]}},{"type":"Feature","properties":{"id_case":"case_0788","registry_id_case":"case_0788"},"geometry":{"type":"Polygon","coordinates":[[[3046,-1110],[3054,-1111],[3062,-1117],[3070,-1125],[3081,-1145],[3082,-1151],[3079,-1152],[3077,-1158],[3082,-1164],[3084,-1164],[3081,-1175],[3077,-1181],[3074,-1178],[3067,-1178],[3062,-1182],[3052,-1184],[3038,-1161],[3041,-1148],[3040,-1144],[3038,-1144],[3025,-1132],[3025,-1127],[3027,-1123],[3036,-1119],[3046,-1111],[3046,-1110]]]}},{"type":"Feature","properties":{"id_case":"case_0789","registry_id_case":"case_0789"},"geometry":{"type":"Polygon","coordinates":[[[2578,-1104],[2595,-1106],[2621,-1114],[2635,-1124],[2637,-1143],[2632,-1143],[2623,-1146],[2613,-1173],[2610,-1179],[2605,-1184],[2603,-1184],[2603,-1180],[2599,-1172],[2597,-1163],[2599,-1142],[2592,-1138],[2590,-1128],[2578,-1109],[2578,-1104]]]}},{"type":"Feature","properties":{"id_case":"case_0790","registry_id_case":"case_0790"},"geometry":{"type":"Polygon","coordinates":[[[2959,-1110],[2966,-1113],[2963,-1124],[2965,-1127],[2968,-1128],[2969,-1137],[2973,-1144],[2978,-1145],[2984,-1143],[2992,-1153],[2994,-1180],[2984,-1187],[2979,-1188],[2967,-1185],[2955,-1187],[2945,-1186],[2942,-1185],[2939,-1178],[2938,-1172],[2942,-1168],[2944,-1147],[2952,-1131],[2957,-1112],[2959,-1111],[2959,-1110]]]}},{"type":"Feature","properties":{"id_case":"case_0791","registry_id_case":"case_0791"},"geometry":{"type":"Polygon","coordinates":[[[2237,-1093],[2250,-1108],[2256,-1122],[2264,-1130],[2257,-1142],[2255,-1156],[2221,-1161],[2217,-1179],[2220,-1187],[2203,-1187],[2203,-1164],[2196,-1157],[2194,-1157],[2189,-1152],[2189,-1150],[2199,-1148],[2219,-1136],[2217,-1115],[2218,-1107],[2221,-1103],[2233,-1100],[2237,-1095],[2237,-1093]]]}},{"type":"Feature","properties":{"id_case":"case_0792","registry_id_case":"case_0792"},"geometry":{"type":"Polygon","coordinates":[[[912,-1152],[914,-1154],[927,-1153],[931,-1156],[932,-1162],[926,-1163],[915,-1174],[915,-1176],[906,-1188],[890,-1189],[889,-1186],[883,-1185],[877,-1187],[879,-1176],[878,-1175],[882,-1170],[889,-1169],[891,-1167],[891,-1163],[894,-1160],[910,-1156],[912,-1153],[912,-1152]]]}},{"type":"Feature","properties":{"id_case":"case_0793","registry_id_case":"case_0793"},"geometry":{"type":"Polygon","coordinates":[[[1507,-1165],[1518,-1165],[1527,-1169],[1551,-1173],[1561,-1170],[1568,-1171],[1576,-1177],[1538,-1188],[1522,-1177],[1517,-1182],[1517,-1184],[1507,-1181],[1502,-1186],[1497,-1186],[1498,-1182],[1493,-1173],[1492,-1168],[1493,-1166],[1507,-1166],[1507,-1165]]]}},{"type":"Feature","properties":{"id_case":"case_0794","registry_id_case":"case_0794"},"geometry":{"type":"Polygon","coordinates":[[[2590,-1140],[2593,-1140],[2597,-1143],[2597,-1156],[2595,-1167],[2602,-1185],[2586,-1192],[2580,-1149],[2590,-1141],[2590,-1140]]]}},{"type":"Feature","properties":{"id_case":"case_0795","registry_id_case":"case_0795"},"geometry":{"type":"Polygon","coordinates":[[[875,-1135],[888,-1146],[894,-1149],[894,-1155],[889,-1166],[881,-1168],[877,-1172],[877,-1182],[874,-1189],[865,-1191],[865,-1188],[862,-1187],[859,-1169],[855,-1162],[858,-1161],[864,-1153],[869,-1151],[870,-1146],[875,-1137],[875,-1135]]]}},{"type":"Feature","properties":{"id_case":"case_0796","registry_id_case":"case_0796"},"geometry":{"type":"Polygon","coordinates":[[[2547,-1137],[2549,-1137],[2551,-1144],[2557,-1147],[2558,-1153],[2556,-1164],[2560,-1171],[2530,-1193],[2527,-1194],[2515,-1190],[2513,-1164],[2514,-1162],[2523,-1148],[2547,-1138],[2547,-1137]]]}},{"type":"Feature","properties":{"id_case":"case_0797","registry_id_case":"case_0797"},"geometry":{"type":"Polygon","coordinates":[[[2770,-1123],[2777,-1130],[2779,-1136],[2781,-1136],[2794,-1146],[2801,-1149],[2797,-1171],[2800,-1186],[2781,-1196],[2767,-1177],[2757,-1173],[2763,-1161],[2760,-1142],[2767,-1127],[2770,-1124],[2770,-1123]]]}},{"type":"Feature","properties":{"id_case":"case_0798","registry_id_case":"case_0798"},"geometry":{"type":"Polygon","coordinates":[[[1963,-1128],[1974,-1133],[1974,-1143],[1977,-1150],[1969,-1161],[1961,-1161],[1955,-1172],[1955,-1187],[1947,-1191],[1945,-1189],[1944,-1175],[1938,-1172],[1925,-1171],[1919,-1169],[1916,-1163],[1920,-1155],[1911,-1143],[1922,-1138],[1936,-1138],[1956,-1134],[1963,-1129],[1963,-1128]]]}},{"type":"Feature","properties":{"id_case":"case_0799","registry_id_case":"case_0799"},"geometry":{"type":"Polygon","coordinates":[[[994,-1163],[1002,-1163],[1043,-1171],[1048,-1169],[1049,-1166],[1053,-1165],[1049,-1178],[1040,-1192],[1033,-1192],[1028,-1194],[997,-1183],[986,-1185],[989,-1175],[989,-1165],[994,-1164],[994,-1163]]]}},{"type":"Feature","properties":{"id_case":"case_0800","registry_id_case":"case_0800"},"geometry":{"type":"Polygon","coordinates":[[[1658,-1148],[1663,-1148],[1660,-1166],[1643,-1165],[1618,-1171],[1607,-1175],[1603,-1179],[1604,-1186],[1612,-1189],[1608,-1191],[1601,-1189],[1594,-1190],[1580,-1194],[1582,-1187],[1577,-1186],[1582,-1181],[1582,-1177],[1590,-1175],[1591,-1169],[1604,-1162],[1608,-1154],[1626,-1152],[1638,-1153],[1646,-1150],[1649,-1152],[1656,-1153],[1658,-1150],[1658,-1148]]]}},{"type":"Feature","properties":{"id_case":"case_0801","registry_id_case":"case_0801"},"geometry":{"type":"Polygon","coordinates":[[[1155,-1128],[1176,-1139],[1178,-1146],[1183,-1147],[1190,-1157],[1193,-1160],[1197,-1161],[1198,-1173],[1191,-1183],[1196,-1189],[1188,-1199],[1186,-1199],[1180,-1187],[1175,-1170],[1159,-1169],[1145,-1158],[1145,-1153],[1154,-1147],[1154,-1140],[1157,-1133],[1155,-1130],[1155,-1128]]]}},{"type":"Feature","properties":{"id_case":"case_0802","registry_id_case":"case_0802"},"geometry":{"type":"Polygon","coordinates":[[[3022,-1132],[3024,-1132],[3038,-1145],[3039,-1155],[3036,-1163],[3051,-1186],[3049,-1186],[3035,-1197],[3026,-1193],[3023,-1200],[3020,-1200],[2996,-1180],[2995,-1153],[2997,-1153],[3022,-1133],[3022,-1132]]]}},{"type":"Feature","properties":{"id_case":"case_0803","registry_id_case":"case_0803"},"geometry":{"type":"Polygon","coordinates":[[[2470,-1147],[2501,-1150],[2501,-1152],[2510,-1165],[2513,-1191],[2510,-1191],[2487,-1201],[2479,-1196],[2472,-1186],[2464,-1162],[2468,-1150],[2470,-1148],[2470,-1147]]]}},{"type":"Feature","properties":{"id_case":"case_0804","registry_id_case":"case_0804"},"geometry":{"type":"Polygon","coordinates":[[[2803,-1149],[2815,-1150],[2819,-1152],[2841,-1169],[2852,-1170],[2857,-1166],[2872,-1165],[2878,-1178],[2883,-1199],[2875,-1197],[2834,-1196],[2803,-1186],[2799,-1168],[2803,-1152],[2803,-1149]]]}},{"type":"Feature","properties":{"id_case":"case_0805","registry_id_case":"case_0805"},"geometry":{"type":"Polygon","coordinates":[[[2051,-1138],[2056,-1139],[2065,-1155],[2067,-1155],[2077,-1162],[2080,-1163],[2096,-1159],[2101,-1173],[2093,-1185],[2075,-1194],[2058,-1200],[2050,-1196],[2047,-1182],[2032,-1184],[2020,-1189],[2017,-1181],[2016,-1172],[2043,-1140],[2051,-1139],[2051,-1138]]]}},{"type":"Feature","properties":{"id_case":"case_0806","registry_id_case":"case_0806"},"geometry":{"type":"Polygon","coordinates":[[[1231,-1163],[1247,-1175],[1263,-1176],[1265,-1178],[1272,-1192],[1269,-1203],[1243,-1194],[1229,-1182],[1216,-1174],[1230,-1167],[1231,-1165],[1231,-1163]]]}},{"type":"Feature","properties":{"id_case":"case_0807","registry_id_case":"case_0807"},"geometry":{"type":"Polygon","coordinates":[[[1996,-1144],[2001,-1145],[2015,-1154],[2026,-1157],[2015,-1171],[2014,-1181],[2018,-1189],[2001,-1186],[1988,-1200],[1970,-1203],[1958,-1186],[1956,-1173],[1957,-1170],[1963,-1162],[1970,-1163],[1979,-1149],[1992,-1147],[1996,-1145],[1996,-1144]]]}},{"type":"Feature","properties":{"id_case":"case_0808","registry_id_case":"case_0808"},"geometry":{"type":"Polygon","coordinates":[[[1643,-1167],[1659,-1168],[1650,-1175],[1646,-1188],[1638,-1197],[1632,-1198],[1624,-1195],[1605,-1184],[1605,-1180],[1608,-1177],[1627,-1171],[1643,-1168],[1643,-1167]]]}},{"type":"Feature","properties":{"id_case":"case_0809","registry_id_case":"case_0809"},"geometry":{"type":"Polygon","coordinates":[[[929,-1164],[934,-1164],[947,-1175],[956,-1177],[945,-1183],[937,-1193],[926,-1196],[920,-1200],[907,-1191],[907,-1188],[916,-1176],[927,-1165],[929,-1165],[929,-1164]]]}},{"type":"Feature","properties":{"id_case":"case_0810","registry_id_case":"case_0810"},"geometry":{"type":"Polygon","coordinates":[[[1843,-1132],[1855,-1134],[1866,-1138],[1866,-1140],[1869,-1143],[1873,-1143],[1874,-1146],[1877,-1147],[1879,-1152],[1882,-1153],[1882,-1163],[1876,-1172],[1869,-1173],[1869,-1179],[1872,-1184],[1874,-1208],[1865,-1210],[1859,-1205],[1855,-1190],[1849,-1187],[1844,-1182],[1838,-1166],[1813,-1155],[1829,-1150],[1834,-1145],[1836,-1140],[1840,-1136],[1843,-1136],[1843,-1132]]]}},{"type":"Feature","properties":{"id_case":"case_0811","registry_id_case":"case_0811"},"geometry":{"type":"Polygon","coordinates":[[[2564,-1136],[2577,-1149],[2578,-1152],[2583,-1189],[2588,-1205],[2587,-1206],[2579,-1205],[2576,-1193],[2568,-1187],[2564,-1180],[2558,-1156],[2560,-1150],[2559,-1146],[2564,-1138],[2564,-1136]]]}},{"type":"Feature","properties":{"id_case":"case_0812","registry_id_case":"case_0812"},"geometry":{"type":"Polygon","coordinates":[[[1699,-1164],[1707,-1164],[1710,-1166],[1711,-1171],[1709,-1178],[1711,-1182],[1709,-1191],[1702,-1192],[1689,-1202],[1674,-1208],[1668,-1204],[1667,-1193],[1663,-1182],[1672,-1180],[1679,-1174],[1699,-1165],[1699,-1164]]]}},{"type":"Feature","properties":{"id_case":"case_0813","registry_id_case":"case_0813"},"geometry":{"type":"Polygon","coordinates":[[[1135,-1157],[1146,-1160],[1156,-1169],[1174,-1172],[1174,-1177],[1178,-1190],[1184,-1201],[1176,-1205],[1157,-1207],[1150,-1204],[1147,-1201],[1145,-1194],[1139,-1188],[1122,-1185],[1123,-1182],[1132,-1177],[1132,-1163],[1135,-1158],[1135,-1157]]]}},{"type":"Feature","properties":{"id_case":"case_0814","registry_id_case":"case_0814"},"geometry":{"type":"Polygon","coordinates":[[[1778,-1151],[1813,-1156],[1829,-1164],[1829,-1168],[1823,-1171],[1819,-1187],[1814,-1188],[1810,-1192],[1803,-1208],[1786,-1208],[1776,-1205],[1764,-1204],[1763,-1197],[1759,-1191],[1747,-1188],[1738,-1189],[1731,-1187],[1728,-1184],[1733,-1181],[1738,-1184],[1763,-1189],[1770,-1186],[1774,-1179],[1774,-1173],[1765,-1173],[1756,-1176],[1752,-1173],[1739,-1172],[1736,-1169],[1736,-1164],[1739,-1160],[1749,-1159],[1778,-1152],[1778,-1151]]]}},{"type":"Feature","properties":{"id_case":"case_0815","registry_id_case":"case_0815"},"geometry":{"type":"Polygon","coordinates":[[[2375,-1164],[2384,-1164],[2389,-1166],[2382,-1189],[2389,-1207],[2365,-1206],[2350,-1208],[2350,-1204],[2340,-1197],[2340,-1194],[2336,-1186],[2357,-1182],[2375,-1168],[2375,-1164]]]}},{"type":"Feature","properties":{"id_case":"case_0816","registry_id_case":"case_0816"},"geometry":{"type":"Polygon","coordinates":[[[1443,-1147],[1454,-1149],[1453,-1159],[1456,-1165],[1454,-1173],[1455,-1177],[1442,-1183],[1435,-1206],[1433,-1201],[1429,-1199],[1416,-1197],[1401,-1191],[1424,-1179],[1443,-1149],[1443,-1147]]]}},{"type":"Feature","properties":{"id_case":"case_0817","registry_id_case":"case_0817"},"geometry":{"type":"Polygon","coordinates":[[[986,-1166],[987,-1178],[983,-1186],[984,-1187],[995,-1187],[999,-1185],[1019,-1192],[1001,-1192],[982,-1197],[978,-1200],[976,-1204],[971,-1206],[971,-1204],[965,-1197],[965,-1185],[964,-1181],[960,-1177],[986,-1167],[986,-1166]]]}},{"type":"Feature","properties":{"id_case":"case_0818","registry_id_case":"case_0818"},"geometry":{"type":"Polygon","coordinates":[[[1280,-1166],[1283,-1167],[1284,-1171],[1304,-1175],[1304,-1179],[1306,-1181],[1316,-1185],[1300,-1199],[1297,-1207],[1280,-1206],[1272,-1204],[1271,-1198],[1274,-1190],[1266,-1176],[1276,-1173],[1280,-1168],[1280,-1166]]]}},{"type":"Feature","properties":{"id_case":"case_0819","registry_id_case":"case_0819"},"geometry":{"type":"Polygon","coordinates":[[[1104,-1158],[1110,-1158],[1111,-1174],[1106,-1173],[1102,-1176],[1088,-1180],[1089,-1187],[1085,-1187],[1074,-1191],[1068,-1207],[1054,-1207],[1043,-1201],[1044,-1198],[1050,-1196],[1059,-1190],[1058,-1185],[1050,-1185],[1044,-1189],[1049,-1181],[1055,-1164],[1068,-1166],[1075,-1162],[1081,-1161],[1081,-1163],[1084,-1166],[1089,-1167],[1104,-1159],[1104,-1158]]]}},{"type":"Feature","properties":{"id_case":"case_0820","registry_id_case":"case_0820"},"geometry":{"type":"Polygon","coordinates":[[[1908,-1144],[1910,-1144],[1910,-1146],[1918,-1157],[1914,-1164],[1918,-1171],[1937,-1173],[1943,-1177],[1942,-1186],[1944,-1190],[1926,-1208],[1912,-1210],[1900,-1205],[1902,-1190],[1900,-1183],[1891,-1174],[1885,-1161],[1885,-1153],[1901,-1150],[1904,-1145],[1908,-1145],[1908,-1144]]]}},{"type":"Feature","properties":{"id_case":"case_0821","registry_id_case":"case_0821"},"geometry":{"type":"Polygon","coordinates":[[[1107,-1175],[1112,-1176],[1121,-1187],[1128,-1187],[1138,-1190],[1143,-1195],[1147,-1209],[1142,-1208],[1137,-1210],[1111,-1199],[1101,-1197],[1089,-1199],[1084,-1203],[1083,-1208],[1077,-1206],[1070,-1207],[1075,-1193],[1090,-1189],[1091,-1181],[1100,-1180],[1107,-1176],[1107,-1175]]]}},{"type":"Feature","properties":{"id_case":"case_0822","registry_id_case":"case_0822"},"geometry":{"type":"Polygon","coordinates":[[[2649,-1145],[2651,-1145],[2652,-1150],[2657,-1155],[2659,-1155],[2674,-1170],[2676,-1192],[2650,-1190],[2642,-1192],[2639,-1193],[2632,-1200],[2608,-1211],[2608,-1202],[2606,-1198],[2608,-1193],[2607,-1189],[2615,-1180],[2627,-1150],[2649,-1146],[2649,-1145]]]}},{"type":"Feature","properties":{"id_case":"case_0823","registry_id_case":"case_0823"},"geometry":{"type":"Polygon","coordinates":[[[2400,-1164],[2411,-1169],[2411,-1171],[2420,-1182],[2432,-1181],[2428,-1191],[2415,-1197],[2410,-1208],[2409,-1216],[2391,-1207],[2384,-1185],[2390,-1168],[2397,-1167],[2400,-1165],[2400,-1164]]]}},{"type":"Feature","properties":{"id_case":"case_0824","registry_id_case":"case_0824"},"geometry":{"type":"Polygon","coordinates":[[[1579,-1178],[1580,-1180],[1572,-1189],[1575,-1190],[1580,-1188],[1578,-1196],[1586,-1196],[1594,-1193],[1607,-1192],[1600,-1199],[1600,-1201],[1598,-1201],[1590,-1207],[1581,-1208],[1573,-1205],[1565,-1208],[1555,-1216],[1555,-1214],[1553,-1214],[1550,-1211],[1547,-1188],[1579,-1179],[1579,-1178]]]}},{"type":"Feature","properties":{"id_case":"case_0825","registry_id_case":"case_0825"},"geometry":{"type":"Polygon","coordinates":[[[2175,-1146],[2178,-1146],[2187,-1152],[2201,-1165],[2201,-1189],[2211,-1189],[2210,-1206],[2204,-1214],[2184,-1213],[2175,-1206],[2161,-1205],[2149,-1207],[2138,-1197],[2138,-1192],[2144,-1172],[2147,-1169],[2169,-1159],[2175,-1148],[2175,-1146]]]}},{"type":"Feature","properties":{"id_case":"case_0826","registry_id_case":"case_0826"},"geometry":{"type":"Polygon","coordinates":[[[2265,-1131],[2271,-1133],[2280,-1140],[2284,-1149],[2286,-1163],[2291,-1165],[2294,-1177],[2291,-1178],[2292,-1183],[2294,-1183],[2292,-1187],[2290,-1187],[2280,-1195],[2266,-1207],[2261,-1214],[2259,-1214],[2254,-1211],[2255,-1204],[2249,-1197],[2244,-1197],[2244,-1186],[2233,-1183],[2222,-1186],[2219,-1173],[2223,-1163],[2256,-1158],[2258,-1142],[2265,-1133],[2265,-1131]]]}},{"type":"Feature","properties":{"id_case":"case_0827","registry_id_case":"case_0827"},"geometry":{"type":"Polygon","coordinates":[[[1324,-1186],[1339,-1187],[1367,-1193],[1390,-1193],[1411,-1202],[1409,-1204],[1405,-1217],[1399,-1216],[1393,-1212],[1380,-1211],[1373,-1217],[1373,-1219],[1360,-1218],[1348,-1215],[1343,-1216],[1340,-1214],[1338,-1210],[1325,-1208],[1327,-1200],[1324,-1194],[1317,-1193],[1324,-1187],[1324,-1186]]]}},{"type":"Feature","properties":{"id_case":"case_0828","registry_id_case":"case_0828"},"geometry":{"type":"Polygon","coordinates":[[[1713,-1169],[1729,-1179],[1726,-1184],[1723,-1179],[1720,-1178],[1724,-1186],[1721,-1189],[1719,-1189],[1718,-1194],[1711,-1197],[1711,-1200],[1704,-1204],[1705,-1207],[1700,-1210],[1699,-1214],[1684,-1214],[1684,-1212],[1677,-1210],[1677,-1208],[1688,-1206],[1698,-1198],[1711,-1192],[1713,-1179],[1711,-1175],[1713,-1172],[1713,-1169]]]}},{"type":"Feature","properties":{"id_case":"case_0829","registry_id_case":"case_0829"},"geometry":{"type":"Polygon","coordinates":[[[1313,-1195],[1321,-1195],[1325,-1204],[1319,-1212],[1304,-1215],[1300,-1211],[1300,-1209],[1303,-1204],[1313,-1196],[1313,-1195]]]}},{"type":"Feature","properties":{"id_case":"case_0830","registry_id_case":"case_0830"},"geometry":{"type":"Polygon","coordinates":[[[1464,-1161],[1469,-1167],[1477,-1171],[1483,-1172],[1490,-1167],[1490,-1174],[1496,-1184],[1495,-1187],[1500,-1189],[1501,-1196],[1499,-1199],[1498,-1206],[1490,-1222],[1480,-1219],[1475,-1186],[1472,-1176],[1466,-1165],[1464,-1164],[1464,-1161]]]}},{"type":"Feature","properties":{"id_case":"case_0831","registry_id_case":"case_0831"},"geometry":{"type":"Polygon","coordinates":[[[2875,-1165],[2892,-1167],[2917,-1175],[2926,-1176],[2935,-1174],[2935,-1177],[2939,-1185],[2941,-1187],[2948,-1188],[2953,-1215],[2943,-1218],[2935,-1224],[2895,-1203],[2886,-1200],[2881,-1177],[2875,-1166],[2875,-1165]]]}},{"type":"Feature","properties":{"id_case":"case_0832","registry_id_case":"case_0832"},"geometry":{"type":"Polygon","coordinates":[[[2994,-1182],[2999,-1184],[3021,-1202],[3021,-1206],[3018,-1213],[3011,-1223],[2966,-1228],[2962,-1221],[2956,-1215],[2954,-1198],[2950,-1188],[2960,-1189],[2971,-1187],[2983,-1191],[2994,-1183],[2994,-1182]]]}},{"type":"Feature","properties":{"id_case":"case_0833","registry_id_case":"case_0833"},"geometry":{"type":"Polygon","coordinates":[[[2127,-1168],[2137,-1168],[2143,-1171],[2135,-1197],[2140,-1202],[2142,-1202],[2147,-1207],[2147,-1209],[2113,-1223],[2099,-1218],[2096,-1219],[2081,-1208],[2077,-1196],[2094,-1187],[2103,-1172],[2127,-1169],[2127,-1168]]]}},{"type":"Feature","properties":{"id_case":"case_0834","registry_id_case":"case_0834"},"geometry":{"type":"Polygon","coordinates":[[[884,-1187],[888,-1188],[889,-1191],[904,-1190],[918,-1200],[918,-1202],[911,-1205],[904,-1211],[898,-1225],[879,-1218],[863,-1221],[862,-1203],[859,-1199],[856,-1198],[863,-1196],[863,-1194],[884,-1188],[884,-1187]]]}},{"type":"Feature","properties":{"id_case":"case_0835","registry_id_case":"case_0835"},"geometry":{"type":"Polygon","coordinates":[[[1199,-1163],[1201,-1163],[1211,-1172],[1214,-1173],[1214,-1175],[1220,-1178],[1228,-1194],[1224,-1204],[1224,-1218],[1227,-1222],[1218,-1224],[1212,-1220],[1211,-1216],[1208,-1213],[1196,-1210],[1189,-1206],[1188,-1200],[1198,-1188],[1193,-1181],[1199,-1174],[1199,-1165],[1199,-1163]]]}},{"type":"Feature","properties":{"id_case":"case_0836","registry_id_case":"case_0836"},"geometry":{"type":"Polygon","coordinates":[[[2461,-1166],[2470,-1189],[2477,-1197],[2486,-1202],[2484,-1219],[2472,-1215],[2464,-1202],[2460,-1201],[2453,-1205],[2452,-1209],[2446,-1218],[2427,-1214],[2412,-1224],[2411,-1209],[2417,-1198],[2429,-1193],[2436,-1179],[2461,-1167],[2461,-1166]]]}},{"type":"Feature","properties":{"id_case":"case_0837","registry_id_case":"case_0837"},"geometry":{"type":"Polygon","coordinates":[[[1458,-1144],[1460,-1144],[1464,-1148],[1464,-1150],[1473,-1161],[1487,-1166],[1478,-1170],[1471,-1166],[1466,-1161],[1466,-1159],[1462,-1159],[1462,-1165],[1468,-1174],[1472,-1186],[1478,-1220],[1467,-1222],[1459,-1227],[1457,-1213],[1457,-1202],[1459,-1198],[1455,-1187],[1457,-1172],[1456,-1168],[1458,-1163],[1455,-1152],[1458,-1147],[1458,-1144]]]}},{"type":"Feature","properties":{"id_case":"case_0838","registry_id_case":"case_0838"},"geometry":{"type":"Polygon","coordinates":[[[1526,-1196],[1536,-1196],[1545,-1199],[1548,-1212],[1551,-1216],[1537,-1224],[1531,-1225],[1521,-1223],[1510,-1217],[1510,-1213],[1516,-1203],[1526,-1197],[1526,-1196]]]}},{"type":"Feature","properties":{"id_case":"case_0839","registry_id_case":"case_0839"},"geometry":{"type":"Polygon","coordinates":[[[2725,-1159],[2728,-1159],[2743,-1167],[2734,-1203],[2730,-1204],[2714,-1214],[2711,-1217],[2706,-1228],[2672,-1225],[2669,-1216],[2677,-1194],[2678,-1174],[2697,-1176],[2725,-1160],[2725,-1159]]]}},{"type":"Feature","properties":{"id_case":"case_0840","registry_id_case":"case_0840"},"geometry":{"type":"Polygon","coordinates":[[[1051,-1187],[1057,-1187],[1057,-1189],[1043,-1196],[1041,-1202],[1051,-1206],[1051,-1208],[1048,-1208],[1035,-1214],[1031,-1222],[1030,-1228],[1028,-1224],[1022,-1221],[1021,-1218],[1001,-1222],[1001,-1219],[1003,-1217],[1015,-1214],[1018,-1209],[1022,-1209],[1024,-1207],[1031,-1205],[1032,-1200],[1035,-1197],[1051,-1188],[1051,-1187]]]}},{"type":"Feature","properties":{"id_case":"case_0841","registry_id_case":"case_0841"},"geometry":{"type":"Polygon","coordinates":[[[1224,-1181],[1227,-1182],[1237,-1192],[1244,-1196],[1259,-1201],[1259,-1209],[1261,-1214],[1251,-1228],[1238,-1231],[1235,-1223],[1233,-1221],[1230,-1221],[1226,-1217],[1226,-1200],[1230,-1192],[1224,-1183],[1224,-1181]]]}},{"type":"Feature","properties":{"id_case":"case_0842","registry_id_case":"case_0842"},"geometry":{"type":"Polygon","coordinates":[[[1615,-1191],[1632,-1200],[1635,-1215],[1631,-1217],[1620,-1228],[1609,-1233],[1600,-1227],[1597,-1220],[1593,-1220],[1592,-1209],[1596,-1205],[1601,-1203],[1602,-1200],[1610,-1192],[1615,-1192],[1615,-1191]]]}},{"type":"Feature","properties":{"id_case":"case_0843","registry_id_case":"case_0843"},"geometry":{"type":"Polygon","coordinates":[[[1101,-1199],[1111,-1200],[1116,-1203],[1124,-1205],[1127,-1208],[1131,-1228],[1114,-1234],[1110,-1222],[1098,-1221],[1083,-1213],[1084,-1208],[1088,-1202],[1101,-1200],[1101,-1199]]]}},{"type":"Feature","properties":{"id_case":"case_0844","registry_id_case":"case_0844"},"geometry":{"type":"Polygon","coordinates":[[[1382,-1213],[1391,-1213],[1411,-1222],[1413,-1224],[1414,-1232],[1412,-1236],[1409,-1237],[1393,-1233],[1387,-1225],[1375,-1221],[1375,-1218],[1382,-1214],[1382,-1213]]]}},{"type":"Feature","properties":{"id_case":"case_0845","registry_id_case":"case_0845"},"geometry":{"type":"Polygon","coordinates":[[[1659,-1182],[1661,-1182],[1665,-1204],[1658,-1217],[1653,-1222],[1651,-1222],[1638,-1232],[1634,-1233],[1629,-1222],[1637,-1217],[1637,-1210],[1634,-1200],[1639,-1199],[1642,-1196],[1642,-1194],[1647,-1189],[1649,-1183],[1659,-1183],[1659,-1182]]]}},{"type":"Feature","properties":{"id_case":"case_0846","registry_id_case":"case_0846"},"geometry":{"type":"Polygon","coordinates":[[[1261,-1202],[1280,-1207],[1293,-1208],[1295,-1209],[1295,-1212],[1297,-1212],[1297,-1215],[1296,-1218],[1284,-1222],[1279,-1227],[1279,-1229],[1262,-1232],[1257,-1229],[1256,-1223],[1262,-1215],[1263,-1212],[1261,-1209],[1261,-1202]]]}},{"type":"Feature","properties":{"id_case":"case_0847","registry_id_case":"case_0847"},"geometry":{"type":"Polygon","coordinates":[[[2559,-1174],[2562,-1183],[2568,-1190],[2570,-1190],[2574,-1194],[2578,-1210],[2572,-1227],[2562,-1234],[2554,-1236],[2555,-1220],[2534,-1216],[2531,-1196],[2559,-1175],[2559,-1174]]]}},{"type":"Feature","properties":{"id_case":"case_0848","registry_id_case":"case_0848"},"geometry":{"type":"Polygon","coordinates":[[[1831,-1165],[1837,-1169],[1842,-1183],[1847,-1188],[1853,-1191],[1857,-1206],[1865,-1212],[1869,-1221],[1851,-1227],[1849,-1229],[1848,-1235],[1845,-1238],[1840,-1236],[1829,-1223],[1814,-1220],[1807,-1213],[1805,-1207],[1811,-1195],[1816,-1190],[1821,-1188],[1825,-1172],[1830,-1171],[1831,-1169],[1831,-1165]]]}},{"type":"Feature","properties":{"id_case":"case_0849","registry_id_case":"case_0849"},"geometry":{"type":"Polygon","coordinates":[[[1148,-1205],[1156,-1208],[1171,-1209],[1179,-1206],[1174,-1215],[1175,-1217],[1171,-1218],[1169,-1222],[1164,-1225],[1164,-1229],[1156,-1237],[1150,-1239],[1138,-1230],[1133,-1228],[1133,-1222],[1129,-1209],[1141,-1212],[1144,-1210],[1149,-1211],[1148,-1206],[1148,-1205]]]}},{"type":"Feature","properties":{"id_case":"case_0850","registry_id_case":"case_0850"},"geometry":{"type":"Polygon","coordinates":[[[1523,-1179],[1536,-1188],[1536,-1190],[1545,-1188],[1546,-1197],[1525,-1194],[1517,-1199],[1514,-1202],[1502,-1228],[1499,-1239],[1497,-1239],[1496,-1231],[1492,-1222],[1502,-1197],[1502,-1188],[1511,-1184],[1518,-1186],[1518,-1184],[1523,-1180],[1523,-1179]]]}},{"type":"Feature","properties":{"id_case":"case_0851","registry_id_case":"case_0851"},"geometry":{"type":"Polygon","coordinates":[[[1078,-1208],[1081,-1214],[1074,-1223],[1072,-1232],[1069,-1237],[1041,-1239],[1036,-1237],[1032,-1233],[1032,-1223],[1037,-1216],[1052,-1210],[1078,-1209],[1078,-1208]]]}},{"type":"Feature","properties":{"id_case":"case_0852","registry_id_case":"case_0852"},"geometry":{"type":"Polygon","coordinates":[[[956,-1179],[959,-1179],[962,-1182],[962,-1198],[970,-1208],[968,-1208],[951,-1222],[951,-1224],[938,-1243],[935,-1244],[929,-1227],[933,-1215],[922,-1201],[936,-1196],[944,-1189],[944,-1187],[947,-1184],[950,-1184],[956,-1180],[956,-1179]]]}},{"type":"Feature","properties":{"id_case":"case_0853","registry_id_case":"case_0853"},"geometry":{"type":"Polygon","coordinates":[[[1323,-1210],[1332,-1210],[1337,-1212],[1339,-1216],[1343,-1218],[1341,-1225],[1327,-1224],[1319,-1227],[1319,-1230],[1323,-1232],[1321,-1236],[1309,-1239],[1301,-1236],[1298,-1233],[1291,-1232],[1283,-1234],[1281,-1232],[1280,-1229],[1285,-1224],[1298,-1219],[1299,-1213],[1303,-1217],[1309,-1217],[1321,-1214],[1323,-1211],[1323,-1210]]]}},{"type":"Feature","properties":{"id_case":"case_0854","registry_id_case":"case_0854"},"geometry":{"type":"Polygon","coordinates":[[[2744,-1169],[2747,-1169],[2765,-1178],[2780,-1198],[2783,-1198],[2803,-1187],[2833,-1197],[2821,-1211],[2818,-1239],[2814,-1239],[2797,-1232],[2782,-1244],[2776,-1246],[2745,-1238],[2739,-1232],[2736,-1199],[2744,-1172],[2744,-1169]]]}},{"type":"Feature","properties":{"id_case":"case_0855","registry_id_case":"case_0855"},"geometry":{"type":"Polygon","coordinates":[[[2042,-1184],[2045,-1184],[2048,-1195],[2038,-1200],[2028,-1225],[2031,-1237],[2030,-1241],[2026,-1246],[2010,-1245],[2006,-1247],[1985,-1251],[1978,-1237],[1974,-1233],[1965,-1228],[1956,-1219],[1956,-1217],[1968,-1207],[1990,-1201],[1996,-1195],[1996,-1193],[2002,-1189],[2007,-1188],[2023,-1191],[2032,-1187],[2042,-1185],[2042,-1184]]]}},{"type":"Feature","properties":{"id_case":"case_0856","registry_id_case":"case_0856"},"geometry":{"type":"Polygon","coordinates":[[[2048,-1197],[2062,-1202],[2076,-1197],[2079,-1209],[2096,-1221],[2089,-1242],[2056,-1246],[2049,-1239],[2046,-1233],[2033,-1230],[2030,-1223],[2035,-1210],[2041,-1200],[2048,-1198],[2048,-1197]]]}},{"type":"Feature","properties":{"id_case":"case_0857","registry_id_case":"case_0857"},"geometry":{"type":"Polygon","coordinates":[[[3054,-1186],[3062,-1186],[3062,-1190],[3066,-1191],[3071,-1196],[3075,-1214],[3074,-1215],[3077,-1218],[3079,-1236],[3044,-1250],[3028,-1246],[3018,-1226],[3013,-1224],[3014,-1221],[3020,-1212],[3027,-1195],[3038,-1199],[3054,-1187],[3054,-1186]]]}},{"type":"Feature","properties":{"id_case":"case_0858","registry_id_case":"case_0858"},"geometry":{"type":"Polygon","coordinates":[[[1571,-1208],[1590,-1210],[1591,-1222],[1588,-1229],[1586,-1229],[1582,-1233],[1581,-1242],[1576,-1244],[1572,-1250],[1557,-1252],[1555,-1241],[1549,-1233],[1541,-1227],[1541,-1224],[1554,-1217],[1557,-1219],[1563,-1213],[1571,-1209],[1571,-1208]]]}},{"type":"Feature","properties":{"id_case":"case_0859","registry_id_case":"case_0859"},"geometry":{"type":"Polygon","coordinates":[[[2291,-1189],[2297,-1201],[2302,-1203],[2305,-1213],[2312,-1214],[2315,-1219],[2325,-1221],[2327,-1225],[2300,-1231],[2295,-1223],[2287,-1223],[2281,-1225],[2279,-1236],[2280,-1245],[2278,-1247],[2256,-1250],[2245,-1229],[2252,-1226],[2254,-1214],[2261,-1217],[2267,-1209],[2269,-1209],[2291,-1190],[2291,-1189]]]}},{"type":"Feature","properties":{"id_case":"case_0860","registry_id_case":"case_0860"},"geometry":{"type":"Polygon","coordinates":[[[2834,-1198],[2874,-1199],[2879,-1226],[2871,-1245],[2863,-1246],[2842,-1239],[2820,-1238],[2822,-1212],[2834,-1200],[2834,-1198]]]}},{"type":"Feature","properties":{"id_case":"case_0861","registry_id_case":"case_0861"},"geometry":{"type":"Polygon","coordinates":[[[1413,-1203],[1419,-1205],[1422,-1215],[1431,-1222],[1433,-1239],[1429,-1246],[1421,-1236],[1415,-1236],[1416,-1224],[1411,-1219],[1407,-1218],[1409,-1209],[1413,-1204],[1413,-1203]]]}},{"type":"Feature","properties":{"id_case":"case_0862","registry_id_case":"case_0862"},"geometry":{"type":"Polygon","coordinates":[[[1349,-1217],[1370,-1220],[1380,-1224],[1380,-1226],[1369,-1239],[1355,-1243],[1353,-1247],[1327,-1248],[1322,-1237],[1325,-1231],[1322,-1228],[1335,-1226],[1343,-1227],[1345,-1219],[1349,-1218],[1349,-1217]]]}},{"type":"Feature","properties":{"id_case":"case_0863","registry_id_case":"case_0863"},"geometry":{"type":"Polygon","coordinates":[[[1475,-1222],[1485,-1222],[1489,-1224],[1491,-1226],[1494,-1237],[1493,-1239],[1474,-1248],[1462,-1248],[1460,-1238],[1464,-1237],[1466,-1235],[1466,-1232],[1459,-1232],[1459,-1230],[1470,-1224],[1475,-1223],[1475,-1222]]]}},{"type":"Feature","properties":{"id_case":"case_0864","registry_id_case":"case_0864"},"geometry":{"type":"Polygon","coordinates":[[[1083,-1215],[1098,-1222],[1109,-1224],[1113,-1240],[1112,-1249],[1104,-1245],[1088,-1243],[1071,-1250],[1055,-1243],[1055,-1241],[1063,-1241],[1070,-1239],[1074,-1226],[1083,-1216],[1083,-1215]]]}},{"type":"Feature","properties":{"id_case":"case_0865","registry_id_case":"case_0865"},"geometry":{"type":"Polygon","coordinates":[[[1185,-1204],[1187,-1204],[1187,-1207],[1189,-1209],[1192,-1209],[1185,-1213],[1184,-1222],[1178,-1224],[1178,-1232],[1181,-1246],[1157,-1242],[1161,-1240],[1174,-1223],[1180,-1219],[1180,-1214],[1185,-1208],[1185,-1204]]]}},{"type":"Feature","properties":{"id_case":"case_0866","registry_id_case":"case_0866"},"geometry":{"type":"Polygon","coordinates":[[[1725,-1187],[1729,-1192],[1754,-1194],[1758,-1198],[1759,-1206],[1755,-1207],[1747,-1214],[1732,-1217],[1716,-1223],[1714,-1227],[1706,-1228],[1694,-1238],[1691,-1248],[1690,-1235],[1683,-1234],[1679,-1227],[1681,-1225],[1683,-1218],[1685,-1216],[1700,-1216],[1701,-1212],[1707,-1208],[1706,-1205],[1712,-1202],[1713,-1198],[1720,-1196],[1721,-1190],[1725,-1188],[1725,-1187]]]}},{"type":"Feature","properties":{"id_case":"case_0867","registry_id_case":"case_0867"},"geometry":{"type":"Polygon","coordinates":[[[2233,-1185],[2238,-1185],[2242,-1187],[2242,-1199],[2248,-1199],[2252,-1203],[2251,-1223],[2250,-1225],[2243,-1227],[2243,-1230],[2248,-1240],[2240,-1245],[2222,-1250],[2216,-1251],[2206,-1248],[2205,-1244],[2208,-1239],[2209,-1229],[2205,-1215],[2211,-1206],[2213,-1189],[2223,-1189],[2233,-1186],[2233,-1185]]]}},{"type":"Feature","properties":{"id_case":"case_0868","registry_id_case":"case_0868"},"geometry":{"type":"Polygon","coordinates":[[[1451,-1184],[1454,-1185],[1453,-1192],[1457,-1200],[1455,-1209],[1457,-1233],[1453,-1234],[1451,-1240],[1445,-1242],[1443,-1246],[1434,-1248],[1438,-1241],[1439,-1224],[1436,-1217],[1445,-1188],[1451,-1185],[1451,-1184]]]}},{"type":"Feature","properties":{"id_case":"case_0869","registry_id_case":"case_0869"},"geometry":{"type":"Polygon","coordinates":[[[1666,-1205],[1683,-1214],[1680,-1224],[1678,-1226],[1677,-1234],[1671,-1236],[1670,-1241],[1662,-1242],[1639,-1249],[1647,-1243],[1646,-1237],[1640,-1237],[1640,-1233],[1642,-1233],[1660,-1218],[1662,-1211],[1666,-1206],[1666,-1205]]]}},{"type":"Feature","properties":{"id_case":"case_0870","registry_id_case":"case_0870"},"geometry":{"type":"Polygon","coordinates":[[[1955,-1188],[1958,-1189],[1958,-1191],[1968,-1204],[1953,-1216],[1953,-1219],[1960,-1227],[1955,-1241],[1953,-1241],[1947,-1246],[1940,-1247],[1933,-1245],[1927,-1247],[1923,-1250],[1923,-1252],[1917,-1260],[1910,-1252],[1907,-1228],[1902,-1217],[1900,-1207],[1911,-1211],[1925,-1211],[1944,-1193],[1946,-1192],[1949,-1194],[1955,-1189],[1955,-1188]]]}},{"type":"Feature","properties":{"id_case":"case_0871","registry_id_case":"case_0871"},"geometry":{"type":"Polygon","coordinates":[[[1883,-1163],[1887,-1173],[1895,-1180],[1900,-1191],[1897,-1209],[1903,-1226],[1906,-1245],[1893,-1243],[1878,-1254],[1877,-1245],[1873,-1235],[1871,-1218],[1867,-1212],[1876,-1209],[1875,-1183],[1871,-1175],[1877,-1174],[1877,-1172],[1883,-1165],[1883,-1163]]]}},{"type":"Feature","properties":{"id_case":"case_0872","registry_id_case":"case_0872"},"geometry":{"type":"Polygon","coordinates":[[[1193,-1211],[1206,-1214],[1209,-1217],[1210,-1224],[1221,-1241],[1220,-1247],[1225,-1247],[1223,-1251],[1216,-1252],[1211,-1257],[1203,-1259],[1187,-1254],[1185,-1252],[1180,-1227],[1182,-1224],[1186,-1224],[1187,-1214],[1193,-1212],[1193,-1211]]]}},{"type":"Feature","properties":{"id_case":"case_0873","registry_id_case":"case_0873"},"geometry":{"type":"Polygon","coordinates":[[[2513,-1192],[2529,-1196],[2530,-1211],[2533,-1218],[2553,-1221],[2552,-1237],[2528,-1247],[2524,-1255],[2499,-1255],[2486,-1236],[2485,-1229],[2488,-1203],[2513,-1193],[2513,-1192]]]}},{"type":"Feature","properties":{"id_case":"case_0874","registry_id_case":"case_0874"},"geometry":{"type":"Polygon","coordinates":[[[2651,-1192],[2675,-1194],[2667,-1220],[2669,-1225],[2670,-1240],[2641,-1254],[2619,-1236],[2620,-1228],[2616,-1222],[2612,-1221],[2609,-1218],[2608,-1214],[2633,-1203],[2640,-1196],[2651,-1193],[2651,-1192]]]}},{"type":"Feature","properties":{"id_case":"case_0875","registry_id_case":"case_0875"},"geometry":{"type":"Polygon","coordinates":[[[2460,-1203],[2462,-1203],[2462,-1205],[2471,-1217],[2484,-1221],[2483,-1237],[2496,-1255],[2473,-1251],[2450,-1259],[2416,-1247],[2410,-1243],[2410,-1239],[2414,-1234],[2412,-1226],[2414,-1226],[2429,-1216],[2447,-1220],[2453,-1209],[2460,-1204],[2460,-1203]]]}},{"type":"Feature","properties":{"id_case":"case_0876","registry_id_case":"case_0876"},"geometry":{"type":"Polygon","coordinates":[[[2601,-1187],[2604,-1187],[2606,-1195],[2604,-1199],[2606,-1205],[2606,-1216],[2610,-1222],[2614,-1223],[2617,-1226],[2618,-1234],[2607,-1240],[2601,-1246],[2596,-1256],[2587,-1250],[2597,-1225],[2587,-1194],[2601,-1188],[2601,-1187]]]}},{"type":"Feature","properties":{"id_case":"case_0877","registry_id_case":"case_0877"},"geometry":{"type":"Polygon","coordinates":[[[1758,-1208],[1779,-1211],[1782,-1214],[1783,-1218],[1788,-1220],[1791,-1226],[1792,-1233],[1765,-1230],[1758,-1253],[1741,-1258],[1740,-1253],[1744,-1240],[1740,-1232],[1734,-1226],[1732,-1220],[1748,-1217],[1755,-1212],[1756,-1209],[1758,-1209],[1758,-1208]]]}},{"type":"Feature","properties":{"id_case":"case_0878","registry_id_case":"case_0878"},"geometry":{"type":"Polygon","coordinates":[[[962,-1232],[971,-1233],[979,-1245],[981,-1251],[978,-1260],[957,-1258],[948,-1255],[955,-1248],[957,-1235],[959,-1233],[962,-1233],[962,-1232]]]}},{"type":"Feature","properties":{"id_case":"case_0879","registry_id_case":"case_0879"},"geometry":{"type":"Polygon","coordinates":[[[1411,-1238],[1420,-1238],[1424,-1242],[1427,-1250],[1422,-1259],[1411,-1260],[1404,-1255],[1407,-1253],[1418,-1251],[1418,-1245],[1411,-1240],[1411,-1238]]]}},{"type":"Feature","properties":{"id_case":"case_0880","registry_id_case":"case_0880"},"geometry":{"type":"Polygon","coordinates":[[[1382,-1226],[1385,-1226],[1391,-1232],[1392,-1235],[1408,-1238],[1410,-1242],[1416,-1246],[1416,-1249],[1407,-1250],[1400,-1254],[1398,-1249],[1393,-1248],[1391,-1256],[1388,-1256],[1388,-1251],[1385,-1251],[1383,-1255],[1379,-1255],[1371,-1239],[1382,-1227],[1382,-1226]]]}},{"type":"Feature","properties":{"id_case":"case_0881","registry_id_case":"case_0881"},"geometry":{"type":"Polygon","coordinates":[[[2952,-1217],[2955,-1217],[2966,-1231],[3004,-1228],[3013,-1226],[3017,-1229],[3026,-1246],[2998,-1263],[2981,-1269],[2973,-1266],[2943,-1263],[2935,-1246],[2939,-1232],[2937,-1226],[2944,-1221],[2952,-1218],[2952,-1217]]]}},{"type":"Feature","properties":{"id_case":"case_0882","registry_id_case":"case_0882"},"geometry":{"type":"Polygon","coordinates":[[[2161,-1207],[2175,-1207],[2185,-1215],[2203,-1216],[2207,-1238],[2203,-1246],[2191,-1246],[2187,-1248],[2183,-1259],[2176,-1264],[2167,-1256],[2163,-1248],[2169,-1241],[2166,-1236],[2142,-1221],[2140,-1214],[2161,-1208],[2161,-1207]]]}},{"type":"Feature","properties":{"id_case":"case_0883","registry_id_case":"case_0883"},"geometry":{"type":"Polygon","coordinates":[[[919,-1203],[921,-1203],[921,-1205],[931,-1216],[926,-1231],[935,-1248],[932,-1256],[927,-1259],[909,-1259],[893,-1264],[889,-1251],[892,-1243],[896,-1241],[898,-1228],[902,-1218],[910,-1208],[919,-1204],[919,-1203]]]}},{"type":"Feature","properties":{"id_case":"case_0884","registry_id_case":"case_0884"},"geometry":{"type":"Polygon","coordinates":[[[1016,-1220],[1019,-1220],[1020,-1223],[1024,-1225],[1024,-1227],[1011,-1246],[1009,-1259],[1010,-1261],[1001,-1267],[985,-1264],[982,-1265],[980,-1263],[980,-1258],[983,-1249],[993,-1249],[996,-1234],[994,-1232],[995,-1227],[1016,-1221],[1016,-1220]]]}},{"type":"Feature","properties":{"id_case":"case_0885","registry_id_case":"case_0885"},"geometry":{"type":"Polygon","coordinates":[[[1132,-1229],[1137,-1231],[1149,-1240],[1148,-1247],[1150,-1251],[1154,-1253],[1156,-1258],[1147,-1259],[1136,-1256],[1133,-1257],[1133,-1260],[1131,-1262],[1114,-1261],[1107,-1264],[1107,-1259],[1114,-1254],[1115,-1236],[1132,-1230],[1132,-1229]]]}},{"type":"Feature","properties":{"id_case":"case_0886","registry_id_case":"case_0886"},"geometry":{"type":"Polygon","coordinates":[[[1254,-1227],[1258,-1233],[1272,-1233],[1259,-1245],[1257,-1251],[1244,-1266],[1231,-1269],[1232,-1256],[1240,-1246],[1240,-1234],[1243,-1234],[1254,-1229],[1254,-1227]]]}},{"type":"Feature","properties":{"id_case":"case_0887","registry_id_case":"case_0887"},"geometry":{"type":"Polygon","coordinates":[[[1026,-1226],[1030,-1234],[1035,-1239],[1052,-1241],[1054,-1246],[1065,-1249],[1078,-1256],[1080,-1258],[1080,-1261],[1054,-1264],[1050,-1263],[1024,-1268],[1014,-1266],[1006,-1267],[1012,-1263],[1011,-1249],[1013,-1244],[1026,-1227],[1026,-1226]]]}},{"type":"Feature","properties":{"id_case":"case_0888","registry_id_case":"case_0888"},"geometry":{"type":"Polygon","coordinates":[[[1508,-1218],[1520,-1224],[1539,-1227],[1547,-1234],[1547,-1236],[1552,-1242],[1555,-1252],[1556,-1266],[1559,-1271],[1527,-1275],[1514,-1268],[1511,-1265],[1506,-1254],[1505,-1244],[1503,-1244],[1501,-1236],[1506,-1222],[1508,-1220],[1508,-1218]]]}},{"type":"Feature","properties":{"id_case":"case_0889","registry_id_case":"case_0889"},"geometry":{"type":"Polygon","coordinates":[[[2876,-1199],[2895,-1204],[2933,-1224],[2936,-1227],[2937,-1238],[2932,-1248],[2941,-1265],[2933,-1274],[2925,-1264],[2888,-1246],[2874,-1244],[2881,-1223],[2876,-1203],[2876,-1199]]]}},{"type":"Feature","properties":{"id_case":"case_0890","registry_id_case":"case_0890"},"geometry":{"type":"Polygon","coordinates":[[[2287,-1225],[2294,-1225],[2298,-1233],[2306,-1233],[2329,-1227],[2348,-1234],[2351,-1242],[2352,-1254],[2346,-1265],[2346,-1275],[2330,-1269],[2314,-1273],[2312,-1272],[2310,-1270],[2309,-1257],[2281,-1246],[2282,-1228],[2284,-1226],[2287,-1226],[2287,-1225]]]}},{"type":"Feature","properties":{"id_case":"case_0891","registry_id_case":"case_0891"},"geometry":{"type":"Polygon","coordinates":[[[2366,-1208],[2391,-1209],[2409,-1218],[2412,-1235],[2409,-1239],[2408,-1244],[2411,-1245],[2402,-1247],[2396,-1244],[2390,-1250],[2390,-1262],[2382,-1273],[2367,-1268],[2357,-1258],[2357,-1239],[2349,-1221],[2348,-1214],[2350,-1210],[2366,-1209],[2366,-1208]]]}},{"type":"Feature","properties":{"id_case":"case_0892","registry_id_case":"case_0892"},"geometry":{"type":"Polygon","coordinates":[[[1593,-1222],[1596,-1222],[1599,-1229],[1611,-1235],[1622,-1230],[1628,-1225],[1633,-1236],[1624,-1246],[1622,-1246],[1604,-1260],[1587,-1263],[1580,-1267],[1572,-1269],[1560,-1270],[1558,-1254],[1567,-1254],[1573,-1252],[1577,-1246],[1583,-1243],[1584,-1234],[1593,-1223],[1593,-1222]]]}},{"type":"Feature","properties":{"id_case":"case_0893","registry_id_case":"case_0893"},"geometry":{"type":"Polygon","coordinates":[[[1213,-1223],[1223,-1226],[1230,-1223],[1230,-1229],[1236,-1243],[1228,-1253],[1225,-1271],[1219,-1268],[1215,-1256],[1217,-1254],[1223,-1253],[1226,-1250],[1226,-1246],[1222,-1245],[1223,-1237],[1221,-1237],[1220,-1233],[1213,-1225],[1213,-1223]]]}},{"type":"Feature","properties":{"id_case":"case_0894","registry_id_case":"case_0894"},"geometry":{"type":"Polygon","coordinates":[[[2137,-1215],[2139,-1215],[2140,-1221],[2145,-1226],[2147,-1226],[2164,-1237],[2166,-1243],[2160,-1249],[2165,-1256],[2150,-1272],[2147,-1272],[2137,-1266],[2123,-1264],[2115,-1269],[2108,-1270],[2098,-1268],[2096,-1266],[2096,-1263],[2101,-1253],[2093,-1243],[2092,-1235],[2098,-1221],[2102,-1220],[2118,-1225],[2137,-1216],[2137,-1215]]]}},{"type":"Feature","properties":{"id_case":"case_0895","registry_id_case":"case_0895"},"geometry":{"type":"Polygon","coordinates":[[[1280,-1234],[1290,-1236],[1297,-1234],[1301,-1238],[1301,-1243],[1298,-1247],[1294,-1247],[1291,-1249],[1289,-1247],[1284,-1247],[1284,-1254],[1279,-1269],[1261,-1266],[1251,-1270],[1251,-1266],[1261,-1255],[1263,-1250],[1280,-1235],[1280,-1234]]]}},{"type":"Feature","properties":{"id_case":"case_0896","registry_id_case":"case_0896"},"geometry":{"type":"Polygon","coordinates":[[[1636,-1235],[1638,-1235],[1639,-1240],[1642,-1240],[1642,-1242],[1644,-1242],[1637,-1246],[1635,-1252],[1652,-1249],[1661,-1245],[1661,-1249],[1657,-1257],[1652,-1258],[1636,-1266],[1633,-1268],[1630,-1275],[1611,-1275],[1613,-1265],[1609,-1259],[1627,-1246],[1636,-1236],[1636,-1235]]]}},{"type":"Feature","properties":{"id_case":"case_0897","registry_id_case":"case_0897"},"geometry":{"type":"Polygon","coordinates":[[[1785,-1210],[1803,-1210],[1812,-1221],[1828,-1225],[1838,-1237],[1843,-1239],[1847,-1243],[1847,-1245],[1855,-1249],[1858,-1252],[1864,-1267],[1865,-1272],[1862,-1280],[1853,-1279],[1850,-1264],[1828,-1252],[1826,-1246],[1814,-1244],[1814,-1241],[1811,-1238],[1808,-1238],[1808,-1231],[1806,-1228],[1796,-1223],[1792,-1219],[1792,-1217],[1788,-1215],[1785,-1211],[1785,-1210]]]}},{"type":"Feature","properties":{"id_case":"case_0898","registry_id_case":"case_0898"},"geometry":{"type":"Polygon","coordinates":[[[1154,-1243],[1181,-1248],[1185,-1256],[1210,-1261],[1214,-1259],[1217,-1269],[1221,-1271],[1210,-1273],[1204,-1278],[1193,-1278],[1189,-1267],[1184,-1262],[1161,-1256],[1160,-1251],[1157,-1250],[1153,-1246],[1154,-1245],[1154,-1243]]]}},{"type":"Feature","properties":{"id_case":"case_0899","registry_id_case":"case_0899"},"geometry":{"type":"Polygon","coordinates":[[[1368,-1241],[1377,-1257],[1382,-1257],[1379,-1269],[1380,-1273],[1375,-1283],[1368,-1279],[1368,-1275],[1363,-1270],[1359,-1261],[1355,-1262],[1356,-1270],[1337,-1275],[1332,-1264],[1330,-1249],[1353,-1250],[1356,-1245],[1368,-1242],[1368,-1241]]]}},{"type":"Feature","properties":{"id_case":"case_0900","registry_id_case":"case_0900"},"geometry":{"type":"Polygon","coordinates":[[[1795,-1228],[1797,-1228],[1803,-1233],[1803,-1242],[1809,-1243],[1811,-1251],[1820,-1248],[1823,-1250],[1824,-1255],[1826,-1257],[1831,-1258],[1845,-1266],[1845,-1272],[1839,-1282],[1820,-1280],[1812,-1277],[1812,-1275],[1808,-1274],[1790,-1257],[1790,-1251],[1795,-1232],[1795,-1228]]]}},{"type":"Feature","properties":{"id_case":"case_0901","registry_id_case":"case_0901"},"geometry":{"type":"Polygon","coordinates":[[[2033,-1233],[2045,-1235],[2047,-1240],[2055,-1248],[2066,-1248],[2091,-1243],[2091,-1245],[2099,-1255],[2093,-1265],[2096,-1269],[2093,-1272],[2086,-1275],[2059,-1279],[2051,-1277],[2045,-1264],[2014,-1261],[2020,-1248],[2026,-1248],[2032,-1242],[2033,-1237],[2033,-1233]]]}},{"type":"Feature","properties":{"id_case":"case_0902","registry_id_case":"case_0902"},"geometry":{"type":"Polygon","coordinates":[[[2587,-1207],[2589,-1207],[2595,-1227],[2585,-1250],[2580,-1276],[2575,-1283],[2572,-1284],[2564,-1263],[2572,-1243],[2560,-1239],[2574,-1228],[2580,-1208],[2587,-1208],[2587,-1207]]]}},{"type":"Feature","properties":{"id_case":"case_0903","registry_id_case":"case_0903"},"geometry":{"type":"Polygon","coordinates":[[[879,-1220],[883,-1220],[896,-1226],[895,-1239],[891,-1241],[887,-1255],[891,-1270],[888,-1280],[886,-1278],[870,-1276],[869,-1277],[870,-1268],[864,-1246],[866,-1240],[861,-1224],[868,-1224],[879,-1221],[879,-1220]]]}},{"type":"Feature","properties":{"id_case":"case_0904","registry_id_case":"case_0904"},"geometry":{"type":"Polygon","coordinates":[[[1303,-1239],[1314,-1241],[1321,-1239],[1325,-1251],[1321,-1260],[1316,-1268],[1314,-1268],[1304,-1276],[1284,-1281],[1281,-1276],[1281,-1266],[1286,-1248],[1288,-1248],[1289,-1251],[1299,-1249],[1301,-1247],[1303,-1240],[1303,-1239]]]}},{"type":"Feature","properties":{"id_case":"case_0905","registry_id_case":"case_0905"},"geometry":{"type":"Polygon","coordinates":[[[1089,-1245],[1103,-1246],[1110,-1250],[1111,-1254],[1106,-1257],[1105,-1265],[1108,-1266],[1110,-1272],[1093,-1274],[1079,-1273],[1070,-1276],[1053,-1278],[1055,-1276],[1055,-1266],[1069,-1266],[1081,-1263],[1082,-1257],[1079,-1254],[1075,-1253],[1075,-1251],[1089,-1246],[1089,-1245]]]}},{"type":"Feature","properties":{"id_case":"case_0906","registry_id_case":"case_0906"},"geometry":{"type":"Polygon","coordinates":[[[1766,-1232],[1792,-1235],[1788,-1257],[1793,-1263],[1795,-1263],[1806,-1273],[1808,-1277],[1801,-1279],[1791,-1275],[1780,-1288],[1771,-1289],[1765,-1286],[1759,-1253],[1766,-1235],[1766,-1232]]]}},{"type":"Feature","properties":{"id_case":"case_0907","registry_id_case":"case_0907"},"geometry":{"type":"Polygon","coordinates":[[[1397,-1253],[1399,-1255],[1403,-1255],[1405,-1260],[1421,-1262],[1423,-1261],[1422,-1274],[1424,-1287],[1411,-1272],[1409,-1272],[1397,-1263],[1397,-1259],[1397,-1253]]]}},{"type":"Feature","properties":{"id_case":"case_0908","registry_id_case":"case_0908"},"geometry":{"type":"Polygon","coordinates":[[[2473,-1253],[2492,-1256],[2523,-1257],[2518,-1268],[2508,-1282],[2510,-1290],[2501,-1292],[2491,-1288],[2474,-1288],[2469,-1286],[2465,-1282],[2464,-1275],[2457,-1272],[2452,-1261],[2473,-1254],[2473,-1253]]]}},{"type":"Feature","properties":{"id_case":"case_0909","registry_id_case":"case_0909"},"geometry":{"type":"Polygon","coordinates":[[[1607,-1261],[1611,-1268],[1609,-1275],[1603,-1277],[1597,-1287],[1563,-1286],[1554,-1281],[1553,-1274],[1572,-1272],[1588,-1266],[1598,-1265],[1607,-1262],[1607,-1261]]]}},{"type":"Feature","properties":{"id_case":"case_0910","registry_id_case":"case_0910"},"geometry":{"type":"Polygon","coordinates":[[[2397,-1246],[2405,-1250],[2416,-1248],[2442,-1257],[2439,-1274],[2421,-1289],[2416,-1290],[2398,-1286],[2388,-1282],[2383,-1274],[2391,-1263],[2392,-1251],[2397,-1247],[2397,-1246]]]}},{"type":"Feature","properties":{"id_case":"case_0911","registry_id_case":"case_0911"},"geometry":{"type":"Polygon","coordinates":[[[1729,-1221],[1731,-1226],[1742,-1241],[1738,-1256],[1731,-1259],[1729,-1272],[1720,-1287],[1712,-1287],[1702,-1290],[1699,-1289],[1694,-1286],[1694,-1278],[1705,-1269],[1705,-1263],[1702,-1260],[1701,-1253],[1693,-1249],[1696,-1239],[1702,-1236],[1707,-1231],[1715,-1229],[1717,-1225],[1729,-1222],[1729,-1221]]]}},{"type":"Feature","properties":{"id_case":"case_0912","registry_id_case":"case_0912"},"geometry":{"type":"Polygon","coordinates":[[[1962,-1228],[1972,-1234],[1977,-1239],[1984,-1253],[1991,-1253],[2018,-1248],[2018,-1250],[2011,-1262],[2003,-1263],[1984,-1269],[1973,-1276],[1973,-1282],[1971,-1284],[1964,-1287],[1952,-1289],[1950,-1280],[1954,-1268],[1947,-1249],[1957,-1242],[1962,-1229],[1962,-1228]]]}},{"type":"Feature","properties":{"id_case":"case_0913","registry_id_case":"case_0913"},"geometry":{"type":"Polygon","coordinates":[[[1051,-1265],[1054,-1274],[1048,-1280],[1037,-1283],[1024,-1281],[1005,-1282],[997,-1286],[984,-1287],[967,-1285],[981,-1278],[993,-1275],[1002,-1270],[1020,-1268],[1032,-1270],[1036,-1268],[1051,-1266],[1051,-1265]]]}},{"type":"Feature","properties":{"id_case":"case_0914","registry_id_case":"case_0914"},"geometry":{"type":"Polygon","coordinates":[[[1457,-1238],[1458,-1245],[1465,-1259],[1465,-1285],[1445,-1289],[1449,-1263],[1446,-1249],[1448,-1246],[1454,-1244],[1457,-1239],[1457,-1238]]]}},{"type":"Feature","properties":{"id_case":"case_0915","registry_id_case":"case_0915"},"geometry":{"type":"Polygon","coordinates":[[[1494,-1241],[1500,-1241],[1503,-1255],[1511,-1269],[1529,-1278],[1551,-1275],[1552,-1280],[1526,-1284],[1515,-1289],[1508,-1290],[1506,-1285],[1500,-1287],[1498,-1283],[1495,-1283],[1491,-1286],[1493,-1278],[1488,-1264],[1494,-1265],[1491,-1250],[1494,-1242],[1494,-1241]]]}},{"type":"Feature","properties":{"id_case":"case_0916","registry_id_case":"case_0916"},"geometry":{"type":"Polygon","coordinates":[[[945,-1257],[978,-1262],[980,-1267],[991,-1266],[1000,-1268],[960,-1283],[956,-1290],[950,-1290],[948,-1288],[941,-1287],[938,-1289],[935,-1287],[935,-1285],[945,-1258],[945,-1257]]]}},{"type":"Feature","properties":{"id_case":"case_0917","registry_id_case":"case_0917"},"geometry":{"type":"Polygon","coordinates":[[[1001,-1194],[1028,-1196],[1026,-1201],[1022,-1201],[1016,-1204],[1013,-1207],[1013,-1209],[1003,-1211],[996,-1216],[996,-1221],[991,-1223],[988,-1233],[990,-1238],[988,-1238],[989,-1244],[985,-1244],[982,-1241],[982,-1238],[976,-1229],[959,-1227],[956,-1228],[952,-1232],[950,-1245],[938,-1255],[938,-1259],[940,-1262],[935,-1270],[934,-1278],[929,-1291],[919,-1289],[912,-1292],[910,-1291],[921,-1280],[928,-1261],[934,-1257],[936,-1248],[950,-1227],[960,-1217],[962,-1217],[977,-1206],[981,-1200],[994,-1198],[1001,-1195],[1001,-1194]]]}},{"type":"Feature","properties":{"id_case":"case_0918","registry_id_case":"case_0918"},"geometry":{"type":"Polygon","coordinates":[[[2248,-1242],[2250,-1242],[2255,-1254],[2259,-1259],[2250,-1268],[2247,-1282],[2238,-1281],[2230,-1287],[2230,-1289],[2223,-1297],[2216,-1281],[2208,-1272],[2184,-1271],[2178,-1266],[2185,-1260],[2188,-1250],[2201,-1248],[2222,-1253],[2240,-1248],[2248,-1243],[2248,-1242]]]}},{"type":"Feature","properties":{"id_case":"case_0919","registry_id_case":"case_0919"},"geometry":{"type":"Polygon","coordinates":[[[1138,-1258],[1152,-1262],[1160,-1260],[1178,-1264],[1182,-1267],[1187,-1278],[1187,-1287],[1181,-1293],[1178,-1294],[1154,-1293],[1145,-1295],[1127,-1286],[1121,-1281],[1121,-1279],[1111,-1266],[1113,-1264],[1133,-1264],[1134,-1260],[1138,-1259],[1138,-1258]]]}},{"type":"Feature","properties":{"id_case":"case_0920","registry_id_case":"case_0920"},"geometry":{"type":"Polygon","coordinates":[[[1490,-1242],[1491,-1245],[1489,-1254],[1492,-1263],[1487,-1262],[1486,-1266],[1491,-1282],[1488,-1286],[1483,-1287],[1478,-1292],[1478,-1294],[1469,-1299],[1467,-1269],[1468,-1258],[1464,-1250],[1474,-1251],[1490,-1243],[1490,-1242]]]}},{"type":"Feature","properties":{"id_case":"case_0921","registry_id_case":"case_0921"},"geometry":{"type":"Polygon","coordinates":[[[2278,-1248],[2285,-1249],[2307,-1258],[2309,-1273],[2314,-1274],[2314,-1276],[2302,-1289],[2295,-1292],[2273,-1294],[2263,-1298],[2251,-1298],[2249,-1274],[2250,-1270],[2261,-1258],[2257,-1252],[2267,-1252],[2278,-1249],[2278,-1248]]]}},{"type":"Feature","properties":{"id_case":"case_0922","registry_id_case":"case_0922"},"geometry":{"type":"Polygon","coordinates":[[[2551,-1239],[2558,-1239],[2569,-1244],[2562,-1267],[2567,-1276],[2568,-1281],[2560,-1283],[2554,-1291],[2538,-1296],[2528,-1291],[2516,-1293],[2513,-1291],[2510,-1281],[2521,-1265],[2529,-1249],[2551,-1240],[2551,-1239]]]}},{"type":"Feature","properties":{"id_case":"case_0923","registry_id_case":"case_0923"},"geometry":{"type":"Polygon","coordinates":[[[1754,-1256],[1758,-1257],[1762,-1285],[1754,-1285],[1747,-1289],[1745,-1294],[1736,-1290],[1723,-1289],[1723,-1285],[1730,-1273],[1733,-1261],[1740,-1259],[1743,-1261],[1754,-1257],[1754,-1256]]]}},{"type":"Feature","properties":{"id_case":"case_0924","registry_id_case":"case_0924"},"geometry":{"type":"Polygon","coordinates":[[[2733,-1205],[2737,-1233],[2743,-1239],[2778,-1248],[2780,-1265],[2788,-1279],[2789,-1298],[2774,-1298],[2761,-1306],[2741,-1292],[2730,-1288],[2724,-1275],[2714,-1264],[2707,-1229],[2715,-1216],[2733,-1206],[2733,-1205]]]}},{"type":"Feature","properties":{"id_case":"case_0925","registry_id_case":"case_0925"},"geometry":{"type":"Polygon","coordinates":[[[2672,-1227],[2705,-1230],[2711,-1264],[2709,-1264],[2696,-1274],[2696,-1287],[2694,-1290],[2684,-1300],[2682,-1300],[2672,-1309],[2660,-1298],[2656,-1277],[2642,-1255],[2672,-1242],[2672,-1227]]]}},{"type":"Feature","properties":{"id_case":"case_0926","registry_id_case":"case_0926"},"geometry":{"type":"Polygon","coordinates":[[[1678,-1235],[1680,-1238],[1686,-1239],[1686,-1253],[1678,-1267],[1667,-1276],[1636,-1294],[1630,-1296],[1625,-1301],[1612,-1305],[1599,-1287],[1602,-1281],[1604,-1279],[1609,-1278],[1631,-1277],[1635,-1269],[1658,-1259],[1663,-1246],[1665,-1244],[1671,-1243],[1672,-1238],[1678,-1236],[1678,-1235]]]}},{"type":"Feature","properties":{"id_case":"case_0927","registry_id_case":"case_0927"},"geometry":{"type":"Polygon","coordinates":[[[1388,-1258],[1391,-1258],[1391,-1265],[1396,-1270],[1402,-1272],[1411,-1280],[1411,-1282],[1422,-1295],[1423,-1303],[1419,-1303],[1412,-1298],[1405,-1296],[1400,-1300],[1392,-1301],[1380,-1299],[1378,-1288],[1383,-1280],[1385,-1264],[1388,-1259],[1388,-1258]]]}},{"type":"Feature","properties":{"id_case":"case_0928","registry_id_case":"case_0928"},"geometry":{"type":"Polygon","coordinates":[[[1792,-1277],[1802,-1281],[1812,-1278],[1819,-1281],[1834,-1284],[1834,-1286],[1832,-1289],[1826,-1289],[1821,-1292],[1812,-1294],[1806,-1303],[1791,-1306],[1782,-1288],[1792,-1278],[1792,-1277]]]}},{"type":"Feature","properties":{"id_case":"case_0929","registry_id_case":"case_0929"},"geometry":{"type":"Polygon","coordinates":[[[1357,-1271],[1359,-1275],[1363,-1277],[1363,-1281],[1368,-1286],[1370,-1286],[1375,-1302],[1344,-1292],[1340,-1294],[1343,-1277],[1357,-1272],[1357,-1271]]]}},{"type":"Feature","properties":{"id_case":"case_0930","registry_id_case":"case_0930"},"geometry":{"type":"Polygon","coordinates":[[[1110,-1273],[1113,-1273],[1120,-1283],[1124,-1285],[1118,-1286],[1111,-1291],[1100,-1293],[1078,-1301],[1075,-1299],[1077,-1294],[1084,-1290],[1083,-1285],[1072,-1286],[1050,-1301],[1041,-1302],[1039,-1297],[1042,-1294],[1038,-1293],[1025,-1284],[1033,-1283],[1041,-1285],[1048,-1282],[1070,-1279],[1080,-1276],[1106,-1276],[1110,-1274],[1110,-1273]]]}},{"type":"Feature","properties":{"id_case":"case_0931","registry_id_case":"case_0931"},"geometry":{"type":"Polygon","coordinates":[[[1247,-1270],[1250,-1271],[1251,-1277],[1247,-1286],[1252,-1295],[1249,-1301],[1232,-1302],[1220,-1309],[1207,-1298],[1199,-1301],[1185,-1303],[1184,-1298],[1196,-1283],[1206,-1284],[1215,-1279],[1242,-1274],[1247,-1271],[1247,-1270]]]}},{"type":"Feature","properties":{"id_case":"case_0932","registry_id_case":"case_0932"},"geometry":{"type":"Polygon","coordinates":[[[1262,-1268],[1279,-1271],[1280,-1281],[1286,-1284],[1303,-1280],[1317,-1270],[1317,-1277],[1314,-1281],[1312,-1289],[1306,-1301],[1288,-1301],[1278,-1304],[1253,-1307],[1251,-1300],[1254,-1293],[1249,-1284],[1253,-1272],[1262,-1269],[1262,-1268]]]}},{"type":"Feature","properties":{"id_case":"case_0933","registry_id_case":"case_0933"},"geometry":{"type":"Polygon","coordinates":[[[1550,-1282],[1561,-1286],[1555,-1290],[1551,-1289],[1550,-1292],[1541,-1293],[1531,-1297],[1531,-1301],[1533,-1301],[1532,-1304],[1521,-1300],[1514,-1303],[1509,-1303],[1509,-1292],[1515,-1292],[1526,-1287],[1539,-1286],[1550,-1283],[1550,-1282]]]}},{"type":"Feature","properties":{"id_case":"case_0934","registry_id_case":"case_0934"},"geometry":{"type":"Polygon","coordinates":[[[2798,-1234],[2801,-1234],[2814,-1240],[2844,-1241],[2862,-1247],[2866,-1278],[2865,-1280],[2845,-1280],[2841,-1291],[2823,-1311],[2806,-1308],[2791,-1299],[2791,-1278],[2783,-1264],[2780,-1248],[2798,-1235],[2798,-1234]]]}},{"type":"Feature","properties":{"id_case":"case_0935","registry_id_case":"case_0935"},"geometry":{"type":"Polygon","coordinates":[[[1688,-1252],[1696,-1256],[1696,-1262],[1700,-1266],[1690,-1276],[1689,-1288],[1699,-1294],[1704,-1295],[1701,-1309],[1693,-1312],[1677,-1292],[1671,-1275],[1673,-1275],[1680,-1268],[1682,-1262],[1688,-1254],[1688,-1252]]]}},{"type":"Feature","properties":{"id_case":"case_0936","registry_id_case":"case_0936"},"geometry":{"type":"Polygon","coordinates":[[[3079,-1238],[3081,-1250],[3075,-1258],[3078,-1261],[3083,-1260],[3083,-1258],[3087,-1259],[3089,-1260],[3088,-1263],[3085,-1268],[3078,-1271],[3076,-1275],[3070,-1278],[3069,-1286],[3066,-1287],[3067,-1299],[3070,-1304],[3064,-1305],[3053,-1310],[3034,-1295],[3033,-1281],[3048,-1271],[3046,-1261],[3050,-1251],[3079,-1239],[3079,-1238]]]}},{"type":"Feature","properties":{"id_case":"case_0937","registry_id_case":"case_0937"},"geometry":{"type":"Polygon","coordinates":[[[2166,-1257],[2180,-1271],[2181,-1300],[2163,-1308],[2161,-1313],[2143,-1316],[2141,-1310],[2133,-1305],[2133,-1294],[2135,-1288],[2117,-1274],[2116,-1271],[2128,-1266],[2137,-1267],[2149,-1275],[2166,-1258],[2166,-1257]]]}},{"type":"Feature","properties":{"id_case":"case_0938","registry_id_case":"case_0938"},"geometry":{"type":"Polygon","coordinates":[[[2444,-1258],[2450,-1261],[2456,-1274],[2462,-1276],[2463,-1283],[2468,-1288],[2492,-1290],[2485,-1299],[2476,-1302],[2474,-1307],[2470,-1308],[2453,-1310],[2446,-1309],[2439,-1311],[2424,-1309],[2416,-1306],[2423,-1290],[2440,-1276],[2442,-1266],[2444,-1263],[2444,-1258]]]}},{"type":"Feature","properties":{"id_case":"case_0939","registry_id_case":"case_0939"},"geometry":{"type":"Polygon","coordinates":[[[2617,-1237],[2640,-1256],[2640,-1258],[2653,-1277],[2657,-1298],[2642,-1310],[2622,-1306],[2608,-1316],[2603,-1305],[2606,-1298],[2612,-1294],[2613,-1287],[2610,-1282],[2601,-1278],[2599,-1271],[2598,-1256],[2602,-1248],[2609,-1241],[2617,-1238],[2617,-1237]]]}},{"type":"Feature","properties":{"id_case":"case_0940","registry_id_case":"case_0940"},"geometry":{"type":"Polygon","coordinates":[[[1443,-1250],[1445,-1255],[1446,-1271],[1442,-1294],[1445,-1303],[1428,-1311],[1431,-1283],[1429,-1276],[1429,-1259],[1432,-1252],[1438,-1253],[1443,-1251],[1443,-1250]]]}},{"type":"Feature","properties":{"id_case":"case_0941","registry_id_case":"case_0941"},"geometry":{"type":"Polygon","coordinates":[[[2356,-1260],[2366,-1270],[2380,-1274],[2383,-1277],[2385,-1283],[2420,-1292],[2411,-1310],[2397,-1313],[2396,-1318],[2387,-1318],[2380,-1314],[2375,-1304],[2366,-1303],[2362,-1301],[2357,-1285],[2352,-1276],[2351,-1268],[2356,-1261],[2356,-1260]]]}},{"type":"Feature","properties":{"id_case":"case_0942","registry_id_case":"case_0942"},"geometry":{"type":"Polygon","coordinates":[[[2943,-1265],[2972,-1267],[2980,-1270],[2988,-1291],[2998,-1294],[3004,-1314],[2994,-1314],[2984,-1322],[2977,-1325],[2975,-1319],[2971,-1314],[2951,-1310],[2944,-1313],[2944,-1304],[2938,-1295],[2941,-1292],[2944,-1283],[2934,-1276],[2936,-1271],[2938,-1271],[2943,-1266],[2943,-1265]]]}},{"type":"Feature","properties":{"id_case":"case_0943","registry_id_case":"case_0943"},"geometry":{"type":"Polygon","coordinates":[[[2011,-1263],[2041,-1265],[2044,-1266],[2051,-1280],[2073,-1280],[2076,-1289],[2076,-1302],[2065,-1304],[2059,-1307],[2040,-1308],[2037,-1306],[2033,-1322],[2025,-1318],[2018,-1304],[1989,-1308],[1986,-1302],[1986,-1291],[1976,-1283],[1975,-1277],[1985,-1272],[2011,-1264],[2011,-1263]]]}},{"type":"Feature","properties":{"id_case":"case_0944","registry_id_case":"case_0944"},"geometry":{"type":"Polygon","coordinates":[[[1006,-1284],[1023,-1284],[1038,-1295],[1037,-1300],[1039,-1302],[1030,-1302],[1019,-1307],[1008,-1309],[1004,-1311],[1001,-1318],[992,-1317],[989,-1311],[979,-1307],[981,-1288],[998,-1289],[1006,-1285],[1006,-1284]]]}},{"type":"Feature","properties":{"id_case":"case_0945","registry_id_case":"case_0945"},"geometry":{"type":"Polygon","coordinates":[[[1848,-1275],[1851,-1276],[1851,-1281],[1861,-1283],[1860,-1287],[1858,-1287],[1848,-1295],[1828,-1305],[1820,-1320],[1814,-1322],[1807,-1307],[1809,-1307],[1812,-1304],[1815,-1298],[1821,-1298],[1834,-1294],[1837,-1291],[1838,-1286],[1843,-1286],[1845,-1279],[1848,-1276],[1848,-1275]]]}},{"type":"Feature","properties":{"id_case":"case_0946","registry_id_case":"case_0946"},"geometry":{"type":"Polygon","coordinates":[[[1894,-1245],[1907,-1248],[1907,-1253],[1914,-1262],[1917,-1269],[1918,-1284],[1914,-1293],[1916,-1300],[1915,-1304],[1913,-1308],[1908,-1310],[1908,-1314],[1889,-1315],[1872,-1318],[1873,-1307],[1881,-1290],[1882,-1271],[1879,-1257],[1894,-1246],[1894,-1245]]]}},{"type":"Feature","properties":{"id_case":"case_0947","registry_id_case":"case_0947"},"geometry":{"type":"Polygon","coordinates":[[[1933,-1247],[1945,-1249],[1952,-1272],[1947,-1283],[1951,-1293],[1947,-1316],[1923,-1318],[1919,-1317],[1911,-1319],[1909,-1314],[1910,-1311],[1912,-1311],[1916,-1307],[1918,-1294],[1916,-1291],[1919,-1284],[1920,-1268],[1917,-1262],[1926,-1250],[1933,-1248],[1933,-1247]]]}},{"type":"Feature","properties":{"id_case":"case_0948","registry_id_case":"case_0948"},"geometry":{"type":"Polygon","coordinates":[[[2586,-1252],[2596,-1258],[2596,-1271],[2599,-1279],[2609,-1284],[2611,-1290],[2610,-1293],[2604,-1297],[2602,-1305],[2589,-1318],[2580,-1322],[2585,-1299],[2575,-1285],[2581,-1276],[2586,-1256],[2586,-1252]]]}},{"type":"Feature","properties":{"id_case":"case_0949","registry_id_case":"case_0949"},"geometry":{"type":"Polygon","coordinates":[[[1867,-1224],[1869,-1224],[1870,-1236],[1875,-1250],[1879,-1272],[1880,-1288],[1874,-1300],[1869,-1320],[1835,-1319],[1824,-1323],[1822,-1319],[1831,-1306],[1849,-1298],[1862,-1288],[1867,-1266],[1860,-1251],[1851,-1245],[1847,-1241],[1847,-1238],[1852,-1229],[1861,-1228],[1867,-1225],[1867,-1224]]]}},{"type":"Feature","properties":{"id_case":"case_0950","registry_id_case":"case_0950"},"geometry":{"type":"Polygon","coordinates":[[[3027,-1247],[3047,-1252],[3044,-1263],[3046,-1270],[3031,-1280],[3031,-1291],[3032,-1296],[3034,-1298],[3036,-1298],[3052,-1311],[3050,-1313],[3045,-1328],[3033,-1333],[3030,-1328],[3019,-1328],[3006,-1315],[3000,-1293],[2989,-1289],[2983,-1270],[2998,-1266],[3027,-1248],[3027,-1247]]]}},{"type":"Feature","properties":{"id_case":"case_0951","registry_id_case":"case_0951"},"geometry":{"type":"Polygon","coordinates":[[[1757,-1286],[1765,-1287],[1770,-1290],[1780,-1290],[1785,-1302],[1789,-1307],[1783,-1311],[1777,-1326],[1763,-1328],[1760,-1326],[1759,-1318],[1756,-1315],[1750,-1314],[1746,-1311],[1748,-1291],[1757,-1287],[1757,-1286]]]}},{"type":"Feature","properties":{"id_case":"case_0952","registry_id_case":"case_0952"},"geometry":{"type":"Polygon","coordinates":[[[1496,-1285],[1498,-1289],[1505,-1287],[1507,-1293],[1507,-1303],[1509,-1305],[1510,-1310],[1502,-1314],[1502,-1319],[1506,-1327],[1500,-1329],[1484,-1324],[1478,-1326],[1470,-1314],[1470,-1301],[1479,-1296],[1483,-1289],[1493,-1289],[1496,-1286],[1496,-1285]]]}},{"type":"Feature","properties":{"id_case":"case_0953","registry_id_case":"case_0953"},"geometry":{"type":"Polygon","coordinates":[[[1667,-1278],[1669,-1278],[1674,-1293],[1691,-1314],[1684,-1324],[1670,-1327],[1665,-1324],[1654,-1311],[1653,-1309],[1655,-1305],[1642,-1300],[1638,-1296],[1667,-1279],[1667,-1278]]]}},{"type":"Feature","properties":{"id_case":"case_0954","registry_id_case":"case_0954"},"geometry":{"type":"Polygon","coordinates":[[[2494,-1291],[2505,-1294],[2513,-1292],[2518,-1296],[2530,-1293],[2540,-1298],[2550,-1296],[2552,-1307],[2533,-1317],[2529,-1323],[2520,-1326],[2519,-1329],[2509,-1326],[2491,-1329],[2482,-1325],[2481,-1316],[2470,-1311],[2476,-1308],[2478,-1304],[2482,-1304],[2494,-1292],[2494,-1291]]]}},{"type":"Feature","properties":{"id_case":"case_0955","registry_id_case":"case_0955"},"geometry":{"type":"Polygon","coordinates":[[[2183,-1273],[2207,-1274],[2213,-1282],[2222,-1300],[2232,-1288],[2241,-1283],[2247,-1284],[2249,-1300],[2247,-1300],[2240,-1306],[2240,-1315],[2237,-1325],[2227,-1323],[2211,-1317],[2203,-1318],[2186,-1329],[2180,-1331],[2169,-1327],[2163,-1312],[2166,-1309],[2179,-1304],[2183,-1301],[2183,-1273]]]}},{"type":"Feature","properties":{"id_case":"case_0956","registry_id_case":"case_0956"},"geometry":{"type":"Polygon","coordinates":[[[2568,-1282],[2581,-1298],[2582,-1304],[2578,-1322],[2566,-1320],[2554,-1329],[2549,-1331],[2548,-1321],[2552,-1311],[2555,-1310],[2554,-1300],[2551,-1295],[2558,-1290],[2558,-1287],[2560,-1285],[2565,-1285],[2568,-1283],[2568,-1282]]]}},{"type":"Feature","properties":{"id_case":"case_0957","registry_id_case":"case_0957"},"geometry":{"type":"Polygon","coordinates":[[[871,-1278],[885,-1280],[886,-1284],[880,-1294],[868,-1303],[865,-1310],[857,-1320],[845,-1327],[846,-1323],[853,-1319],[853,-1316],[850,-1315],[841,-1319],[847,-1313],[847,-1311],[855,-1301],[858,-1290],[863,-1282],[862,-1281],[871,-1279],[871,-1278]]]}},{"type":"Feature","properties":{"id_case":"case_0958","registry_id_case":"case_0958"},"geometry":{"type":"Polygon","coordinates":[[[1326,-1252],[1329,-1266],[1332,-1272],[1336,-1277],[1341,-1277],[1340,-1289],[1319,-1317],[1312,-1324],[1305,-1326],[1307,-1324],[1313,-1299],[1322,-1278],[1323,-1267],[1326,-1259],[1326,-1252]]]}},{"type":"Feature","properties":{"id_case":"case_0959","registry_id_case":"case_0959"},"geometry":{"type":"Polygon","coordinates":[[[2097,-1270],[2113,-1272],[2133,-1289],[2131,-1306],[2139,-1311],[2141,-1319],[2131,-1334],[2121,-1332],[2110,-1325],[2097,-1324],[2087,-1316],[2087,-1314],[2079,-1305],[2078,-1297],[2080,-1291],[2075,-1280],[2089,-1277],[2097,-1271],[2097,-1270]]]}},{"type":"Feature","properties":{"id_case":"case_0960","registry_id_case":"case_0960"},"geometry":{"type":"Polygon","coordinates":[[[1289,-1303],[1306,-1303],[1303,-1310],[1302,-1319],[1296,-1334],[1266,-1341],[1265,-1335],[1251,-1318],[1254,-1309],[1279,-1307],[1289,-1304],[1289,-1303]]]}},{"type":"Feature","properties":{"id_case":"case_0961","registry_id_case":"case_0961"},"geometry":{"type":"Polygon","coordinates":[[[1972,-1285],[1976,-1285],[1984,-1292],[1982,-1301],[1987,-1311],[1979,-1325],[1978,-1337],[1969,-1341],[1956,-1334],[1926,-1330],[1914,-1322],[1914,-1320],[1935,-1320],[1948,-1318],[1953,-1291],[1965,-1290],[1972,-1286],[1972,-1285]]]}},{"type":"Feature","properties":{"id_case":"case_0962","registry_id_case":"case_0962"},"geometry":{"type":"Polygon","coordinates":[[[920,-1291],[925,-1291],[929,-1294],[934,-1311],[929,-1328],[927,-1328],[916,-1338],[901,-1340],[899,-1332],[896,-1328],[889,-1329],[887,-1327],[886,-1322],[889,-1312],[907,-1293],[916,-1294],[920,-1292],[920,-1291]]]}},{"type":"Feature","properties":{"id_case":"case_0963","registry_id_case":"case_0963"},"geometry":{"type":"Polygon","coordinates":[[[1633,-1297],[1637,-1297],[1641,-1301],[1652,-1306],[1651,-1312],[1657,-1319],[1644,-1323],[1633,-1320],[1613,-1337],[1607,-1331],[1587,-1330],[1583,-1326],[1596,-1319],[1601,-1314],[1601,-1311],[1626,-1304],[1633,-1298],[1633,-1297]]]}},{"type":"Feature","properties":{"id_case":"case_0964","registry_id_case":"case_0964"},"geometry":{"type":"Polygon","coordinates":[[[1562,-1288],[1597,-1289],[1610,-1305],[1585,-1303],[1575,-1305],[1558,-1313],[1548,-1314],[1540,-1319],[1538,-1321],[1532,-1338],[1512,-1339],[1509,-1337],[1509,-1325],[1504,-1316],[1506,-1316],[1512,-1311],[1513,-1306],[1523,-1302],[1533,-1306],[1535,-1305],[1535,-1300],[1533,-1300],[1551,-1294],[1552,-1291],[1558,-1292],[1562,-1289],[1562,-1288]]]}},{"type":"Feature","properties":{"id_case":"case_0965","registry_id_case":"case_0965"},"geometry":{"type":"Polygon","coordinates":[[[1345,-1294],[1351,-1295],[1374,-1304],[1379,-1314],[1380,-1325],[1376,-1325],[1370,-1329],[1363,-1331],[1347,-1325],[1330,-1335],[1325,-1331],[1313,-1330],[1323,-1322],[1326,-1315],[1340,-1297],[1345,-1295],[1345,-1294]]]}},{"type":"Feature","properties":{"id_case":"case_0966","registry_id_case":"case_0966"},"geometry":{"type":"Polygon","coordinates":[[[1713,-1292],[1734,-1294],[1742,-1298],[1741,-1305],[1731,-1319],[1729,-1321],[1720,-1323],[1699,-1324],[1692,-1326],[1688,-1330],[1676,-1335],[1673,-1329],[1685,-1326],[1685,-1324],[1693,-1314],[1702,-1311],[1706,-1296],[1708,-1294],[1713,-1293],[1713,-1292]]]}},{"type":"Feature","properties":{"id_case":"case_0967","registry_id_case":"case_0967"},"geometry":{"type":"Polygon","coordinates":[[[910,-1261],[926,-1262],[919,-1279],[909,-1290],[889,-1310],[887,-1310],[878,-1321],[852,-1333],[842,-1335],[842,-1331],[857,-1323],[869,-1305],[881,-1296],[882,-1292],[888,-1284],[893,-1266],[910,-1262],[910,-1261]]]}},{"type":"Feature","properties":{"id_case":"case_0968","registry_id_case":"case_0968"},"geometry":{"type":"Polygon","coordinates":[[[2711,-1265],[2721,-1275],[2729,-1290],[2742,-1294],[2760,-1307],[2760,-1309],[2758,-1309],[2752,-1314],[2735,-1331],[2734,-1345],[2721,-1339],[2687,-1332],[2684,-1329],[2674,-1310],[2694,-1293],[2694,-1291],[2697,-1288],[2698,-1275],[2711,-1266],[2711,-1265]]]}},{"type":"Feature","properties":{"id_case":"case_0969","registry_id_case":"case_0969"},"geometry":{"type":"Polygon","coordinates":[[[1464,-1287],[1465,-1297],[1468,-1305],[1467,-1315],[1470,-1321],[1472,-1321],[1475,-1324],[1476,-1333],[1470,-1339],[1453,-1338],[1445,-1346],[1438,-1341],[1437,-1318],[1447,-1301],[1444,-1291],[1464,-1288],[1464,-1287]]]}},{"type":"Feature","properties":{"id_case":"case_0970","registry_id_case":"case_0970"},"geometry":{"type":"Polygon","coordinates":[[[961,-1286],[979,-1288],[977,-1309],[987,-1312],[991,-1319],[999,-1320],[997,-1334],[986,-1339],[982,-1345],[974,-1343],[971,-1340],[969,-1334],[962,-1330],[964,-1312],[961,-1293],[958,-1292],[961,-1288],[961,-1286]]]}},{"type":"Feature","properties":{"id_case":"case_0971","registry_id_case":"case_0971"},"geometry":{"type":"Polygon","coordinates":[[[2874,-1246],[2885,-1246],[2923,-1265],[2929,-1274],[2935,-1280],[2941,-1283],[2941,-1289],[2936,-1297],[2941,-1305],[2941,-1313],[2935,-1313],[2932,-1315],[2929,-1318],[2925,-1328],[2920,-1328],[2917,-1331],[2913,-1332],[2908,-1340],[2898,-1342],[2895,-1340],[2895,-1334],[2899,-1318],[2887,-1306],[2885,-1306],[2868,-1295],[2868,-1266],[2864,-1248],[2874,-1247],[2874,-1246]]]}},{"type":"Feature","properties":{"id_case":"case_0972","registry_id_case":"case_0972"},"geometry":{"type":"Polygon","coordinates":[[[1585,-1305],[1597,-1305],[1603,-1306],[1603,-1308],[1599,-1310],[1599,-1313],[1595,-1317],[1579,-1325],[1574,-1339],[1551,-1343],[1543,-1339],[1534,-1338],[1539,-1323],[1542,-1320],[1558,-1316],[1575,-1308],[1585,-1306],[1585,-1305]]]}},{"type":"Feature","properties":{"id_case":"case_0973","registry_id_case":"case_0973"},"geometry":{"type":"Polygon","coordinates":[[[2285,-1295],[2295,-1295],[2300,-1303],[2310,-1304],[2310,-1316],[2299,-1329],[2299,-1341],[2297,-1341],[2286,-1349],[2278,-1350],[2272,-1348],[2269,-1329],[2267,-1325],[2255,-1329],[2239,-1325],[2239,-1323],[2241,-1318],[2242,-1307],[2249,-1302],[2253,-1300],[2264,-1301],[2273,-1297],[2285,-1296],[2285,-1295]]]}},{"type":"Feature","properties":{"id_case":"case_0974","registry_id_case":"case_0974"},"geometry":{"type":"Polygon","coordinates":[[[2328,-1272],[2332,-1272],[2346,-1277],[2350,-1288],[2352,-1302],[2347,-1335],[2334,-1356],[2325,-1354],[2324,-1346],[2309,-1343],[2302,-1339],[2300,-1329],[2310,-1319],[2313,-1303],[2300,-1301],[2297,-1293],[2304,-1290],[2304,-1288],[2317,-1275],[2328,-1273],[2328,-1272]]]}},{"type":"Feature","properties":{"id_case":"case_0975","registry_id_case":"case_0975"},"geometry":{"type":"Polygon","coordinates":[[[931,-1291],[941,-1294],[945,-1292],[946,-1295],[955,-1296],[953,-1309],[954,-1317],[951,-1332],[954,-1338],[953,-1352],[951,-1352],[942,-1345],[924,-1344],[918,-1340],[931,-1329],[936,-1306],[931,-1296],[931,-1291]]]}},{"type":"Feature","properties":{"id_case":"case_0976","registry_id_case":"case_0976"},"geometry":{"type":"Polygon","coordinates":[[[1205,-1301],[1209,-1301],[1219,-1310],[1218,-1315],[1220,-1317],[1216,-1319],[1210,-1316],[1202,-1315],[1197,-1318],[1196,-1322],[1198,-1327],[1210,-1328],[1205,-1332],[1204,-1339],[1197,-1343],[1196,-1350],[1174,-1343],[1174,-1338],[1168,-1337],[1163,-1340],[1155,-1342],[1154,-1337],[1156,-1328],[1160,-1321],[1164,-1322],[1167,-1328],[1173,-1330],[1176,-1328],[1185,-1305],[1195,-1305],[1205,-1302],[1205,-1301]]]}},{"type":"Feature","properties":{"id_case":"case_0977","registry_id_case":"case_0977"},"geometry":{"type":"Polygon","coordinates":[[[2357,-1303],[2359,-1305],[2372,-1308],[2375,-1317],[2381,-1321],[2394,-1324],[2398,-1323],[2400,-1337],[2407,-1346],[2399,-1351],[2373,-1356],[2358,-1351],[2350,-1343],[2357,-1306],[2357,-1303]]]}},{"type":"Feature","properties":{"id_case":"case_0978","registry_id_case":"case_0978"},"geometry":{"type":"Polygon","coordinates":[[[1889,-1317],[1905,-1317],[1905,-1321],[1899,-1321],[1894,-1324],[1889,-1324],[1886,-1326],[1871,-1329],[1867,-1333],[1867,-1336],[1865,-1338],[1860,-1338],[1853,-1344],[1853,-1348],[1849,-1354],[1833,-1351],[1830,-1348],[1828,-1343],[1832,-1331],[1827,-1328],[1827,-1325],[1845,-1321],[1870,-1322],[1889,-1318],[1889,-1317]]]}},{"type":"Feature","properties":{"id_case":"case_0979","registry_id_case":"case_0979"},"geometry":{"type":"Polygon","coordinates":[[[1406,-1298],[1410,-1298],[1422,-1305],[1419,-1317],[1411,-1337],[1409,-1339],[1406,-1339],[1399,-1348],[1389,-1353],[1389,-1330],[1387,-1324],[1386,-1311],[1381,-1302],[1401,-1303],[1406,-1299],[1406,-1298]]]}},{"type":"Feature","properties":{"id_case":"case_0980","registry_id_case":"case_0980"},"geometry":{"type":"Polygon","coordinates":[[[1441,-1306],[1442,-1308],[1436,-1318],[1435,-1331],[1436,-1342],[1438,-1345],[1434,-1345],[1432,-1351],[1427,-1351],[1418,-1355],[1397,-1357],[1407,-1350],[1410,-1345],[1417,-1341],[1427,-1313],[1441,-1307],[1441,-1306]]]}},{"type":"Feature","properties":{"id_case":"case_0981","registry_id_case":"case_0981"},"geometry":{"type":"Polygon","coordinates":[[[2846,-1282],[2865,-1282],[2867,-1297],[2884,-1306],[2897,-1319],[2892,-1340],[2875,-1343],[2874,-1347],[2869,-1347],[2868,-1351],[2866,-1351],[2865,-1354],[2860,-1356],[2860,-1362],[2845,-1357],[2837,-1360],[2835,-1358],[2832,-1352],[2824,-1312],[2831,-1302],[2842,-1291],[2846,-1283],[2846,-1282]]]}},{"type":"Feature","properties":{"id_case":"case_0982","registry_id_case":"case_0982"},"geometry":{"type":"Polygon","coordinates":[[[2416,-1311],[2419,-1311],[2421,-1313],[2443,-1316],[2452,-1314],[2456,-1316],[2466,-1314],[2476,-1320],[2478,-1329],[2473,-1334],[2457,-1334],[2454,-1342],[2453,-1353],[2448,-1359],[2436,-1355],[2429,-1356],[2409,-1346],[2403,-1336],[2400,-1318],[2413,-1315],[2416,-1312],[2416,-1311]]]}},{"type":"Feature","properties":{"id_case":"case_0983","registry_id_case":"case_0983"},"geometry":{"type":"Polygon","coordinates":[[[2071,-1305],[2077,-1305],[2077,-1307],[2086,-1318],[2096,-1325],[2110,-1326],[2117,-1331],[2117,-1334],[2096,-1361],[2079,-1354],[2079,-1344],[2077,-1340],[2048,-1337],[2048,-1332],[2035,-1324],[2037,-1309],[2060,-1310],[2071,-1306],[2071,-1305]]]}},{"type":"Feature","properties":{"id_case":"case_0984","registry_id_case":"case_0984"},"geometry":{"type":"Polygon","coordinates":[[[1903,-1323],[1910,-1324],[1925,-1334],[1943,-1336],[1942,-1339],[1929,-1355],[1895,-1358],[1877,-1330],[1883,-1330],[1903,-1324],[1903,-1323]]]}},{"type":"Feature","properties":{"id_case":"case_0985","registry_id_case":"case_0985"},"geometry":{"type":"Polygon","coordinates":[[[1801,-1309],[1805,-1309],[1807,-1311],[1813,-1324],[1811,-1324],[1808,-1327],[1808,-1329],[1800,-1339],[1791,-1342],[1767,-1360],[1762,-1342],[1778,-1332],[1783,-1327],[1785,-1317],[1789,-1313],[1801,-1310],[1801,-1309]]]}},{"type":"Feature","properties":{"id_case":"case_0986","registry_id_case":"case_0986"},"geometry":{"type":"Polygon","coordinates":[[[1656,-1321],[1660,-1321],[1671,-1329],[1674,-1337],[1671,-1340],[1644,-1347],[1644,-1350],[1647,-1351],[1648,-1355],[1633,-1355],[1615,-1358],[1613,-1357],[1614,-1339],[1617,-1336],[1619,-1336],[1636,-1322],[1646,-1325],[1656,-1322],[1656,-1321]]]}},{"type":"Feature","properties":{"id_case":"case_0987","registry_id_case":"case_0987"},"geometry":{"type":"Polygon","coordinates":[[[3070,-1305],[3075,-1310],[3076,-1314],[3080,-1314],[3080,-1317],[3083,-1318],[3083,-1320],[3087,-1324],[3087,-1331],[3090,-1342],[3094,-1343],[3095,-1346],[3098,-1346],[3100,-1348],[3100,-1352],[3098,-1355],[3067,-1354],[3060,-1368],[3058,-1368],[3041,-1351],[3035,-1334],[3047,-1329],[3049,-1319],[3053,-1312],[3070,-1306],[3070,-1305]]]}},{"type":"Feature","properties":{"id_case":"case_0988","registry_id_case":"case_0988"},"geometry":{"type":"Polygon","coordinates":[[[2010,-1307],[2018,-1307],[2023,-1319],[2046,-1332],[2046,-1338],[2030,-1344],[2027,-1354],[2029,-1360],[2026,-1367],[2019,-1366],[2015,-1363],[2014,-1360],[2002,-1356],[1995,-1351],[1979,-1346],[1973,-1342],[1981,-1337],[1980,-1326],[1989,-1310],[2010,-1308],[2010,-1307]]]}},{"type":"Feature","properties":{"id_case":"case_0989","registry_id_case":"case_0989"},"geometry":{"type":"Polygon","coordinates":[[[2658,-1300],[2660,-1300],[2673,-1313],[2674,-1317],[2683,-1331],[2684,-1340],[2683,-1357],[2656,-1372],[2644,-1360],[2611,-1348],[2609,-1347],[2609,-1344],[2615,-1334],[2616,-1329],[2610,-1319],[2613,-1316],[2615,-1316],[2622,-1310],[2627,-1309],[2644,-1312],[2658,-1301],[2658,-1300]]]}},{"type":"Feature","properties":{"id_case":"case_0990","registry_id_case":"case_0990"},"geometry":{"type":"Polygon","coordinates":[[[1581,-1327],[1586,-1332],[1607,-1333],[1610,-1336],[1612,-1343],[1611,-1357],[1587,-1352],[1577,-1359],[1573,-1368],[1571,-1368],[1569,-1363],[1557,-1358],[1553,-1345],[1576,-1340],[1576,-1337],[1581,-1328],[1581,-1327]]]}},{"type":"Feature","properties":{"id_case":"case_0991","registry_id_case":"case_0991"},"geometry":{"type":"Polygon","coordinates":[[[1307,-1331],[1324,-1332],[1331,-1338],[1334,-1346],[1341,-1351],[1341,-1358],[1329,-1371],[1303,-1370],[1296,-1368],[1281,-1367],[1268,-1371],[1259,-1369],[1258,-1359],[1264,-1350],[1294,-1343],[1303,-1336],[1304,-1332],[1307,-1332],[1307,-1331]]]}},{"type":"Feature","properties":{"id_case":"case_0992","registry_id_case":"case_0992"},"geometry":{"type":"Polygon","coordinates":[[[885,-1315],[886,-1317],[884,-1327],[886,-1331],[868,-1338],[862,-1347],[845,-1350],[839,-1355],[831,-1358],[822,-1366],[818,-1367],[802,-1366],[796,-1369],[791,-1364],[792,-1361],[798,-1358],[793,-1355],[793,-1353],[802,-1353],[810,-1348],[823,-1344],[839,-1322],[845,-1320],[841,-1329],[840,-1336],[849,-1337],[879,-1323],[885,-1316],[885,-1315]]]}},{"type":"Feature","properties":{"id_case":"case_0993","registry_id_case":"case_0993"},"geometry":{"type":"Polygon","coordinates":[[[1348,-1327],[1369,-1333],[1381,-1327],[1383,-1343],[1381,-1356],[1378,-1359],[1359,-1367],[1345,-1371],[1333,-1372],[1332,-1371],[1335,-1368],[1335,-1366],[1343,-1358],[1344,-1353],[1343,-1350],[1337,-1346],[1333,-1337],[1348,-1328],[1348,-1327]]]}},{"type":"Feature","properties":{"id_case":"case_0994","registry_id_case":"case_0994"},"geometry":{"type":"Polygon","coordinates":[[[1485,-1326],[1499,-1330],[1500,-1333],[1492,-1349],[1492,-1359],[1490,-1361],[1487,-1371],[1489,-1377],[1478,-1379],[1477,-1366],[1471,-1350],[1470,-1341],[1477,-1334],[1478,-1328],[1485,-1327],[1485,-1326]]]}},{"type":"Feature","properties":{"id_case":"case_0995","registry_id_case":"case_0995"},"geometry":{"type":"Polygon","coordinates":[[[1240,-1303],[1248,-1303],[1252,-1307],[1252,-1313],[1247,-1322],[1241,-1325],[1235,-1338],[1232,-1341],[1224,-1342],[1215,-1350],[1211,-1373],[1209,-1376],[1205,-1376],[1199,-1356],[1198,-1347],[1200,-1343],[1206,-1340],[1206,-1336],[1212,-1327],[1210,-1325],[1201,-1326],[1199,-1324],[1199,-1319],[1209,-1317],[1218,-1321],[1222,-1319],[1222,-1314],[1220,-1314],[1220,-1312],[1222,-1312],[1228,-1307],[1240,-1304],[1240,-1303]]]}},{"type":"Feature","properties":{"id_case":"case_0996","registry_id_case":"case_0996"},"geometry":{"type":"Polygon","coordinates":[[[2600,-1309],[2602,-1309],[2614,-1332],[2606,-1347],[2593,-1360],[2592,-1363],[2596,-1371],[2567,-1375],[2546,-1359],[2547,-1343],[2549,-1334],[2551,-1332],[2556,-1331],[2566,-1323],[2572,-1322],[2579,-1325],[2585,-1323],[2590,-1320],[2600,-1310],[2600,-1309]]]}},{"type":"Feature","properties":{"id_case":"case_0997","registry_id_case":"case_0997"},"geometry":{"type":"Polygon","coordinates":[[[1533,-1340],[1543,-1340],[1550,-1344],[1550,-1349],[1555,-1359],[1568,-1365],[1570,-1370],[1550,-1370],[1540,-1376],[1535,-1371],[1532,-1362],[1530,-1350],[1531,-1345],[1533,-1343],[1533,-1340]]]}},{"type":"Feature","properties":{"id_case":"case_0998","registry_id_case":"case_0998"},"geometry":{"type":"Polygon","coordinates":[[[1454,-1340],[1468,-1341],[1467,-1348],[1470,-1354],[1461,-1356],[1457,-1359],[1457,-1361],[1454,-1364],[1444,-1366],[1436,-1371],[1428,-1372],[1424,-1375],[1418,-1375],[1414,-1367],[1417,-1358],[1433,-1353],[1435,-1347],[1443,-1347],[1447,-1349],[1454,-1341],[1454,-1340]]]}},{"type":"Feature","properties":{"id_case":"case_0999","registry_id_case":"case_0999"},"geometry":{"type":"Polygon","coordinates":[[[2994,-1316],[3005,-1316],[3018,-1329],[3029,-1330],[3031,-1332],[3036,-1348],[3057,-1370],[3020,-1376],[3013,-1370],[3004,-1370],[3002,-1368],[3002,-1361],[2996,-1354],[2994,-1354],[2994,-1350],[2992,-1350],[2982,-1343],[2985,-1334],[2979,-1327],[2985,-1325],[2994,-1317],[2994,-1316]]]}},{"type":"Feature","properties":{"id_case":"case_1000","registry_id_case":"case_1000"},"geometry":{"type":"Polygon","coordinates":[[[2159,-1315],[2161,-1315],[2169,-1329],[2183,-1334],[2204,-1321],[2216,-1320],[2223,-1323],[2219,-1330],[2218,-1340],[2234,-1345],[2235,-1362],[2215,-1369],[2207,-1381],[2185,-1377],[2175,-1379],[2165,-1372],[2167,-1364],[2155,-1352],[2152,-1335],[2142,-1320],[2143,-1318],[2159,-1316],[2159,-1315]]]}},{"type":"Feature","properties":{"id_case":"case_1001","registry_id_case":"case_1001"},"geometry":{"type":"Polygon","coordinates":[[[2547,-1315],[2549,-1315],[2547,-1321],[2547,-1337],[2544,-1360],[2524,-1381],[2512,-1379],[2497,-1373],[2501,-1357],[2502,-1334],[2512,-1331],[2514,-1333],[2520,-1334],[2533,-1328],[2537,-1321],[2547,-1316],[2547,-1315]]]}},{"type":"Feature","properties":{"id_case":"case_1002","registry_id_case":"case_1002"},"geometry":{"type":"Polygon","coordinates":[[[1249,-1321],[1259,-1331],[1265,-1343],[1263,-1345],[1245,-1350],[1242,-1353],[1236,-1367],[1226,-1363],[1222,-1364],[1221,-1374],[1217,-1379],[1214,-1380],[1212,-1378],[1212,-1374],[1217,-1351],[1223,-1345],[1233,-1343],[1237,-1339],[1240,-1330],[1249,-1323],[1249,-1321]]]}},{"type":"Feature","properties":{"id_case":"case_1003","registry_id_case":"case_1003"},"geometry":{"type":"Polygon","coordinates":[[[2777,-1300],[2790,-1300],[2805,-1309],[2822,-1313],[2829,-1352],[2824,-1353],[2817,-1358],[2818,-1367],[2814,-1372],[2806,-1369],[2802,-1370],[2795,-1373],[2788,-1380],[2777,-1383],[2766,-1379],[2760,-1359],[2755,-1349],[2736,-1346],[2737,-1332],[2755,-1314],[2757,-1314],[2770,-1303],[2777,-1301],[2777,-1300]]]}},{"type":"Feature","properties":{"id_case":"case_1004","registry_id_case":"case_1004"},"geometry":{"type":"Polygon","coordinates":[[[2952,-1312],[2964,-1313],[2970,-1316],[2976,-1328],[2981,-1333],[2982,-1338],[2980,-1341],[2959,-1344],[2957,-1354],[2953,-1361],[2962,-1376],[2944,-1382],[2940,-1381],[2935,-1365],[2935,-1351],[2930,-1343],[2927,-1327],[2930,-1320],[2934,-1316],[2948,-1315],[2952,-1313],[2952,-1312]]]}},{"type":"Feature","properties":{"id_case":"case_1005","registry_id_case":"case_1005"},"geometry":{"type":"Polygon","coordinates":[[[2479,-1330],[2496,-1335],[2500,-1334],[2500,-1356],[2495,-1372],[2480,-1371],[2472,-1379],[2472,-1381],[2465,-1389],[2448,-1389],[2437,-1382],[2433,-1359],[2439,-1357],[2449,-1361],[2454,-1354],[2455,-1343],[2458,-1336],[2472,-1337],[2479,-1331],[2479,-1330]]]}},{"type":"Feature","properties":{"id_case":"case_1006","registry_id_case":"case_1006"},"geometry":{"type":"Polygon","coordinates":[[[1590,-1357],[1628,-1363],[1631,-1380],[1613,-1378],[1601,-1385],[1592,-1371],[1584,-1367],[1582,-1362],[1590,-1358],[1590,-1357]]]}},{"type":"Feature","properties":{"id_case":"case_1007","registry_id_case":"case_1007"},"geometry":{"type":"Polygon","coordinates":[[[2224,-1324],[2259,-1331],[2266,-1328],[2271,-1351],[2283,-1352],[2283,-1355],[2274,-1374],[2265,-1384],[2250,-1378],[2230,-1367],[2230,-1365],[2237,-1363],[2237,-1351],[2236,-1345],[2234,-1343],[2220,-1339],[2220,-1330],[2224,-1326],[2224,-1324]]]}},{"type":"Feature","properties":{"id_case":"case_1008","registry_id_case":"case_1008"},"geometry":{"type":"Polygon","coordinates":[[[1503,-1330],[1506,-1330],[1507,-1338],[1509,-1340],[1531,-1340],[1528,-1360],[1533,-1372],[1539,-1378],[1511,-1384],[1491,-1378],[1489,-1368],[1494,-1357],[1493,-1349],[1503,-1331],[1503,-1330]]]}},{"type":"Feature","properties":{"id_case":"case_1009","registry_id_case":"case_1009"},"geometry":{"type":"Polygon","coordinates":[[[1759,-1345],[1764,-1360],[1768,-1362],[1766,-1367],[1757,-1370],[1744,-1381],[1728,-1385],[1729,-1378],[1733,-1376],[1735,-1365],[1743,-1359],[1744,-1353],[1759,-1346],[1759,-1345]]]}},{"type":"Feature","properties":{"id_case":"case_1010","registry_id_case":"case_1010"},"geometry":{"type":"Polygon","coordinates":[[[1945,-1338],[1955,-1338],[1984,-1353],[1982,-1363],[1974,-1366],[1974,-1368],[1980,-1375],[1982,-1384],[1977,-1391],[1948,-1380],[1936,-1372],[1935,-1363],[1930,-1356],[1941,-1342],[1945,-1339],[1945,-1338]]]}},{"type":"Feature","properties":{"id_case":"case_1011","registry_id_case":"case_1011"},"geometry":{"type":"Polygon","coordinates":[[[2977,-1343],[2980,-1343],[2987,-1347],[2992,-1352],[2992,-1355],[2994,-1355],[2999,-1360],[3000,-1369],[3005,-1372],[3007,-1381],[3004,-1387],[2996,-1388],[2994,-1394],[2987,-1397],[2972,-1383],[2969,-1376],[2963,-1375],[2961,-1369],[2955,-1360],[2962,-1345],[2977,-1344],[2977,-1343]]]}},{"type":"Feature","properties":{"id_case":"case_1012","registry_id_case":"case_1012"},"geometry":{"type":"Polygon","coordinates":[[[1872,-1331],[1876,-1332],[1879,-1340],[1893,-1361],[1879,-1387],[1869,-1392],[1864,-1379],[1853,-1371],[1854,-1366],[1851,-1353],[1855,-1345],[1860,-1340],[1866,-1340],[1869,-1337],[1869,-1334],[1872,-1332],[1872,-1331]]]}},{"type":"Feature","properties":{"id_case":"case_1013","registry_id_case":"case_1013"},"geometry":{"type":"Polygon","coordinates":[[[1392,-1359],[1415,-1359],[1412,-1369],[1417,-1378],[1412,-1384],[1399,-1383],[1396,-1389],[1390,-1392],[1382,-1393],[1369,-1380],[1369,-1378],[1366,-1375],[1364,-1375],[1364,-1373],[1392,-1360],[1392,-1359]]]}},{"type":"Feature","properties":{"id_case":"case_1014","registry_id_case":"case_1014"},"geometry":{"type":"Polygon","coordinates":[[[1819,-1322],[1824,-1324],[1825,-1330],[1830,-1332],[1829,-1338],[1826,-1343],[1824,-1343],[1810,-1353],[1811,-1359],[1814,-1363],[1812,-1369],[1804,-1381],[1799,-1382],[1797,-1386],[1786,-1391],[1782,-1387],[1782,-1377],[1775,-1374],[1774,-1358],[1792,-1345],[1801,-1341],[1811,-1327],[1819,-1323],[1819,-1322]]]}},{"type":"Feature","properties":{"id_case":"case_1015","registry_id_case":"case_1015"},"geometry":{"type":"Polygon","coordinates":[[[1704,-1365],[1712,-1365],[1724,-1369],[1729,-1368],[1729,-1372],[1726,-1375],[1724,-1382],[1720,-1388],[1705,-1394],[1683,-1395],[1675,-1397],[1672,-1390],[1671,-1382],[1673,-1371],[1676,-1368],[1704,-1366],[1704,-1365]]]}},{"type":"Feature","properties":{"id_case":"case_1016","registry_id_case":"case_1016"},"geometry":{"type":"Polygon","coordinates":[[[1634,-1360],[1650,-1360],[1653,-1363],[1653,-1366],[1658,-1371],[1670,-1372],[1668,-1390],[1673,-1397],[1656,-1399],[1651,-1390],[1638,-1388],[1634,-1381],[1630,-1362],[1634,-1361],[1634,-1360]]]}},{"type":"Feature","properties":{"id_case":"case_1017","registry_id_case":"case_1017"},"geometry":{"type":"Polygon","coordinates":[[[2047,-1339],[2076,-1342],[2077,-1355],[2095,-1363],[2104,-1371],[2093,-1374],[2085,-1381],[2085,-1385],[2081,-1390],[2080,-1398],[2070,-1399],[2070,-1397],[2068,-1397],[2065,-1394],[2064,-1389],[2059,-1384],[2054,-1384],[2051,-1381],[2051,-1379],[2040,-1376],[2028,-1368],[2031,-1358],[2029,-1349],[2031,-1346],[2040,-1344],[2047,-1340],[2047,-1339]]]}},{"type":"Feature","properties":{"id_case":"case_1018","registry_id_case":"case_1018"},"geometry":{"type":"Polygon","coordinates":[[[1580,-1366],[1582,-1366],[1583,-1370],[1589,-1372],[1593,-1376],[1593,-1378],[1599,-1386],[1591,-1387],[1589,-1398],[1573,-1395],[1566,-1390],[1553,-1388],[1549,-1386],[1545,-1380],[1554,-1375],[1573,-1375],[1580,-1368],[1580,-1366]]]}},{"type":"Feature","properties":{"id_case":"case_1019","registry_id_case":"case_1019"},"geometry":{"type":"Polygon","coordinates":[[[3068,-1356],[3098,-1357],[3098,-1362],[3094,-1375],[3083,-1381],[3082,-1388],[3091,-1390],[3091,-1397],[3085,-1400],[3085,-1402],[3082,-1405],[3066,-1401],[3043,-1404],[3035,-1402],[3032,-1384],[3034,-1377],[3036,-1375],[3060,-1372],[3061,-1368],[3068,-1357],[3068,-1356]]]}},{"type":"Feature","properties":{"id_case":"case_1020","registry_id_case":"case_1020"},"geometry":{"type":"Polygon","coordinates":[[[1924,-1357],[1929,-1357],[1934,-1372],[1915,-1393],[1900,-1392],[1886,-1400],[1881,-1386],[1895,-1360],[1924,-1358],[1924,-1357]]]}},{"type":"Feature","properties":{"id_case":"case_1021","registry_id_case":"case_1021"},"geometry":{"type":"Polygon","coordinates":[[[1986,-1354],[1993,-1355],[1998,-1359],[2010,-1364],[2014,-1368],[2032,-1375],[2034,-1379],[2047,-1383],[2047,-1385],[2034,-1392],[2028,-1398],[2019,-1399],[1997,-1397],[1981,-1393],[1979,-1392],[1985,-1381],[1982,-1372],[1977,-1367],[1984,-1364],[1986,-1357],[1986,-1354]]]}},{"type":"Feature","properties":{"id_case":"case_1022","registry_id_case":"case_1022"},"geometry":{"type":"Polygon","coordinates":[[[2921,-1330],[2925,-1330],[2927,-1343],[2932,-1351],[2932,-1365],[2938,-1383],[2924,-1404],[2922,-1404],[2919,-1401],[2919,-1399],[2913,-1391],[2916,-1385],[2897,-1380],[2892,-1362],[2881,-1344],[2894,-1341],[2902,-1345],[2909,-1342],[2913,-1335],[2917,-1335],[2921,-1331],[2921,-1330]]]}},{"type":"Feature","properties":{"id_case":"case_1023","registry_id_case":"case_1023"},"geometry":{"type":"Polygon","coordinates":[[[2348,-1345],[2351,-1346],[2357,-1352],[2372,-1357],[2381,-1358],[2389,-1356],[2385,-1395],[2381,-1394],[2374,-1387],[2371,-1386],[2356,-1396],[2343,-1400],[2332,-1396],[2337,-1381],[2338,-1362],[2343,-1352],[2348,-1347],[2348,-1345]]]}},{"type":"Feature","properties":{"id_case":"case_1024","registry_id_case":"case_1024"},"geometry":{"type":"Polygon","coordinates":[[[1614,-1380],[1631,-1382],[1637,-1390],[1650,-1392],[1653,-1400],[1630,-1402],[1619,-1405],[1591,-1399],[1593,-1389],[1602,-1388],[1614,-1381],[1614,-1380]]]}},{"type":"Feature","properties":{"id_case":"case_1025","registry_id_case":"case_1025"},"geometry":{"type":"Polygon","coordinates":[[[2686,-1333],[2721,-1340],[2734,-1347],[2754,-1351],[2764,-1380],[2766,-1382],[2776,-1384],[2776,-1386],[2757,-1389],[2747,-1394],[2736,-1396],[2732,-1398],[2731,-1403],[2728,-1403],[2723,-1407],[2712,-1390],[2709,-1377],[2698,-1371],[2685,-1358],[2686,-1344],[2686,-1333]]]}},{"type":"Feature","properties":{"id_case":"case_1026","registry_id_case":"case_1026"},"geometry":{"type":"Polygon","coordinates":[[[1173,-1345],[1194,-1351],[1203,-1378],[1210,-1378],[1214,-1381],[1214,-1393],[1210,-1406],[1207,-1409],[1201,-1407],[1200,-1402],[1192,-1386],[1178,-1384],[1177,-1375],[1168,-1360],[1166,-1354],[1171,-1346],[1173,-1346],[1173,-1345]]]}},{"type":"Feature","properties":{"id_case":"case_1027","registry_id_case":"case_1027"},"geometry":{"type":"Polygon","coordinates":[[[2607,-1348],[2641,-1360],[2655,-1373],[2650,-1390],[2637,-1405],[2623,-1407],[2607,-1404],[2601,-1390],[2599,-1370],[2594,-1361],[2607,-1349],[2607,-1348]]]}},{"type":"Feature","properties":{"id_case":"case_1028","registry_id_case":"case_1028"},"geometry":{"type":"Polygon","coordinates":[[[2140,-1323],[2142,-1323],[2142,-1325],[2148,-1333],[2152,-1353],[2132,-1382],[2131,-1385],[2133,-1395],[2130,-1401],[2121,-1403],[2117,-1406],[2115,-1404],[2113,-1382],[2108,-1372],[2097,-1363],[2102,-1358],[2108,-1346],[2119,-1333],[2132,-1336],[2140,-1324],[2140,-1323]]]}},{"type":"Feature","properties":{"id_case":"case_1029","registry_id_case":"case_1029"},"geometry":{"type":"Polygon","coordinates":[[[1284,-1373],[1328,-1376],[1330,-1380],[1313,-1387],[1292,-1408],[1289,-1390],[1285,-1381],[1282,-1378],[1278,-1377],[1278,-1375],[1284,-1374],[1284,-1373]]]}},{"type":"Feature","properties":{"id_case":"case_1030","registry_id_case":"case_1030"},"geometry":{"type":"Polygon","coordinates":[[[1771,-1361],[1773,-1375],[1775,-1377],[1780,-1378],[1779,-1385],[1784,-1393],[1782,-1395],[1775,-1398],[1771,-1397],[1765,-1400],[1762,-1403],[1762,-1405],[1753,-1407],[1749,-1410],[1745,-1403],[1738,-1400],[1727,-1398],[1725,-1396],[1725,-1388],[1747,-1383],[1758,-1373],[1766,-1370],[1769,-1364],[1771,-1363],[1771,-1361]]]}},{"type":"Feature","properties":{"id_case":"case_1031","registry_id_case":"case_1031"},"geometry":{"type":"Polygon","coordinates":[[[1850,-1372],[1854,-1373],[1862,-1380],[1867,-1394],[1855,-1406],[1841,-1413],[1826,-1408],[1813,-1409],[1809,-1393],[1812,-1390],[1821,-1388],[1850,-1373],[1850,-1372]]]}},{"type":"Feature","properties":{"id_case":"case_1032","registry_id_case":"case_1032"},"geometry":{"type":"Polygon","coordinates":[[[2828,-1354],[2831,-1354],[2835,-1361],[2841,-1382],[2835,-1388],[2833,-1395],[2823,-1397],[2821,-1399],[2821,-1404],[2782,-1409],[2768,-1402],[2778,-1385],[2787,-1384],[2796,-1376],[2808,-1371],[2815,-1374],[2818,-1371],[2820,-1359],[2823,-1356],[2828,-1355],[2828,-1354]]]}},{"type":"Feature","properties":{"id_case":"case_1033","registry_id_case":"case_1033"},"geometry":{"type":"Polygon","coordinates":[[[2301,-1341],[2321,-1347],[2324,-1356],[2333,-1358],[2333,-1372],[2331,-1384],[2325,-1396],[2319,-1406],[2316,-1403],[2300,-1396],[2293,-1398],[2288,-1409],[2264,-1409],[2269,-1392],[2267,-1383],[2276,-1373],[2285,-1353],[2301,-1342],[2301,-1341]]]}},{"type":"Feature","properties":{"id_case":"case_1034","registry_id_case":"case_1034"},"geometry":{"type":"Polygon","coordinates":[[[1825,-1345],[1827,-1345],[1830,-1352],[1849,-1356],[1852,-1368],[1851,-1370],[1842,-1373],[1838,-1377],[1833,-1378],[1826,-1381],[1823,-1384],[1810,-1389],[1802,-1396],[1788,-1402],[1785,-1410],[1776,-1411],[1775,-1408],[1777,-1399],[1798,-1388],[1800,-1384],[1804,-1384],[1806,-1382],[1816,-1361],[1812,-1354],[1825,-1346],[1825,-1345]]]}},{"type":"Feature","properties":{"id_case":"case_1035","registry_id_case":"case_1035"},"geometry":{"type":"Polygon","coordinates":[[[2406,-1348],[2410,-1348],[2418,-1353],[2431,-1358],[2435,-1383],[2437,-1383],[2447,-1390],[2447,-1414],[2418,-1417],[2399,-1403],[2388,-1392],[2388,-1372],[2391,-1355],[2399,-1354],[2406,-1349],[2406,-1348]]]}},{"type":"Feature","properties":{"id_case":"case_1036","registry_id_case":"case_1036"},"geometry":{"type":"Polygon","coordinates":[[[1935,-1373],[1938,-1376],[1950,-1382],[1974,-1392],[1991,-1397],[1991,-1401],[1986,-1407],[1979,-1405],[1960,-1418],[1943,-1412],[1940,-1410],[1934,-1396],[1924,-1385],[1935,-1374],[1935,-1373]]]}},{"type":"Feature","properties":{"id_case":"case_1037","registry_id_case":"case_1037"},"geometry":{"type":"Polygon","coordinates":[[[1489,-1383],[1500,-1385],[1517,-1391],[1525,-1397],[1527,-1404],[1530,-1407],[1540,-1408],[1545,-1413],[1559,-1417],[1562,-1420],[1555,-1421],[1547,-1419],[1522,-1421],[1499,-1413],[1498,-1401],[1496,-1397],[1488,-1389],[1487,-1386],[1489,-1384],[1489,-1383]]]}},{"type":"Feature","properties":{"id_case":"case_1038","registry_id_case":"case_1038"},"geometry":{"type":"Polygon","coordinates":[[[1470,-1357],[1472,-1357],[1474,-1366],[1476,-1380],[1475,-1384],[1477,-1392],[1476,-1394],[1480,-1396],[1485,-1407],[1483,-1415],[1486,-1416],[1485,-1419],[1470,-1413],[1457,-1413],[1444,-1408],[1441,-1397],[1446,-1392],[1447,-1386],[1444,-1372],[1456,-1369],[1462,-1364],[1463,-1361],[1470,-1358],[1470,-1357]]]}},{"type":"Feature","properties":{"id_case":"case_1039","registry_id_case":"case_1039"},"geometry":{"type":"Polygon","coordinates":[[[2876,-1345],[2880,-1346],[2887,-1359],[2894,-1379],[2882,-1380],[2879,-1386],[2863,-1390],[2863,-1397],[2854,-1401],[2844,-1411],[2843,-1414],[2841,-1414],[2833,-1408],[2823,-1405],[2823,-1400],[2834,-1397],[2836,-1389],[2842,-1383],[2843,-1379],[2838,-1362],[2850,-1359],[2861,-1364],[2862,-1357],[2866,-1356],[2867,-1353],[2870,-1352],[2870,-1349],[2875,-1349],[2876,-1347],[2876,-1345]]]}},{"type":"Feature","properties":{"id_case":"case_1040","registry_id_case":"case_1040"},"geometry":{"type":"Polygon","coordinates":[[[2682,-1360],[2685,-1360],[2696,-1371],[2708,-1380],[2709,-1391],[2721,-1410],[2717,-1414],[2711,-1415],[2697,-1412],[2690,-1413],[2663,-1411],[2639,-1406],[2651,-1391],[2657,-1375],[2661,-1374],[2682,-1361],[2682,-1360]]]}},{"type":"Feature","properties":{"id_case":"case_1041","registry_id_case":"case_1041"},"geometry":{"type":"Polygon","coordinates":[[[2545,-1361],[2567,-1376],[2574,-1377],[2597,-1373],[2598,-1390],[2606,-1407],[2582,-1412],[2549,-1412],[2522,-1416],[2524,-1407],[2535,-1391],[2533,-1391],[2525,-1383],[2525,-1381],[2545,-1362],[2545,-1361]]]}},{"type":"Feature","properties":{"id_case":"case_1042","registry_id_case":"case_1042"},"geometry":{"type":"Polygon","coordinates":[[[1540,-1382],[1544,-1382],[1547,-1387],[1552,-1389],[1565,-1391],[1571,-1396],[1618,-1407],[1618,-1423],[1602,-1422],[1595,-1420],[1580,-1422],[1567,-1421],[1563,-1419],[1561,-1415],[1551,-1414],[1540,-1407],[1531,-1405],[1529,-1403],[1527,-1396],[1518,-1390],[1528,-1388],[1540,-1383],[1540,-1382]]]}},{"type":"Feature","properties":{"id_case":"case_1043","registry_id_case":"case_1043"},"geometry":{"type":"Polygon","coordinates":[[[2047,-1386],[2057,-1389],[2060,-1392],[2061,-1398],[2067,-1402],[2070,-1409],[2081,-1415],[2079,-1422],[2047,-1426],[2042,-1425],[2030,-1399],[2035,-1394],[2037,-1394],[2047,-1387],[2047,-1386]]]}},{"type":"Feature","properties":{"id_case":"case_1044","registry_id_case":"case_1044"},"geometry":{"type":"Polygon","coordinates":[[[1718,-1391],[1720,-1391],[1720,-1397],[1724,-1402],[1737,-1404],[1744,-1410],[1724,-1415],[1718,-1414],[1711,-1416],[1702,-1414],[1691,-1416],[1679,-1414],[1664,-1414],[1661,-1416],[1637,-1419],[1633,-1421],[1620,-1423],[1621,-1406],[1683,-1398],[1706,-1397],[1718,-1392],[1718,-1391]]]}},{"type":"Feature","properties":{"id_case":"case_1045","registry_id_case":"case_1045"},"geometry":{"type":"Polygon","coordinates":[[[1922,-1387],[1930,-1395],[1937,-1409],[1938,-1412],[1933,-1417],[1929,-1419],[1922,-1417],[1889,-1424],[1883,-1419],[1882,-1412],[1887,-1402],[1901,-1395],[1915,-1395],[1922,-1388],[1922,-1387]]]}},{"type":"Feature","properties":{"id_case":"case_1046","registry_id_case":"case_1046"},"geometry":{"type":"Polygon","coordinates":[[[1352,-1378],[1357,-1378],[1362,-1381],[1379,-1398],[1379,-1407],[1375,-1421],[1339,-1421],[1335,-1413],[1340,-1401],[1329,-1389],[1328,-1386],[1352,-1379],[1352,-1378]]]}},{"type":"Feature","properties":{"id_case":"case_1047","registry_id_case":"case_1047"},"geometry":{"type":"Polygon","coordinates":[[[1248,-1392],[1252,-1393],[1255,-1402],[1247,-1425],[1226,-1429],[1224,-1428],[1224,-1415],[1226,-1412],[1231,-1411],[1237,-1407],[1242,-1397],[1246,-1393],[1248,-1393],[1248,-1392]]]}},{"type":"Feature","properties":{"id_case":"case_1048","registry_id_case":"case_1048"},"geometry":{"type":"Polygon","coordinates":[[[2885,-1381],[2903,-1382],[2913,-1386],[2911,-1394],[2920,-1405],[2921,-1409],[2915,-1421],[2908,-1421],[2903,-1425],[2882,-1413],[2872,-1420],[2854,-1422],[2844,-1417],[2846,-1412],[2855,-1403],[2865,-1398],[2865,-1391],[2881,-1388],[2883,-1382],[2885,-1382],[2885,-1381]]]}},{"type":"Feature","properties":{"id_case":"case_1049","registry_id_case":"case_1049"},"geometry":{"type":"Polygon","coordinates":[[[1478,-1381],[1486,-1382],[1485,-1390],[1493,-1398],[1496,-1405],[1497,-1414],[1524,-1423],[1522,-1428],[1495,-1429],[1487,-1425],[1486,-1420],[1489,-1417],[1486,-1408],[1487,-1404],[1482,-1395],[1479,-1394],[1478,-1384],[1478,-1381]]]}},{"type":"Feature","properties":{"id_case":"case_1050","registry_id_case":"case_1050"},"geometry":{"type":"Polygon","coordinates":[[[2480,-1374],[2496,-1374],[2507,-1379],[2523,-1383],[2533,-1392],[2524,-1405],[2520,-1416],[2513,-1417],[2505,-1421],[2503,-1428],[2495,-1430],[2485,-1424],[2464,-1424],[2449,-1414],[2449,-1391],[2465,-1392],[2473,-1381],[2480,-1375],[2480,-1374]]]}},{"type":"Feature","properties":{"id_case":"case_1051","registry_id_case":"case_1051"},"geometry":{"type":"Polygon","coordinates":[[[2153,-1353],[2163,-1364],[2163,-1373],[2165,-1373],[2173,-1379],[2178,-1381],[2195,-1379],[2204,-1382],[2203,-1385],[2201,-1385],[2191,-1393],[2188,-1402],[2187,-1407],[2197,-1422],[2193,-1432],[2158,-1430],[2151,-1410],[2131,-1402],[2133,-1400],[2135,-1391],[2133,-1382],[2153,-1355],[2153,-1353]]]}},{"type":"Feature","properties":{"id_case":"case_1052","registry_id_case":"case_1052"},"geometry":{"type":"Polygon","coordinates":[[[3010,-1371],[3014,-1372],[3019,-1377],[3025,-1378],[3033,-1376],[3030,-1390],[3033,-1403],[3031,-1413],[3020,-1430],[3018,-1432],[3013,-1431],[3004,-1435],[2987,-1426],[2987,-1418],[2982,-1413],[2978,-1412],[2978,-1406],[2980,-1402],[2995,-1396],[2997,-1390],[3003,-1390],[3007,-1387],[3009,-1380],[3007,-1372],[3010,-1372],[3010,-1371]]]}},{"type":"Feature","properties":{"id_case":"case_1053","registry_id_case":"case_1053"},"geometry":{"type":"Polygon","coordinates":[[[2631,-1407],[2638,-1407],[2646,-1410],[2661,-1412],[2687,-1413],[2699,-1415],[2702,-1414],[2713,-1417],[2714,-1422],[2710,-1427],[2701,-1429],[2699,-1433],[2691,-1434],[2677,-1427],[2670,-1426],[2644,-1428],[2635,-1421],[2628,-1420],[2604,-1423],[2597,-1421],[2597,-1411],[2623,-1408],[2627,-1410],[2631,-1408],[2631,-1407]]]}},{"type":"Feature","properties":{"id_case":"case_1054","registry_id_case":"case_1054"},"geometry":{"type":"Polygon","coordinates":[[[2963,-1377],[2968,-1378],[2971,-1385],[2983,-1397],[2985,-1397],[2978,-1402],[2976,-1413],[2980,-1414],[2985,-1419],[2986,-1427],[2984,-1433],[2981,-1434],[2965,-1426],[2955,-1424],[2947,-1428],[2921,-1429],[2917,-1420],[2924,-1406],[2938,-1385],[2940,-1383],[2947,-1384],[2963,-1378],[2963,-1377]]]}},{"type":"Feature","properties":{"id_case":"case_1055","registry_id_case":"case_1055"},"geometry":{"type":"Polygon","coordinates":[[[1547,-1421],[1624,-1425],[1615,-1429],[1596,-1431],[1583,-1429],[1575,-1431],[1566,-1428],[1524,-1430],[1524,-1427],[1527,-1423],[1547,-1422],[1547,-1421]]]}},{"type":"Feature","properties":{"id_case":"case_1056","registry_id_case":"case_1056"},"geometry":{"type":"Polygon","coordinates":[[[1772,-1399],[1775,-1400],[1773,-1415],[1764,-1418],[1750,-1420],[1733,-1430],[1724,-1429],[1699,-1434],[1699,-1429],[1701,-1429],[1701,-1425],[1699,-1422],[1704,-1416],[1715,-1418],[1749,-1413],[1763,-1407],[1763,-1405],[1766,-1402],[1772,-1400],[1772,-1399]]]}},{"type":"Feature","properties":{"id_case":"case_1057","registry_id_case":"case_1057"},"geometry":{"type":"Polygon","coordinates":[[[2226,-1368],[2229,-1368],[2264,-1385],[2267,-1397],[2266,-1400],[2262,-1409],[2246,-1415],[2228,-1419],[2218,-1417],[2215,-1426],[2199,-1437],[2195,-1434],[2195,-1430],[2199,-1419],[2190,-1407],[2190,-1400],[2192,-1395],[2196,-1391],[2201,-1389],[2210,-1381],[2210,-1379],[2217,-1370],[2226,-1369],[2226,-1368]]]}},{"type":"Feature","properties":{"id_case":"case_1058","registry_id_case":"case_1058"},"geometry":{"type":"Polygon","coordinates":[[[2102,-1374],[2107,-1375],[2110,-1383],[2112,-1399],[2111,-1401],[2113,-1405],[2116,-1408],[2118,-1408],[2132,-1404],[2148,-1410],[2156,-1430],[2146,-1429],[2136,-1444],[2122,-1444],[2112,-1440],[2108,-1427],[2100,-1416],[2083,-1411],[2074,-1405],[2073,-1401],[2082,-1399],[2082,-1391],[2085,-1388],[2087,-1382],[2094,-1377],[2102,-1375],[2102,-1374]]]}},{"type":"Feature","properties":{"id_case":"case_1059","registry_id_case":"case_1059"},"geometry":{"type":"Polygon","coordinates":[[[1806,-1395],[1811,-1411],[1802,-1421],[1798,-1431],[1801,-1438],[1782,-1438],[1782,-1416],[1780,-1413],[1778,-1413],[1785,-1412],[1790,-1403],[1798,-1401],[1806,-1396],[1806,-1395]]]}},{"type":"Feature","properties":{"id_case":"case_1060","registry_id_case":"case_1060"},"geometry":{"type":"Polygon","coordinates":[[[1401,-1389],[1414,-1391],[1417,-1420],[1402,-1435],[1389,-1442],[1389,-1440],[1380,-1427],[1377,-1419],[1381,-1398],[1391,-1398],[1401,-1391],[1401,-1389]]]}},{"type":"Feature","properties":{"id_case":"case_1061","registry_id_case":"case_1061"},"geometry":{"type":"Polygon","coordinates":[[[1995,-1398],[2016,-1401],[2000,-1433],[1991,-1438],[1969,-1440],[1963,-1419],[1978,-1409],[1987,-1409],[1995,-1399],[1995,-1398]]]}},{"type":"Feature","properties":{"id_case":"case_1062","registry_id_case":"case_1062"},"geometry":{"type":"Polygon","coordinates":[[[1324,-1388],[1327,-1389],[1327,-1391],[1336,-1402],[1337,-1405],[1333,-1416],[1338,-1422],[1322,-1440],[1302,-1431],[1285,-1426],[1316,-1392],[1324,-1389],[1324,-1388]]]}},{"type":"Feature","properties":{"id_case":"case_1063","registry_id_case":"case_1063"},"geometry":{"type":"Polygon","coordinates":[[[1441,-1374],[1443,-1374],[1445,-1391],[1440,-1396],[1439,-1400],[1442,-1409],[1452,-1413],[1445,-1428],[1443,-1442],[1427,-1439],[1412,-1429],[1412,-1427],[1418,-1421],[1419,-1414],[1415,-1389],[1420,-1382],[1424,-1382],[1427,-1381],[1428,-1378],[1437,-1377],[1441,-1375],[1441,-1374]]]}},{"type":"Feature","properties":{"id_case":"case_1064","registry_id_case":"case_1064"},"geometry":{"type":"Polygon","coordinates":[[[1665,-1416],[1688,-1416],[1699,-1418],[1697,-1425],[1699,-1427],[1696,-1431],[1697,-1434],[1673,-1435],[1656,-1438],[1644,-1436],[1639,-1437],[1634,-1435],[1627,-1436],[1617,-1432],[1637,-1422],[1662,-1419],[1665,-1417],[1665,-1416]]]}},{"type":"Feature","properties":{"id_case":"case_1065","registry_id_case":"case_1065"},"geometry":{"type":"Polygon","coordinates":[[[1877,-1390],[1880,-1390],[1885,-1403],[1881,-1411],[1880,-1419],[1887,-1424],[1887,-1427],[1882,-1435],[1879,-1438],[1877,-1438],[1866,-1449],[1858,-1451],[1855,-1443],[1854,-1428],[1844,-1415],[1855,-1409],[1869,-1395],[1877,-1391],[1877,-1390]]]}},{"type":"Feature","properties":{"id_case":"case_1066","registry_id_case":"case_1066"},"geometry":{"type":"Polygon","coordinates":[[[2300,-1398],[2303,-1398],[2311,-1402],[2317,-1407],[2309,-1432],[2309,-1446],[2299,-1450],[2294,-1445],[2285,-1442],[2254,-1453],[2247,-1446],[2246,-1439],[2242,-1433],[2238,-1420],[2244,-1419],[2261,-1412],[2289,-1411],[2294,-1401],[2300,-1399],[2300,-1398]]]}},{"type":"Feature","properties":{"id_case":"case_1067","registry_id_case":"case_1067"},"geometry":{"type":"Polygon","coordinates":[[[2371,-1388],[2373,-1388],[2380,-1394],[2382,-1396],[2382,-1399],[2363,-1425],[2359,-1453],[2352,-1450],[2334,-1434],[2317,-1427],[2322,-1411],[2330,-1398],[2346,-1402],[2357,-1399],[2371,-1389],[2371,-1388]]]}},{"type":"Feature","properties":{"id_case":"case_1068","registry_id_case":"case_1068"},"geometry":{"type":"Polygon","coordinates":[[[2019,-1401],[2028,-1402],[2039,-1424],[2040,-1430],[2035,-1452],[2022,-1448],[2002,-1433],[2010,-1414],[2019,-1402],[2019,-1401]]]}},{"type":"Feature","properties":{"id_case":"case_1069","registry_id_case":"case_1069"},"geometry":{"type":"Polygon","coordinates":[[[1826,-1410],[1835,-1412],[1843,-1416],[1843,-1418],[1851,-1429],[1852,-1443],[1856,-1452],[1831,-1455],[1829,-1446],[1824,-1440],[1806,-1439],[1802,-1437],[1800,-1430],[1806,-1418],[1813,-1411],[1826,-1411],[1826,-1410]]]}},{"type":"Feature","properties":{"id_case":"case_1070","registry_id_case":"case_1070"},"geometry":{"type":"Polygon","coordinates":[[[1567,-1430],[1583,-1433],[1590,-1431],[1598,-1434],[1608,-1432],[1590,-1436],[1586,-1440],[1575,-1446],[1564,-1456],[1562,-1449],[1546,-1447],[1540,-1443],[1525,-1439],[1518,-1431],[1534,-1433],[1567,-1431],[1567,-1430]]]}},{"type":"Feature","properties":{"id_case":"case_1071","registry_id_case":"case_1071"},"geometry":{"type":"Polygon","coordinates":[[[3067,-1403],[3081,-1407],[3083,-1411],[3077,-1425],[3061,-1436],[3060,-1441],[3057,-1442],[3055,-1449],[3047,-1454],[3041,-1452],[3034,-1446],[3028,-1444],[3020,-1432],[3032,-1414],[3033,-1405],[3038,-1404],[3057,-1406],[3067,-1404],[3067,-1403]]]}},{"type":"Feature","properties":{"id_case":"case_1072","registry_id_case":"case_1072"},"geometry":{"type":"Polygon","coordinates":[[[1364,-1423],[1375,-1423],[1388,-1444],[1378,-1450],[1364,-1453],[1349,-1454],[1342,-1449],[1342,-1447],[1330,-1433],[1339,-1424],[1364,-1424],[1364,-1423]]]}},{"type":"Feature","properties":{"id_case":"case_1073","registry_id_case":"case_1073"},"geometry":{"type":"Polygon","coordinates":[[[1454,-1414],[1472,-1415],[1483,-1420],[1485,-1426],[1493,-1430],[1515,-1431],[1521,-1437],[1522,-1440],[1514,-1459],[1510,-1459],[1503,-1455],[1478,-1454],[1446,-1444],[1446,-1429],[1454,-1415],[1454,-1414]]]}},{"type":"Feature","properties":{"id_case":"case_1074","registry_id_case":"case_1074"},"geometry":{"type":"Polygon","coordinates":[[[2765,-1390],[2772,-1390],[2772,-1392],[2757,-1416],[2749,-1418],[2748,-1421],[2743,-1426],[2741,-1426],[2739,-1435],[2728,-1439],[2722,-1450],[2709,-1453],[2703,-1459],[2695,-1452],[2683,-1450],[2675,-1446],[2700,-1435],[2702,-1431],[2711,-1429],[2711,-1427],[2715,-1423],[2716,-1417],[2719,-1414],[2721,-1414],[2724,-1408],[2732,-1405],[2735,-1399],[2748,-1397],[2752,-1394],[2765,-1391],[2765,-1390]]]}},{"type":"Feature","properties":{"id_case":"case_1075","registry_id_case":"case_1075"},"geometry":{"type":"Polygon","coordinates":[[[2766,-1403],[2782,-1410],[2790,-1411],[2801,-1409],[2798,-1423],[2800,-1430],[2793,-1440],[2789,-1444],[2779,-1448],[2771,-1460],[2754,-1461],[2744,-1448],[2725,-1449],[2729,-1441],[2733,-1441],[2740,-1437],[2743,-1427],[2745,-1427],[2750,-1420],[2758,-1418],[2761,-1411],[2766,-1405],[2766,-1403]]]}},{"type":"Feature","properties":{"id_case":"case_1076","registry_id_case":"case_1076"},"geometry":{"type":"Polygon","coordinates":[[[2072,-1424],[2079,-1424],[2078,-1435],[2080,-1442],[2073,-1458],[2063,-1460],[2041,-1461],[2040,-1454],[2037,-1453],[2037,-1448],[2042,-1427],[2072,-1425],[2072,-1424]]]}},{"type":"Feature","properties":{"id_case":"case_1077","registry_id_case":"case_1077"},"geometry":{"type":"Polygon","coordinates":[[[1923,-1419],[1930,-1421],[1932,-1444],[1909,-1441],[1903,-1442],[1892,-1456],[1876,-1457],[1868,-1452],[1868,-1450],[1881,-1437],[1883,-1437],[1889,-1426],[1923,-1420],[1923,-1419]]]}},{"type":"Feature","properties":{"id_case":"case_1078","registry_id_case":"case_1078"},"geometry":{"type":"Polygon","coordinates":[[[2387,-1394],[2397,-1404],[2399,-1404],[2417,-1418],[2406,-1442],[2405,-1460],[2391,-1458],[2385,-1460],[2361,-1454],[2364,-1425],[2384,-1398],[2387,-1396],[2387,-1394]]]}},{"type":"Feature","properties":{"id_case":"case_1079","registry_id_case":"case_1079"},"geometry":{"type":"Polygon","coordinates":[[[2628,-1422],[2634,-1422],[2644,-1429],[2656,-1430],[2676,-1428],[2691,-1435],[2677,-1441],[2672,-1445],[2645,-1453],[2625,-1456],[2631,-1443],[2628,-1439],[2622,-1423],[2628,-1423],[2628,-1422]]]}},{"type":"Feature","properties":{"id_case":"case_1080","registry_id_case":"case_1080"},"geometry":{"type":"Polygon","coordinates":[[[2439,-1416],[2449,-1416],[2463,-1425],[2485,-1425],[2495,-1432],[2488,-1441],[2464,-1447],[2457,-1453],[2446,-1459],[2436,-1461],[2431,-1459],[2414,-1463],[2408,-1461],[2408,-1441],[2418,-1419],[2439,-1417],[2439,-1416]]]}},{"type":"Feature","properties":{"id_case":"case_1081","registry_id_case":"case_1081"},"geometry":{"type":"Polygon","coordinates":[[[1999,-1435],[2002,-1435],[2021,-1449],[2007,-1465],[1970,-1469],[1962,-1447],[1968,-1443],[1992,-1441],[1999,-1436],[1999,-1435]]]}},{"type":"Feature","properties":{"id_case":"case_1082","registry_id_case":"case_1082"},"geometry":{"type":"Polygon","coordinates":[[[1939,-1413],[1943,-1413],[1962,-1421],[1967,-1441],[1960,-1446],[1960,-1450],[1964,-1461],[1940,-1464],[1933,-1457],[1934,-1440],[1932,-1420],[1939,-1414],[1939,-1413]]]}},{"type":"Feature","properties":{"id_case":"case_1083","registry_id_case":"case_1083"},"geometry":{"type":"Polygon","coordinates":[[[2083,-1416],[2093,-1418],[2096,-1420],[2099,-1423],[2109,-1445],[2116,-1446],[2118,-1447],[2118,-1449],[2112,-1451],[2111,-1456],[2107,-1457],[2105,-1461],[2099,-1462],[2095,-1465],[2082,-1469],[2075,-1456],[2082,-1439],[2080,-1428],[2083,-1420],[2083,-1416]]]}},{"type":"Feature","properties":{"id_case":"case_1084","registry_id_case":"case_1084"},"geometry":{"type":"Polygon","coordinates":[[[2593,-1411],[2595,-1411],[2594,-1427],[2592,-1436],[2586,-1445],[2571,-1449],[2566,-1459],[2549,-1458],[2532,-1464],[2535,-1450],[2541,-1440],[2542,-1415],[2582,-1415],[2593,-1412],[2593,-1411]]]}},{"type":"Feature","properties":{"id_case":"case_1085","registry_id_case":"case_1085"},"geometry":{"type":"Polygon","coordinates":[[[2820,-1406],[2833,-1409],[2846,-1420],[2852,-1423],[2849,-1435],[2856,-1447],[2854,-1452],[2844,-1455],[2834,-1465],[2834,-1467],[2826,-1477],[2824,-1477],[2821,-1469],[2812,-1460],[2794,-1460],[2791,-1444],[2801,-1431],[2802,-1428],[2800,-1418],[2803,-1409],[2820,-1407],[2820,-1406]]]}},{"type":"Feature","properties":{"id_case":"case_1086","registry_id_case":"case_1086"},"geometry":{"type":"Polygon","coordinates":[[[1409,-1430],[1411,-1430],[1424,-1439],[1448,-1446],[1445,-1456],[1440,-1457],[1431,-1462],[1431,-1464],[1436,-1466],[1436,-1468],[1429,-1475],[1405,-1469],[1387,-1447],[1403,-1437],[1409,-1431],[1409,-1430]]]}},{"type":"Feature","properties":{"id_case":"case_1087","registry_id_case":"case_1087"},"geometry":{"type":"Polygon","coordinates":[[[2882,-1415],[2886,-1416],[2903,-1427],[2903,-1437],[2901,-1437],[2895,-1442],[2883,-1445],[2878,-1473],[2872,-1470],[2858,-1453],[2858,-1445],[2851,-1432],[2854,-1424],[2873,-1423],[2882,-1416],[2882,-1415]]]}},{"type":"Feature","properties":{"id_case":"case_1088","registry_id_case":"case_1088"},"geometry":{"type":"Polygon","coordinates":[[[2987,-1429],[3006,-1437],[3015,-1433],[3018,-1434],[3023,-1439],[3026,-1445],[3035,-1448],[3042,-1454],[3047,-1455],[3047,-1459],[3040,-1466],[3033,-1470],[3022,-1473],[3003,-1475],[2990,-1469],[2978,-1467],[2985,-1456],[2984,-1452],[2987,-1449],[2988,-1444],[2984,-1436],[2987,-1431],[2987,-1429]]]}},{"type":"Feature","properties":{"id_case":"case_1089","registry_id_case":"case_1089"},"geometry":{"type":"Polygon","coordinates":[[[1328,-1436],[1330,-1436],[1330,-1438],[1346,-1456],[1362,-1456],[1362,-1473],[1352,-1476],[1331,-1477],[1304,-1474],[1302,-1467],[1311,-1464],[1321,-1444],[1328,-1437],[1328,-1436]]]}},{"type":"Feature","properties":{"id_case":"case_1090","registry_id_case":"case_1090"},"geometry":{"type":"Polygon","coordinates":[[[1782,-1440],[1806,-1440],[1823,-1442],[1827,-1449],[1829,-1460],[1826,-1479],[1815,-1480],[1807,-1477],[1797,-1458],[1782,-1441],[1782,-1440]]]}},{"type":"Feature","properties":{"id_case":"case_1091","registry_id_case":"case_1091"},"geometry":{"type":"Polygon","coordinates":[[[1909,-1443],[1918,-1443],[1932,-1446],[1931,-1459],[1933,-1459],[1939,-1465],[1930,-1474],[1926,-1481],[1913,-1481],[1911,-1483],[1904,-1484],[1893,-1481],[1893,-1457],[1904,-1444],[1909,-1444],[1909,-1443]]]}},{"type":"Feature","properties":{"id_case":"case_1092","registry_id_case":"case_1092"},"geometry":{"type":"Polygon","coordinates":[[[2147,-1431],[2195,-1435],[2199,-1439],[2203,-1451],[2195,-1471],[2182,-1473],[2172,-1469],[2156,-1468],[2151,-1473],[2145,-1484],[2139,-1478],[2135,-1477],[2127,-1469],[2118,-1464],[2116,-1462],[2115,-1457],[2116,-1455],[2123,-1452],[2123,-1446],[2136,-1447],[2147,-1432],[2147,-1431]]]}},{"type":"Feature","properties":{"id_case":"case_1093","registry_id_case":"case_1093"},"geometry":{"type":"Polygon","coordinates":[[[1281,-1428],[1302,-1432],[1320,-1441],[1320,-1443],[1311,-1460],[1308,-1463],[1302,-1464],[1300,-1466],[1302,-1475],[1295,-1482],[1280,-1484],[1279,-1472],[1273,-1460],[1275,-1450],[1272,-1445],[1269,-1434],[1281,-1429],[1281,-1428]]]}},{"type":"Feature","properties":{"id_case":"case_1094","registry_id_case":"case_1094"},"geometry":{"type":"Polygon","coordinates":[[[2955,-1426],[2967,-1428],[2983,-1437],[2983,-1443],[2986,-1448],[2983,-1452],[2983,-1457],[2981,-1457],[2980,-1462],[2975,-1467],[2966,-1470],[2965,-1469],[2957,-1473],[2948,-1474],[2939,-1479],[2931,-1481],[2931,-1456],[2920,-1446],[2921,-1433],[2922,-1431],[2947,-1431],[2955,-1427],[2955,-1426]]]}},{"type":"Feature","properties":{"id_case":"case_1095","registry_id_case":"case_1095"},"geometry":{"type":"Polygon","coordinates":[[[2538,-1415],[2540,-1417],[2538,-1425],[2540,-1439],[2534,-1449],[2529,-1466],[2483,-1466],[2459,-1481],[2457,-1475],[2462,-1462],[2459,-1454],[2463,-1450],[2489,-1443],[2494,-1439],[2497,-1432],[2505,-1429],[2506,-1423],[2518,-1419],[2538,-1416],[2538,-1415]]]}},{"type":"Feature","properties":{"id_case":"case_1096","registry_id_case":"case_1096"},"geometry":{"type":"Polygon","coordinates":[[[1858,-1453],[1867,-1453],[1876,-1458],[1891,-1458],[1891,-1481],[1872,-1481],[1859,-1474],[1847,-1473],[1828,-1479],[1831,-1457],[1858,-1454],[1858,-1453]]]}},{"type":"Feature","properties":{"id_case":"case_1097","registry_id_case":"case_1097"},"geometry":{"type":"Polygon","coordinates":[[[1383,-1449],[1385,-1449],[1389,-1453],[1389,-1455],[1403,-1470],[1413,-1473],[1404,-1489],[1378,-1491],[1366,-1474],[1364,-1455],[1378,-1453],[1383,-1450],[1383,-1449]]]}},{"type":"Feature","properties":{"id_case":"case_1098","registry_id_case":"case_1098"},"geometry":{"type":"Polygon","coordinates":[[[2596,-1423],[2609,-1425],[2620,-1424],[2628,-1446],[2623,-1456],[2610,-1458],[2600,-1468],[2598,-1478],[2594,-1484],[2577,-1489],[2564,-1481],[2554,-1460],[2567,-1461],[2573,-1450],[2587,-1447],[2590,-1444],[2596,-1428],[2596,-1423]]]}},{"type":"Feature","properties":{"id_case":"case_1099","registry_id_case":"case_1099"},"geometry":{"type":"Polygon","coordinates":[[[1523,-1440],[1541,-1445],[1546,-1448],[1561,-1451],[1561,-1456],[1563,-1458],[1559,-1460],[1556,-1475],[1553,-1478],[1549,-1479],[1548,-1482],[1543,-1483],[1539,-1487],[1539,-1489],[1533,-1489],[1529,-1481],[1514,-1461],[1523,-1443],[1523,-1440]]]}},{"type":"Feature","properties":{"id_case":"case_1100","registry_id_case":"case_1100"},"geometry":{"type":"Polygon","coordinates":[[[2286,-1444],[2292,-1445],[2297,-1450],[2297,-1452],[2310,-1448],[2310,-1463],[2306,-1465],[2304,-1479],[2305,-1481],[2287,-1484],[2270,-1492],[2257,-1487],[2253,-1489],[2233,-1489],[2231,-1483],[2230,-1470],[2235,-1463],[2286,-1445],[2286,-1444]]]}},{"type":"Feature","properties":{"id_case":"case_1101","registry_id_case":"case_1101"},"geometry":{"type":"Polygon","coordinates":[[[2909,-1423],[2915,-1423],[2918,-1426],[2920,-1433],[2918,-1447],[2929,-1456],[2928,-1476],[2930,-1482],[2922,-1483],[2912,-1488],[2903,-1480],[2880,-1474],[2885,-1446],[2895,-1445],[2905,-1438],[2905,-1426],[2909,-1424],[2909,-1423]]]}},{"type":"Feature","properties":{"id_case":"case_1102","registry_id_case":"case_1102"},"geometry":{"type":"Polygon","coordinates":[[[1450,-1447],[1474,-1455],[1467,-1491],[1437,-1492],[1430,-1476],[1439,-1466],[1436,-1465],[1435,-1462],[1447,-1457],[1450,-1449],[1450,-1447]]]}},{"type":"Feature","properties":{"id_case":"case_1103","registry_id_case":"case_1103"},"geometry":{"type":"Polygon","coordinates":[[[1774,-1415],[1777,-1416],[1778,-1446],[1780,-1446],[1780,-1448],[1793,-1463],[1803,-1481],[1801,-1486],[1799,-1488],[1776,-1490],[1769,-1489],[1768,-1477],[1761,-1477],[1737,-1480],[1732,-1485],[1726,-1488],[1712,-1488],[1717,-1478],[1712,-1463],[1727,-1451],[1727,-1447],[1721,-1432],[1737,-1432],[1743,-1429],[1745,-1425],[1765,-1421],[1774,-1417],[1774,-1415]]]}},{"type":"Feature","properties":{"id_case":"case_1104","registry_id_case":"case_1104"},"geometry":{"type":"Polygon","coordinates":[[[1476,-1455],[1502,-1456],[1512,-1461],[1520,-1473],[1513,-1475],[1506,-1486],[1492,-1493],[1469,-1491],[1476,-1457],[1476,-1455]]]}},{"type":"Feature","properties":{"id_case":"case_1105","registry_id_case":"case_1105"},"geometry":{"type":"Polygon","coordinates":[[[1711,-1433],[1720,-1434],[1725,-1450],[1714,-1459],[1707,-1462],[1685,-1457],[1685,-1459],[1676,-1471],[1674,-1497],[1657,-1493],[1649,-1482],[1644,-1480],[1636,-1474],[1636,-1472],[1629,-1468],[1623,-1455],[1635,-1447],[1635,-1437],[1644,-1440],[1648,-1438],[1663,-1440],[1674,-1438],[1699,-1437],[1711,-1434],[1711,-1433]]]}},{"type":"Feature","properties":{"id_case":"case_1106","registry_id_case":"case_1106"},"geometry":{"type":"Polygon","coordinates":[[[2456,-1456],[2460,-1466],[2456,-1475],[2434,-1482],[2425,-1499],[2417,-1494],[2417,-1492],[2406,-1478],[2397,-1468],[2395,-1468],[2390,-1463],[2390,-1461],[2396,-1460],[2418,-1465],[2433,-1461],[2442,-1463],[2447,-1462],[2456,-1457],[2456,-1456]]]}},{"type":"Feature","properties":{"id_case":"case_1107","registry_id_case":"case_1107"},"geometry":{"type":"Polygon","coordinates":[[[2022,-1450],[2038,-1455],[2040,-1466],[2040,-1481],[2031,-1501],[2024,-1493],[2011,-1490],[2011,-1478],[2008,-1466],[2022,-1451],[2022,-1450]]]}},{"type":"Feature","properties":{"id_case":"case_1108","registry_id_case":"case_1108"},"geometry":{"type":"Polygon","coordinates":[[[2220,-1419],[2236,-1421],[2245,-1448],[2247,-1448],[2252,-1453],[2239,-1458],[2230,-1464],[2228,-1484],[2231,-1491],[2226,-1492],[2220,-1496],[2219,-1499],[2216,-1499],[2206,-1494],[2206,-1483],[2198,-1472],[2197,-1468],[2205,-1449],[2201,-1439],[2214,-1430],[2217,-1427],[2218,-1422],[2220,-1420],[2220,-1419]]]}},{"type":"Feature","properties":{"id_case":"case_1109","registry_id_case":"case_1109"},"geometry":{"type":"Polygon","coordinates":[[[2672,-1447],[2682,-1451],[2694,-1453],[2702,-1460],[2709,-1463],[2706,-1472],[2704,-1474],[2697,-1475],[2690,-1481],[2683,-1484],[2674,-1482],[2660,-1487],[2653,-1486],[2639,-1494],[2633,-1495],[2620,-1493],[2624,-1485],[2625,-1473],[2632,-1457],[2645,-1456],[2672,-1448],[2672,-1447]]]}},{"type":"Feature","properties":{"id_case":"case_1110","registry_id_case":"case_1110"},"geometry":{"type":"Polygon","coordinates":[[[1615,-1433],[1633,-1438],[1633,-1446],[1622,-1453],[1622,-1459],[1627,-1469],[1645,-1482],[1645,-1484],[1633,-1489],[1627,-1503],[1625,-1503],[1623,-1498],[1609,-1491],[1599,-1490],[1587,-1494],[1584,-1493],[1579,-1485],[1575,-1467],[1569,-1459],[1572,-1458],[1578,-1452],[1583,-1450],[1584,-1447],[1587,-1447],[1592,-1442],[1604,-1440],[1615,-1434],[1615,-1433]]]}},{"type":"Feature","properties":{"id_case":"case_1111","registry_id_case":"case_1111"},"geometry":{"type":"Polygon","coordinates":[[[2353,-1453],[2385,-1461],[2398,-1472],[2398,-1474],[2409,-1487],[2391,-1491],[2375,-1501],[2353,-1508],[2347,-1482],[2346,-1463],[2353,-1454],[2353,-1453]]]}},{"type":"Feature","properties":{"id_case":"case_1112","registry_id_case":"case_1112"},"geometry":{"type":"Polygon","coordinates":[[[2316,-1429],[2323,-1430],[2333,-1435],[2351,-1451],[2343,-1467],[2344,-1483],[2348,-1496],[2316,-1505],[2310,-1475],[2312,-1467],[2315,-1466],[2316,-1446],[2314,-1436],[2316,-1432],[2316,-1429]]]}},{"type":"Feature","properties":{"id_case":"case_1113","registry_id_case":"case_1113"},"geometry":{"type":"Polygon","coordinates":[[[1960,-1463],[1965,-1463],[1969,-1470],[1963,-1478],[1962,-1484],[1965,-1493],[1958,-1507],[1950,-1507],[1945,-1502],[1939,-1491],[1933,-1485],[1928,-1483],[1928,-1481],[1941,-1466],[1960,-1464],[1960,-1463]]]}},{"type":"Feature","properties":{"id_case":"case_1114","registry_id_case":"case_1114"},"geometry":{"type":"Polygon","coordinates":[[[2549,-1460],[2552,-1460],[2561,-1480],[2565,-1484],[2575,-1489],[2575,-1491],[2560,-1495],[2555,-1498],[2529,-1493],[2515,-1496],[2509,-1500],[2504,-1501],[2491,-1498],[2480,-1499],[2473,-1505],[2464,-1497],[2460,-1482],[2464,-1481],[2484,-1469],[2530,-1468],[2549,-1461],[2549,-1460]]]}},{"type":"Feature","properties":{"id_case":"case_1115","registry_id_case":"case_1115"},"geometry":{"type":"Polygon","coordinates":[[[2070,-1460],[2074,-1460],[2081,-1471],[2075,-1473],[2066,-1480],[2056,-1499],[2053,-1502],[2047,-1505],[2036,-1506],[2033,-1503],[2033,-1500],[2041,-1482],[2043,-1464],[2042,-1463],[2063,-1463],[2070,-1461],[2070,-1460]]]}},{"type":"Feature","properties":{"id_case":"case_1116","registry_id_case":"case_1116"},"geometry":{"type":"Polygon","coordinates":[[[2003,-1467],[2006,-1467],[2009,-1490],[2005,-1490],[1990,-1495],[1979,-1504],[1960,-1508],[1967,-1489],[1964,-1479],[1970,-1471],[2003,-1468],[2003,-1467]]]}},{"type":"Feature","properties":{"id_case":"case_1117","registry_id_case":"case_1117"},"geometry":{"type":"Polygon","coordinates":[[[2787,-1446],[2789,-1446],[2791,-1457],[2791,-1469],[2787,-1473],[2785,-1473],[2775,-1480],[2767,-1483],[2752,-1484],[2741,-1492],[2739,-1516],[2729,-1515],[2714,-1500],[2708,-1471],[2711,-1462],[2706,-1460],[2710,-1456],[2725,-1452],[2743,-1450],[2753,-1463],[2771,-1462],[2780,-1450],[2787,-1447],[2787,-1446]]]}},{"type":"Feature","properties":{"id_case":"case_1118","registry_id_case":"case_1118"},"geometry":{"type":"Polygon","coordinates":[[[1302,-1476],[1348,-1479],[1349,-1500],[1341,-1513],[1339,-1515],[1336,-1514],[1323,-1506],[1315,-1493],[1297,-1483],[1302,-1477],[1302,-1476]]]}},{"type":"Feature","properties":{"id_case":"case_1119","registry_id_case":"case_1119"},"geometry":{"type":"Polygon","coordinates":[[[1414,-1474],[1428,-1477],[1435,-1494],[1423,-1515],[1421,-1517],[1418,-1517],[1393,-1512],[1389,-1514],[1380,-1493],[1405,-1491],[1405,-1489],[1414,-1476],[1414,-1474]]]}},{"type":"Feature","properties":{"id_case":"case_1120","registry_id_case":"case_1120"},"geometry":{"type":"Polygon","coordinates":[[[2855,-1453],[2870,-1471],[2877,-1475],[2902,-1481],[2910,-1488],[2910,-1490],[2903,-1493],[2904,-1501],[2898,-1515],[2891,-1514],[2886,-1518],[2866,-1510],[2856,-1509],[2839,-1513],[2839,-1486],[2827,-1482],[2826,-1479],[2835,-1467],[2845,-1457],[2855,-1454],[2855,-1453]]]}},{"type":"Feature","properties":{"id_case":"case_1121","registry_id_case":"case_1121"},"geometry":{"type":"Polygon","coordinates":[[[1518,-1475],[1521,-1475],[1524,-1478],[1524,-1480],[1532,-1490],[1524,-1496],[1521,-1518],[1509,-1516],[1500,-1518],[1494,-1494],[1508,-1487],[1513,-1478],[1518,-1476],[1518,-1475]]]}},{"type":"Feature","properties":{"id_case":"case_1122","registry_id_case":"case_1122"},"geometry":{"type":"Polygon","coordinates":[[[2704,-1475],[2706,-1475],[2713,-1501],[2700,-1506],[2697,-1512],[2680,-1510],[2660,-1518],[2651,-1517],[2642,-1519],[2637,-1523],[2632,-1524],[2631,-1517],[2628,-1513],[2642,-1506],[2642,-1504],[2638,-1503],[2639,-1496],[2654,-1489],[2664,-1489],[2679,-1484],[2685,-1486],[2691,-1484],[2699,-1477],[2704,-1476],[2704,-1475]]]}},{"type":"Feature","properties":{"id_case":"case_1123","registry_id_case":"case_1123"},"geometry":{"type":"Polygon","coordinates":[[[2157,-1470],[2176,-1471],[2185,-1476],[2196,-1473],[2203,-1484],[2204,-1496],[2220,-1502],[2220,-1500],[2224,-1496],[2229,-1494],[2250,-1492],[2247,-1504],[2239,-1517],[2212,-1528],[2195,-1523],[2183,-1513],[2175,-1511],[2173,-1507],[2171,-1507],[2165,-1502],[2147,-1497],[2146,-1484],[2152,-1475],[2157,-1471],[2157,-1470]]]}},{"type":"Feature","properties":{"id_case":"case_1124","registry_id_case":"case_1124"},"geometry":{"type":"Polygon","coordinates":[[[2794,-1462],[2811,-1462],[2819,-1470],[2826,-1484],[2837,-1487],[2837,-1516],[2834,-1523],[2816,-1527],[2801,-1517],[2801,-1515],[2791,-1503],[2771,-1498],[2768,-1486],[2779,-1482],[2789,-1474],[2794,-1467],[2794,-1462]]]}},{"type":"Feature","properties":{"id_case":"case_1125","registry_id_case":"case_1125"},"geometry":{"type":"Polygon","coordinates":[[[1566,-1461],[1568,-1461],[1572,-1468],[1576,-1485],[1564,-1513],[1563,-1520],[1571,-1531],[1548,-1532],[1546,-1522],[1545,-1495],[1542,-1492],[1547,-1487],[1553,-1485],[1554,-1482],[1560,-1479],[1562,-1467],[1566,-1462],[1566,-1461]]]}},{"type":"Feature","properties":{"id_case":"case_1126","registry_id_case":"case_1126"},"geometry":{"type":"Polygon","coordinates":[[[2973,-1469],[2989,-1470],[3003,-1476],[3013,-1477],[3028,-1475],[3025,-1478],[3022,-1492],[3022,-1500],[3024,-1503],[3021,-1513],[3019,-1515],[2988,-1524],[2971,-1531],[2952,-1525],[2951,-1498],[2960,-1494],[2963,-1491],[2966,-1484],[2960,-1474],[2970,-1472],[2973,-1470],[2973,-1469]]]}},{"type":"Feature","properties":{"id_case":"case_1127","registry_id_case":"case_1127"},"geometry":{"type":"Polygon","coordinates":[[[1686,-1459],[1710,-1464],[1714,-1481],[1709,-1490],[1724,-1491],[1725,-1496],[1720,-1504],[1732,-1513],[1730,-1517],[1726,-1518],[1717,-1524],[1694,-1528],[1683,-1524],[1656,-1522],[1649,-1519],[1648,-1516],[1641,-1509],[1629,-1505],[1634,-1491],[1649,-1485],[1650,-1488],[1657,-1495],[1675,-1499],[1677,-1471],[1686,-1461],[1686,-1459]]]}},{"type":"Feature","properties":{"id_case":"case_1128","registry_id_case":"case_1128"},"geometry":{"type":"Polygon","coordinates":[[[1449,-1493],[1491,-1494],[1497,-1518],[1481,-1517],[1461,-1526],[1457,-1519],[1430,-1507],[1430,-1504],[1437,-1494],[1449,-1494],[1449,-1493]]]}},{"type":"Feature","properties":{"id_case":"case_1129","registry_id_case":"case_1129"},"geometry":{"type":"Polygon","coordinates":[[[2110,-1462],[2114,-1468],[2123,-1472],[2128,-1477],[2129,-1480],[2133,-1481],[2141,-1488],[2141,-1498],[2144,-1501],[2141,-1508],[2129,-1499],[2101,-1494],[2093,-1495],[2082,-1499],[2069,-1510],[2069,-1512],[2063,-1519],[2061,-1519],[2050,-1528],[2029,-1530],[2023,-1529],[2016,-1524],[2001,-1518],[2003,-1497],[2016,-1495],[2021,-1498],[2028,-1505],[2029,-1508],[2034,-1510],[2050,-1511],[2062,-1502],[2062,-1497],[2066,-1489],[2076,-1478],[2098,-1471],[2106,-1467],[2110,-1463],[2110,-1462]]]}},{"type":"Feature","properties":{"id_case":"case_1130","registry_id_case":"case_1130"},"geometry":{"type":"Polygon","coordinates":[[[1360,-1475],[1364,-1475],[1366,-1477],[1366,-1479],[1377,-1493],[1388,-1516],[1373,-1526],[1353,-1530],[1340,-1517],[1350,-1500],[1350,-1480],[1360,-1476],[1360,-1475]]]}},{"type":"Feature","properties":{"id_case":"case_1131","registry_id_case":"case_1131"},"geometry":{"type":"Polygon","coordinates":[[[1871,-1486],[1897,-1486],[1901,-1488],[1913,-1489],[1916,-1487],[1925,-1486],[1933,-1492],[1937,-1501],[1945,-1510],[1966,-1513],[1980,-1510],[1986,-1507],[1992,-1501],[2001,-1497],[1999,-1516],[1980,-1519],[1977,-1525],[1969,-1527],[1959,-1533],[1952,-1534],[1935,-1530],[1899,-1526],[1893,-1522],[1883,-1520],[1865,-1527],[1858,-1525],[1857,-1500],[1871,-1487],[1871,-1486]]]}},{"type":"Feature","properties":{"id_case":"case_1132","registry_id_case":"case_1132"},"geometry":{"type":"Polygon","coordinates":[[[1291,-1484],[1296,-1484],[1313,-1494],[1318,-1503],[1319,-1507],[1314,-1513],[1314,-1531],[1309,-1539],[1302,-1538],[1287,-1532],[1277,-1531],[1275,-1529],[1277,-1518],[1276,-1514],[1274,-1514],[1274,-1506],[1271,-1497],[1280,-1486],[1291,-1485],[1291,-1484]]]}},{"type":"Feature","properties":{"id_case":"case_1133","registry_id_case":"case_1133"},"geometry":{"type":"Polygon","coordinates":[[[1847,-1479],[1858,-1479],[1869,-1485],[1855,-1499],[1856,-1524],[1851,-1524],[1838,-1531],[1825,-1535],[1804,-1533],[1795,-1535],[1786,-1531],[1797,-1510],[1799,-1490],[1804,-1483],[1828,-1485],[1847,-1480],[1847,-1479]]]}},{"type":"Feature","properties":{"id_case":"case_1134","registry_id_case":"case_1134"},"geometry":{"type":"Polygon","coordinates":[[[2408,-1489],[2412,-1489],[2416,-1496],[2417,-1509],[2412,-1525],[2404,-1528],[2391,-1545],[2375,-1548],[2369,-1546],[2369,-1530],[2365,-1529],[2355,-1522],[2353,-1510],[2378,-1503],[2392,-1494],[2408,-1490],[2408,-1489]]]}},{"type":"Feature","properties":{"id_case":"case_1135","registry_id_case":"case_1135"},"geometry":{"type":"Polygon","coordinates":[[[2627,-1457],[2630,-1457],[2624,-1472],[2623,-1484],[2619,-1492],[2599,-1502],[2593,-1522],[2586,-1522],[2584,-1540],[2587,-1546],[2572,-1546],[2549,-1537],[2547,-1515],[2555,-1506],[2556,-1499],[2594,-1487],[2599,-1479],[2603,-1468],[2611,-1460],[2627,-1458],[2627,-1457]]]}},{"type":"Feature","properties":{"id_case":"case_1136","registry_id_case":"case_1136"},"geometry":{"type":"Polygon","coordinates":[[[2957,-1475],[2963,-1487],[2961,-1491],[2949,-1497],[2950,-1526],[2947,-1537],[2934,-1545],[2910,-1531],[2900,-1516],[2905,-1502],[2905,-1495],[2922,-1486],[2939,-1482],[2949,-1477],[2957,-1476],[2957,-1475]]]}},{"type":"Feature","properties":{"id_case":"case_1137","registry_id_case":"case_1137"},"geometry":{"type":"Polygon","coordinates":[[[1394,-1514],[1421,-1519],[1422,-1530],[1426,-1542],[1404,-1540],[1398,-1542],[1396,-1540],[1387,-1539],[1384,-1545],[1380,-1547],[1373,-1528],[1375,-1528],[1394,-1515],[1394,-1514]]]}},{"type":"Feature","properties":{"id_case":"case_1138","registry_id_case":"case_1138"},"geometry":{"type":"Polygon","coordinates":[[[1534,-1494],[1541,-1494],[1543,-1496],[1543,-1523],[1546,-1534],[1542,-1543],[1534,-1543],[1529,-1539],[1529,-1537],[1525,-1537],[1528,-1522],[1526,-1510],[1528,-1500],[1534,-1495],[1534,-1494]]]}},{"type":"Feature","properties":{"id_case":"case_1139","registry_id_case":"case_1139"},"geometry":{"type":"Polygon","coordinates":[[[2453,-1478],[2456,-1478],[2462,-1498],[2466,-1502],[2468,-1502],[2495,-1529],[2494,-1541],[2481,-1541],[2472,-1539],[2464,-1541],[2457,-1545],[2438,-1539],[2448,-1519],[2438,-1498],[2427,-1499],[2435,-1484],[2447,-1482],[2453,-1479],[2453,-1478]]]}},{"type":"Feature","properties":{"id_case":"case_1140","registry_id_case":"case_1140"},"geometry":{"type":"Polygon","coordinates":[[[2529,-1495],[2554,-1499],[2554,-1505],[2545,-1515],[2534,-1519],[2528,-1530],[2520,-1534],[2520,-1536],[2516,-1540],[2504,-1540],[2499,-1542],[2496,-1541],[2497,-1528],[2476,-1506],[2481,-1501],[2496,-1500],[2510,-1503],[2516,-1499],[2529,-1496],[2529,-1495]]]}},{"type":"Feature","properties":{"id_case":"case_1141","registry_id_case":"case_1141"},"geometry":{"type":"Polygon","coordinates":[[[1428,-1508],[1456,-1521],[1475,-1554],[1460,-1554],[1448,-1552],[1441,-1548],[1439,-1544],[1432,-1544],[1428,-1542],[1423,-1517],[1428,-1510],[1428,-1508]]]}},{"type":"Feature","properties":{"id_case":"case_1142","registry_id_case":"case_1142"},"geometry":{"type":"Polygon","coordinates":[[[2711,-1503],[2715,-1503],[2728,-1516],[2739,-1518],[2743,-1526],[2727,-1543],[2725,-1550],[2701,-1551],[2687,-1532],[2671,-1529],[2664,-1519],[2680,-1513],[2687,-1512],[2697,-1514],[2702,-1507],[2711,-1504],[2711,-1503]]]}},{"type":"Feature","properties":{"id_case":"case_1143","registry_id_case":"case_1143"},"geometry":{"type":"Polygon","coordinates":[[[2302,-1483],[2305,-1483],[2308,-1500],[2303,-1518],[2296,-1528],[2296,-1537],[2288,-1545],[2286,-1551],[2269,-1549],[2247,-1535],[2236,-1532],[2236,-1521],[2243,-1516],[2253,-1491],[2261,-1489],[2272,-1494],[2288,-1487],[2302,-1484],[2302,-1483]]]}},{"type":"Feature","properties":{"id_case":"case_1144","registry_id_case":"case_1144"},"geometry":{"type":"Polygon","coordinates":[[[1509,-1518],[1522,-1520],[1523,-1528],[1520,-1535],[1516,-1535],[1506,-1539],[1505,-1542],[1495,-1544],[1491,-1547],[1476,-1552],[1475,-1548],[1462,-1528],[1486,-1519],[1501,-1521],[1509,-1519],[1509,-1518]]]}},{"type":"Feature","properties":{"id_case":"case_1145","registry_id_case":"case_1145"},"geometry":{"type":"Polygon","coordinates":[[[2618,-1495],[2637,-1497],[2636,-1503],[2638,-1506],[2631,-1508],[2625,-1513],[2629,-1520],[2629,-1526],[2638,-1526],[2643,-1522],[2652,-1520],[2663,-1520],[2670,-1533],[2668,-1541],[2662,-1552],[2656,-1552],[2645,-1547],[2630,-1551],[2627,-1548],[2619,-1545],[2609,-1544],[2589,-1546],[2586,-1531],[2587,-1524],[2595,-1524],[2600,-1504],[2618,-1496],[2618,-1495]]]}},{"type":"Feature","properties":{"id_case":"case_1146","registry_id_case":"case_1146"},"geometry":{"type":"Polygon","coordinates":[[[1320,-1507],[1326,-1509],[1339,-1517],[1341,-1521],[1352,-1532],[1371,-1530],[1378,-1548],[1367,-1548],[1362,-1550],[1361,-1553],[1346,-1554],[1311,-1541],[1316,-1528],[1315,-1515],[1320,-1509],[1320,-1507]]]}},{"type":"Feature","properties":{"id_case":"case_1147","registry_id_case":"case_1147"},"geometry":{"type":"Polygon","coordinates":[[[1761,-1479],[1766,-1479],[1768,-1491],[1782,-1492],[1797,-1490],[1796,-1508],[1784,-1532],[1793,-1536],[1791,-1542],[1775,-1549],[1759,-1551],[1752,-1549],[1744,-1550],[1723,-1548],[1731,-1519],[1730,-1518],[1734,-1516],[1734,-1512],[1723,-1505],[1727,-1493],[1726,-1491],[1731,-1489],[1738,-1483],[1761,-1480],[1761,-1479]]]}},{"type":"Feature","properties":{"id_case":"case_1148","registry_id_case":"case_1148"},"geometry":{"type":"Polygon","coordinates":[[[2753,-1486],[2766,-1486],[2770,-1500],[2777,-1502],[2771,-1512],[2777,-1524],[2768,-1527],[2755,-1545],[2737,-1554],[2727,-1551],[2728,-1544],[2744,-1527],[2745,-1523],[2742,-1519],[2741,-1503],[2742,-1494],[2753,-1487],[2753,-1486]]]}},{"type":"Feature","properties":{"id_case":"case_1149","registry_id_case":"case_1149"},"geometry":{"type":"Polygon","coordinates":[[[2419,-1498],[2421,-1500],[2428,-1502],[2437,-1501],[2440,-1511],[2446,-1522],[2437,-1538],[2419,-1546],[2384,-1553],[2379,-1551],[2393,-1546],[2406,-1529],[2413,-1527],[2419,-1509],[2419,-1498]]]}},{"type":"Feature","properties":{"id_case":"case_1150","registry_id_case":"case_1150"},"geometry":{"type":"Polygon","coordinates":[[[2857,-1511],[2865,-1511],[2886,-1520],[2884,-1522],[2884,-1530],[2887,-1545],[2884,-1550],[2861,-1549],[2850,-1560],[2832,-1560],[2823,-1553],[2818,-1529],[2835,-1525],[2839,-1515],[2857,-1512],[2857,-1511]]]}},{"type":"Feature","properties":{"id_case":"case_1151","registry_id_case":"case_1151"},"geometry":{"type":"Polygon","coordinates":[[[1570,-1533],[1573,-1533],[1595,-1545],[1605,-1563],[1606,-1572],[1602,-1562],[1597,-1556],[1588,-1551],[1567,-1546],[1553,-1549],[1552,-1545],[1544,-1544],[1548,-1534],[1570,-1534],[1570,-1533]]]}},{"type":"Feature","properties":{"id_case":"case_1152","registry_id_case":"case_1152"},"geometry":{"type":"Polygon","coordinates":[[[2778,-1503],[2790,-1505],[2800,-1519],[2802,-1519],[2816,-1529],[2821,-1553],[2810,-1556],[2804,-1553],[2802,-1554],[2794,-1561],[2794,-1563],[2786,-1571],[2779,-1571],[2772,-1554],[2770,-1552],[2761,-1550],[2757,-1547],[2757,-1544],[2770,-1528],[2780,-1525],[2780,-1522],[2774,-1510],[2778,-1505],[2778,-1503]]]}},{"type":"Feature","properties":{"id_case":"case_1153","registry_id_case":"case_1153"},"geometry":{"type":"Polygon","coordinates":[[[2543,-1517],[2545,-1517],[2547,-1537],[2541,-1541],[2540,-1552],[2538,-1552],[2524,-1564],[2519,-1566],[2514,-1564],[2506,-1568],[2500,-1567],[2492,-1570],[2480,-1568],[2460,-1560],[2460,-1546],[2479,-1541],[2503,-1544],[2508,-1542],[2512,-1544],[2515,-1543],[2520,-1539],[2522,-1535],[2530,-1531],[2530,-1529],[2536,-1521],[2543,-1518],[2543,-1517]]]}},{"type":"Feature","properties":{"id_case":"case_1154","registry_id_case":"case_1154"},"geometry":{"type":"Polygon","coordinates":[[[2672,-1531],[2682,-1532],[2686,-1534],[2698,-1552],[2698,-1557],[2694,-1564],[2688,-1570],[2678,-1572],[2672,-1570],[2667,-1573],[2665,-1571],[2658,-1569],[2657,-1564],[2643,-1557],[2631,-1555],[2628,-1556],[2622,-1552],[2622,-1549],[2618,-1548],[2621,-1547],[2629,-1552],[2635,-1553],[2646,-1549],[2662,-1554],[2665,-1553],[2672,-1534],[2672,-1531]]]}},{"type":"Feature","properties":{"id_case":"case_1155","registry_id_case":"case_1155"},"geometry":{"type":"Polygon","coordinates":[[[2310,-1505],[2317,-1522],[2323,-1526],[2322,-1538],[2324,-1544],[2327,-1547],[2329,-1547],[2329,-1566],[2326,-1560],[2318,-1557],[2310,-1556],[2302,-1559],[2293,-1559],[2293,-1553],[2291,-1549],[2297,-1542],[2300,-1541],[2300,-1530],[2307,-1521],[2308,-1511],[2310,-1508],[2310,-1505]]]}},{"type":"Feature","properties":{"id_case":"case_1156","registry_id_case":"case_1156"},"geometry":{"type":"Polygon","coordinates":[[[2345,-1499],[2349,-1499],[2353,-1524],[2357,-1525],[2367,-1532],[2367,-1546],[2352,-1548],[2350,-1547],[2344,-1549],[2342,-1551],[2341,-1557],[2336,-1567],[2334,-1564],[2335,-1552],[2333,-1545],[2328,-1538],[2328,-1523],[2321,-1519],[2317,-1507],[2345,-1500],[2345,-1499]]]}},{"type":"Feature","properties":{"id_case":"case_1157","registry_id_case":"case_1157"},"geometry":{"type":"Polygon","coordinates":[[[1645,-1517],[1648,-1521],[1656,-1523],[1681,-1525],[1698,-1530],[1717,-1527],[1729,-1520],[1729,-1523],[1720,-1548],[1696,-1547],[1675,-1551],[1665,-1559],[1663,-1564],[1663,-1571],[1659,-1577],[1657,-1568],[1639,-1560],[1639,-1558],[1636,-1558],[1618,-1549],[1618,-1546],[1626,-1532],[1645,-1518],[1645,-1517]]]}},{"type":"Feature","properties":{"id_case":"case_1158","registry_id_case":"case_1158"},"geometry":{"type":"Polygon","coordinates":[[[1516,-1541],[1524,-1543],[1525,-1542],[1532,-1547],[1548,-1549],[1549,-1553],[1554,-1554],[1553,-1572],[1548,-1577],[1530,-1566],[1505,-1564],[1503,-1548],[1509,-1546],[1509,-1544],[1516,-1542],[1516,-1541]]]}},{"type":"Feature","properties":{"id_case":"case_1159","registry_id_case":"case_1159"},"geometry":{"type":"Polygon","coordinates":[[[2176,-1514],[2182,-1514],[2192,-1523],[2214,-1530],[2234,-1523],[2234,-1534],[2232,-1536],[2231,-1545],[2233,-1549],[2240,-1554],[2231,-1559],[2225,-1558],[2214,-1566],[2194,-1577],[2190,-1573],[2178,-1568],[2177,-1565],[2166,-1554],[2165,-1551],[2168,-1544],[2167,-1541],[2170,-1538],[2174,-1526],[2176,-1524],[2176,-1515],[2176,-1514]]]}},{"type":"Feature","properties":{"id_case":"case_1160","registry_id_case":"case_1160"},"geometry":{"type":"Polygon","coordinates":[[[1268,-1551],[1283,-1551],[1286,-1554],[1293,-1556],[1297,-1552],[1306,-1551],[1322,-1554],[1307,-1562],[1299,-1569],[1293,-1571],[1289,-1579],[1262,-1578],[1256,-1569],[1253,-1561],[1260,-1560],[1266,-1556],[1268,-1552],[1268,-1551]]]}},{"type":"Feature","properties":{"id_case":"case_1161","registry_id_case":"case_1161"},"geometry":{"type":"Polygon","coordinates":[[[1496,-1549],[1501,-1549],[1503,-1565],[1501,-1567],[1471,-1579],[1450,-1580],[1448,-1573],[1445,-1569],[1430,-1563],[1442,-1554],[1458,-1558],[1478,-1559],[1487,-1554],[1493,-1553],[1496,-1550],[1496,-1549]]]}},{"type":"Feature","properties":{"id_case":"case_1162","registry_id_case":"case_1162"},"geometry":{"type":"Polygon","coordinates":[[[1390,-1545],[1394,-1545],[1401,-1548],[1405,-1546],[1419,-1545],[1435,-1549],[1439,-1552],[1428,-1560],[1403,-1560],[1381,-1580],[1377,-1581],[1361,-1575],[1367,-1561],[1364,-1556],[1369,-1555],[1371,-1553],[1383,-1553],[1390,-1546],[1390,-1545]]]}},{"type":"Feature","properties":{"id_case":"case_1163","registry_id_case":"case_1163"},"geometry":{"type":"Polygon","coordinates":[[[2235,-1535],[2246,-1536],[2267,-1550],[2287,-1553],[2291,-1555],[2291,-1558],[2285,-1567],[2287,-1573],[2279,-1587],[2274,-1587],[2264,-1580],[2255,-1577],[2252,-1575],[2251,-1570],[2243,-1569],[2243,-1555],[2240,-1551],[2238,-1551],[2235,-1548],[2233,-1537],[2235,-1536],[2235,-1535]]]}},{"type":"Feature","properties":{"id_case":"case_1164","registry_id_case":"case_1164"},"geometry":{"type":"Polygon","coordinates":[[[2547,-1539],[2577,-1549],[2608,-1547],[2616,-1551],[2619,-1554],[2619,-1556],[2614,-1565],[2604,-1572],[2582,-1579],[2557,-1582],[2550,-1580],[2533,-1587],[2523,-1567],[2525,-1567],[2542,-1553],[2543,-1542],[2547,-1540],[2547,-1539]]]}},{"type":"Feature","properties":{"id_case":"case_1165","registry_id_case":"case_1165"},"geometry":{"type":"Polygon","coordinates":[[[1325,-1555],[1359,-1560],[1362,-1558],[1365,-1564],[1356,-1577],[1346,-1582],[1335,-1576],[1322,-1576],[1301,-1571],[1308,-1565],[1325,-1556],[1325,-1555]]]}},{"type":"Feature","properties":{"id_case":"case_1166","registry_id_case":"case_1166"},"geometry":{"type":"Polygon","coordinates":[[[2999,-1523],[3003,-1523],[3002,-1535],[3000,-1538],[2999,-1545],[2995,-1551],[2991,-1551],[2989,-1555],[2986,-1554],[2980,-1559],[2981,-1566],[2979,-1575],[2981,-1577],[2956,-1589],[2945,-1592],[2937,-1587],[2929,-1558],[2936,-1547],[2949,-1538],[2951,-1527],[2975,-1533],[2999,-1524],[2999,-1523]]]}},{"type":"Feature","properties":{"id_case":"case_1167","registry_id_case":"case_1167"},"geometry":{"type":"Polygon","coordinates":[[[2101,-1496],[2111,-1496],[2128,-1500],[2136,-1506],[2140,-1510],[2140,-1512],[2136,-1514],[2135,-1525],[2132,-1529],[2132,-1535],[2130,-1539],[2096,-1565],[2096,-1568],[2090,-1581],[2085,-1586],[2071,-1589],[2066,-1592],[2065,-1579],[2052,-1573],[2030,-1579],[2024,-1589],[2012,-1595],[2000,-1589],[1991,-1573],[1986,-1573],[1972,-1581],[1963,-1584],[1957,-1592],[1948,-1593],[1929,-1570],[1903,-1568],[1905,-1554],[1909,-1546],[1924,-1541],[1927,-1538],[1930,-1531],[1959,-1536],[1977,-1527],[1981,-1521],[2000,-1519],[2013,-1524],[2022,-1530],[2040,-1532],[2052,-1531],[2066,-1519],[2066,-1517],[2076,-1506],[2078,-1506],[2084,-1501],[2101,-1497],[2101,-1496]]]}},{"type":"Feature","properties":{"id_case":"case_1168","registry_id_case":"case_1168"},"geometry":{"type":"Polygon","coordinates":[[[1505,-1566],[1530,-1567],[1546,-1578],[1539,-1585],[1510,-1595],[1493,-1595],[1493,-1593],[1480,-1578],[1494,-1573],[1505,-1567],[1505,-1566]]]}},{"type":"Feature","properties":{"id_case":"case_1169","registry_id_case":"case_1169"},"geometry":{"type":"Polygon","coordinates":[[[1404,-1562],[1428,-1563],[1445,-1571],[1448,-1581],[1439,-1582],[1423,-1592],[1406,-1586],[1396,-1588],[1381,-1583],[1391,-1576],[1404,-1563],[1404,-1562]]]}},{"type":"Feature","properties":{"id_case":"case_1170","registry_id_case":"case_1170"},"geometry":{"type":"Polygon","coordinates":[[[1568,-1551],[1580,-1554],[1582,-1558],[1586,-1560],[1584,-1570],[1585,-1575],[1583,-1579],[1584,-1581],[1575,-1581],[1569,-1583],[1556,-1592],[1543,-1587],[1542,-1586],[1555,-1573],[1556,-1555],[1568,-1552],[1568,-1551]]]}},{"type":"Feature","properties":{"id_case":"case_1171","registry_id_case":"case_1171"},"geometry":{"type":"Polygon","coordinates":[[[2458,-1562],[2479,-1569],[2495,-1572],[2507,-1570],[2516,-1566],[2519,-1567],[2525,-1580],[2530,-1587],[2503,-1584],[2481,-1592],[2478,-1591],[2477,-1588],[2468,-1588],[2462,-1592],[2448,-1597],[2446,-1589],[2452,-1574],[2458,-1564],[2458,-1562]]]}},{"type":"Feature","properties":{"id_case":"case_1172","registry_id_case":"case_1172"},"geometry":{"type":"Polygon","coordinates":[[[2435,-1541],[2444,-1542],[2458,-1547],[2457,-1561],[2444,-1589],[2431,-1590],[2422,-1587],[2408,-1587],[2403,-1591],[2384,-1591],[2389,-1580],[2385,-1573],[2385,-1555],[2420,-1549],[2435,-1542],[2435,-1541]]]}},{"type":"Feature","properties":{"id_case":"case_1173","registry_id_case":"case_1173"},"geometry":{"type":"Polygon","coordinates":[[[1577,-1487],[1582,-1494],[1589,-1496],[1600,-1493],[1612,-1493],[1622,-1500],[1624,-1505],[1638,-1510],[1643,-1515],[1642,-1518],[1640,-1518],[1626,-1529],[1617,-1545],[1616,-1550],[1654,-1569],[1649,-1573],[1645,-1582],[1637,-1581],[1627,-1584],[1622,-1591],[1617,-1592],[1617,-1582],[1615,-1582],[1607,-1576],[1608,-1562],[1600,-1548],[1594,-1541],[1572,-1530],[1572,-1527],[1567,-1521],[1565,-1515],[1577,-1488],[1577,-1487]]]}},{"type":"Feature","properties":{"id_case":"case_1174","registry_id_case":"case_1174"},"geometry":{"type":"Polygon","coordinates":[[[2892,-1516],[2898,-1517],[2909,-1533],[2913,-1534],[2934,-1547],[2926,-1560],[2935,-1588],[2914,-1600],[2891,-1594],[2890,-1598],[2883,-1600],[2880,-1562],[2882,-1562],[2882,-1557],[2885,-1556],[2885,-1550],[2888,-1546],[2889,-1537],[2886,-1523],[2892,-1517],[2892,-1516]]]}},{"type":"Feature","properties":{"id_case":"case_1175","registry_id_case":"case_1175"},"geometry":{"type":"Polygon","coordinates":[[[2702,-1553],[2730,-1553],[2737,-1555],[2737,-1562],[2742,-1569],[2744,-1576],[2738,-1587],[2736,-1587],[2726,-1596],[2706,-1600],[2703,-1590],[2695,-1586],[2693,-1581],[2688,-1580],[2685,-1577],[2685,-1573],[2693,-1569],[2697,-1560],[2702,-1555],[2702,-1553]]]}},{"type":"Feature","properties":{"id_case":"case_1176","registry_id_case":"case_1176"},"geometry":{"type":"Polygon","coordinates":[[[2753,-1547],[2755,-1547],[2757,-1551],[2764,-1552],[2770,-1555],[2776,-1571],[2776,-1601],[2751,-1604],[2736,-1591],[2740,-1587],[2745,-1577],[2746,-1571],[2740,-1561],[2739,-1555],[2753,-1548],[2753,-1547]]]}},{"type":"Feature","properties":{"id_case":"case_1177","registry_id_case":"case_1177"},"geometry":{"type":"Polygon","coordinates":[[[1477,-1579],[1491,-1595],[1473,-1595],[1461,-1601],[1455,-1602],[1424,-1603],[1424,-1593],[1428,-1592],[1439,-1585],[1451,-1583],[1469,-1583],[1477,-1580],[1477,-1579]]]}},{"type":"Feature","properties":{"id_case":"case_1178","registry_id_case":"case_1178"},"geometry":{"type":"Polygon","coordinates":[[[1591,-1559],[1595,-1564],[1598,-1565],[1602,-1577],[1607,-1582],[1613,-1585],[1614,-1593],[1584,-1604],[1590,-1583],[1588,-1577],[1590,-1577],[1589,-1565],[1591,-1562],[1591,-1559]]]}},{"type":"Feature","properties":{"id_case":"case_1179","registry_id_case":"case_1179"},"geometry":{"type":"Polygon","coordinates":[[[1359,-1576],[1398,-1590],[1409,-1588],[1420,-1592],[1422,-1593],[1422,-1603],[1419,-1602],[1414,-1604],[1401,-1600],[1384,-1606],[1380,-1605],[1368,-1609],[1350,-1583],[1359,-1577],[1359,-1576]]]}},{"type":"Feature","properties":{"id_case":"case_1180","registry_id_case":"case_1180"},"geometry":{"type":"Polygon","coordinates":[[[2821,-1554],[2823,-1554],[2831,-1561],[2826,-1568],[2818,-1570],[2819,-1581],[2813,-1604],[2787,-1607],[2781,-1606],[2778,-1591],[2779,-1573],[2787,-1573],[2803,-1557],[2807,-1556],[2813,-1558],[2821,-1555],[2821,-1554]]]}},{"type":"Feature","properties":{"id_case":"case_1181","registry_id_case":"case_1181"},"geometry":{"type":"Polygon","coordinates":[[[1250,-1563],[1260,-1579],[1274,-1580],[1268,-1599],[1258,-1603],[1252,-1613],[1238,-1601],[1222,-1594],[1224,-1589],[1230,-1587],[1243,-1576],[1247,-1565],[1250,-1564],[1250,-1563]]]}},{"type":"Feature","properties":{"id_case":"case_1182","registry_id_case":"case_1182"},"geometry":{"type":"Polygon","coordinates":[[[2363,-1548],[2372,-1548],[2377,-1552],[2383,-1554],[2383,-1576],[2386,-1582],[2385,-1585],[2378,-1601],[2358,-1609],[2354,-1603],[2349,-1602],[2348,-1605],[2343,-1610],[2337,-1610],[2337,-1578],[2335,-1575],[2337,-1568],[2345,-1551],[2355,-1551],[2363,-1549],[2363,-1548]]]}},{"type":"Feature","properties":{"id_case":"case_1183","registry_id_case":"case_1183"},"geometry":{"type":"Polygon","coordinates":[[[2239,-1557],[2241,-1557],[2242,-1571],[2248,-1571],[2250,-1576],[2263,-1581],[2273,-1588],[2277,-1589],[2276,-1603],[2260,-1609],[2246,-1618],[2233,-1611],[2224,-1603],[2221,-1590],[2228,-1581],[2218,-1566],[2225,-1561],[2233,-1561],[2239,-1558],[2239,-1557]]]}},{"type":"Feature","properties":{"id_case":"case_1184","registry_id_case":"case_1184"},"geometry":{"type":"Polygon","coordinates":[[[1296,-1572],[1322,-1577],[1330,-1603],[1326,-1612],[1329,-1621],[1327,-1624],[1320,-1617],[1315,-1617],[1314,-1612],[1300,-1607],[1294,-1601],[1289,-1586],[1294,-1573],[1296,-1573],[1296,-1572]]]}},{"type":"Feature","properties":{"id_case":"case_1185","registry_id_case":"case_1185"},"geometry":{"type":"Polygon","coordinates":[[[2145,-1502],[2160,-1505],[2172,-1514],[2172,-1521],[2163,-1540],[2160,-1557],[2176,-1573],[2188,-1577],[2194,-1583],[2196,-1597],[2192,-1613],[2193,-1619],[2179,-1616],[2169,-1619],[2166,-1617],[2165,-1613],[2162,-1613],[2136,-1624],[2128,-1609],[2126,-1607],[2116,-1606],[2114,-1599],[2109,-1599],[2100,-1607],[2083,-1590],[2092,-1582],[2098,-1566],[2130,-1543],[2133,-1536],[2133,-1529],[2136,-1526],[2138,-1514],[2142,-1513],[2145,-1504],[2145,-1502]]]}},{"type":"Feature","properties":{"id_case":"case_1186","registry_id_case":"case_1186"},"geometry":{"type":"Polygon","coordinates":[[[2861,-1552],[2883,-1552],[2880,-1561],[2878,-1561],[2878,-1574],[2882,-1603],[2880,-1622],[2878,-1622],[2877,-1626],[2858,-1627],[2851,-1620],[2849,-1602],[2845,-1597],[2844,-1593],[2848,-1583],[2850,-1563],[2861,-1553],[2861,-1552]]]}},{"type":"Feature","properties":{"id_case":"case_1187","registry_id_case":"case_1187"},"geometry":{"type":"Polygon","coordinates":[[[1577,-1583],[1585,-1584],[1581,-1602],[1579,-1607],[1570,-1611],[1567,-1617],[1555,-1611],[1552,-1605],[1528,-1602],[1527,-1610],[1521,-1628],[1492,-1622],[1476,-1616],[1476,-1597],[1510,-1598],[1529,-1591],[1542,-1588],[1559,-1594],[1570,-1586],[1577,-1584],[1577,-1583]]]}},{"type":"Feature","properties":{"id_case":"case_1188","registry_id_case":"case_1188"},"geometry":{"type":"Polygon","coordinates":[[[2310,-1558],[2318,-1558],[2325,-1562],[2327,-1570],[2334,-1579],[2334,-1611],[2330,-1613],[2328,-1619],[2324,-1623],[2312,-1625],[2304,-1622],[2296,-1625],[2296,-1613],[2282,-1609],[2278,-1605],[2279,-1590],[2288,-1574],[2288,-1565],[2290,-1561],[2291,-1560],[2303,-1562],[2310,-1559],[2310,-1558]]]}},{"type":"Feature","properties":{"id_case":"case_1189","registry_id_case":"case_1189"},"geometry":{"type":"Polygon","coordinates":[[[1852,-1526],[1865,-1528],[1857,-1546],[1855,-1546],[1839,-1560],[1823,-1564],[1812,-1574],[1810,-1589],[1808,-1591],[1801,-1590],[1800,-1594],[1790,-1607],[1789,-1611],[1792,-1615],[1793,-1620],[1790,-1632],[1770,-1630],[1758,-1621],[1740,-1621],[1706,-1612],[1703,-1598],[1707,-1587],[1707,-1572],[1701,-1561],[1691,-1557],[1686,-1553],[1687,-1552],[1705,-1549],[1733,-1551],[1742,-1550],[1747,-1553],[1771,-1553],[1781,-1550],[1790,-1545],[1793,-1543],[1795,-1537],[1822,-1535],[1828,-1537],[1838,-1534],[1852,-1527],[1852,-1526]]]}},{"type":"Feature","properties":{"id_case":"case_1190","registry_id_case":"case_1190"},"geometry":{"type":"Polygon","coordinates":[[[1276,-1580],[1288,-1581],[1287,-1592],[1293,-1603],[1298,-1608],[1313,-1614],[1313,-1619],[1296,-1634],[1284,-1625],[1252,-1619],[1252,-1616],[1258,-1606],[1269,-1601],[1274,-1585],[1276,-1583],[1276,-1580]]]}},{"type":"Feature","properties":{"id_case":"case_1191","registry_id_case":"case_1191"},"geometry":{"type":"Polygon","coordinates":[[[1331,-1577],[1335,-1577],[1347,-1584],[1366,-1611],[1354,-1625],[1349,-1627],[1347,-1626],[1341,-1632],[1341,-1634],[1338,-1634],[1329,-1626],[1329,-1623],[1332,-1618],[1328,-1610],[1333,-1601],[1325,-1578],[1331,-1578],[1331,-1577]]]}},{"type":"Feature","properties":{"id_case":"case_1192","registry_id_case":"case_1192"},"geometry":{"type":"Polygon","coordinates":[[[2833,-1562],[2848,-1563],[2847,-1583],[2841,-1596],[2846,-1603],[2849,-1620],[2827,-1626],[2815,-1632],[2813,-1624],[2819,-1613],[2815,-1601],[2822,-1576],[2820,-1572],[2827,-1570],[2828,-1567],[2833,-1563],[2833,-1562]]]}},{"type":"Feature","properties":{"id_case":"case_1193","registry_id_case":"case_1193"},"geometry":{"type":"Polygon","coordinates":[[[2215,-1568],[2225,-1583],[2221,-1588],[2219,-1594],[2222,-1603],[2232,-1613],[2246,-1619],[2247,-1625],[2245,-1629],[2235,-1639],[2232,-1639],[2226,-1635],[2211,-1645],[2209,-1640],[2201,-1634],[2198,-1605],[2201,-1587],[2200,-1582],[2197,-1579],[2200,-1576],[2215,-1569],[2215,-1568]]]}},{"type":"Feature","properties":{"id_case":"case_1194","registry_id_case":"case_1194"},"geometry":{"type":"Polygon","coordinates":[[[1221,-1596],[1237,-1602],[1249,-1613],[1249,-1623],[1252,-1634],[1249,-1637],[1238,-1640],[1236,-1636],[1225,-1634],[1222,-1635],[1194,-1625],[1196,-1621],[1195,-1620],[1199,-1616],[1205,-1615],[1210,-1612],[1212,-1605],[1217,-1603],[1221,-1597],[1221,-1596]]]}},{"type":"Feature","properties":{"id_case":"case_1195","registry_id_case":"case_1195"},"geometry":{"type":"Polygon","coordinates":[[[1654,-1572],[1656,-1588],[1648,-1593],[1648,-1599],[1652,-1600],[1652,-1604],[1649,-1609],[1642,-1611],[1641,-1614],[1629,-1612],[1615,-1617],[1611,-1619],[1609,-1625],[1595,-1626],[1590,-1635],[1571,-1640],[1574,-1629],[1583,-1626],[1586,-1623],[1586,-1619],[1583,-1614],[1580,-1614],[1578,-1618],[1573,-1620],[1571,-1619],[1570,-1616],[1574,-1611],[1622,-1593],[1626,-1590],[1628,-1586],[1640,-1583],[1648,-1583],[1650,-1575],[1654,-1573],[1654,-1572]]]}},{"type":"Feature","properties":{"id_case":"case_1196","registry_id_case":"case_1196"},"geometry":{"type":"Polygon","coordinates":[[[2734,-1592],[2750,-1605],[2750,-1617],[2742,-1629],[2759,-1632],[2759,-1636],[2754,-1648],[2751,-1645],[2733,-1647],[2729,-1646],[2723,-1636],[2709,-1631],[2709,-1626],[2705,-1619],[2704,-1612],[2706,-1602],[2727,-1599],[2734,-1593],[2734,-1592]]]}},{"type":"Feature","properties":{"id_case":"case_1197","registry_id_case":"case_1197"},"geometry":{"type":"Polygon","coordinates":[[[2980,-1579],[2982,-1579],[2982,-1583],[2986,-1590],[2974,-1612],[2973,-1623],[2953,-1630],[2948,-1648],[2932,-1642],[2923,-1641],[2917,-1636],[2924,-1623],[2920,-1614],[2917,-1601],[2928,-1596],[2935,-1590],[2938,-1589],[2949,-1594],[2963,-1589],[2980,-1580],[2980,-1579]]]}},{"type":"Feature","properties":{"id_case":"case_1198","registry_id_case":"case_1198"},"geometry":{"type":"Polygon","coordinates":[[[1531,-1604],[1542,-1604],[1551,-1607],[1554,-1613],[1569,-1619],[1569,-1621],[1575,-1622],[1579,-1620],[1581,-1616],[1584,-1622],[1573,-1627],[1571,-1633],[1562,-1630],[1557,-1631],[1544,-1635],[1539,-1639],[1531,-1640],[1527,-1638],[1514,-1644],[1509,-1642],[1506,-1643],[1500,-1649],[1473,-1643],[1459,-1646],[1451,-1645],[1448,-1647],[1445,-1636],[1450,-1631],[1465,-1627],[1474,-1620],[1479,-1619],[1523,-1630],[1526,-1617],[1531,-1605],[1531,-1604]]]}},{"type":"Feature","properties":{"id_case":"case_1199","registry_id_case":"case_1199"},"geometry":{"type":"Polygon","coordinates":[[[2770,-1603],[2778,-1603],[2780,-1608],[2800,-1609],[2813,-1606],[2817,-1615],[2813,-1620],[2811,-1628],[2814,-1634],[2813,-1638],[2803,-1641],[2797,-1649],[2794,-1645],[2788,-1644],[2785,-1641],[2781,-1640],[2776,-1642],[2775,-1639],[2760,-1638],[2762,-1631],[2746,-1629],[2745,-1626],[2751,-1618],[2752,-1606],[2770,-1604],[2770,-1603]]]}},{"type":"Feature","properties":{"id_case":"case_1200","registry_id_case":"case_1200"},"geometry":{"type":"Polygon","coordinates":[[[2409,-1589],[2427,-1589],[2431,-1591],[2442,-1592],[2444,-1591],[2446,-1600],[2443,-1604],[2431,-1607],[2428,-1614],[2419,-1615],[2415,-1619],[2410,-1621],[2409,-1630],[2406,-1634],[2381,-1638],[2365,-1650],[2357,-1653],[2355,-1643],[2357,-1637],[2369,-1624],[2379,-1609],[2381,-1602],[2380,-1599],[2383,-1593],[2405,-1594],[2409,-1590],[2409,-1589]]]}},{"type":"Feature","properties":{"id_case":"case_1201","registry_id_case":"case_1201"},"geometry":{"type":"Polygon","coordinates":[[[2349,-1606],[2351,-1606],[2354,-1615],[2352,-1618],[2351,-1627],[2348,-1631],[2332,-1636],[2323,-1643],[2321,-1661],[2315,-1650],[2310,-1649],[2306,-1638],[2293,-1633],[2290,-1630],[2290,-1624],[2293,-1620],[2293,-1625],[2295,-1628],[2309,-1625],[2320,-1627],[2323,-1626],[2330,-1620],[2333,-1613],[2344,-1612],[2349,-1607],[2349,-1606]]]}},{"type":"Feature","properties":{"id_case":"case_1202","registry_id_case":"case_1202"},"geometry":{"type":"Polygon","coordinates":[[[1884,-1522],[1890,-1522],[1898,-1527],[1928,-1531],[1923,-1539],[1914,-1541],[1907,-1545],[1901,-1569],[1927,-1572],[1945,-1593],[1946,-1596],[1942,-1600],[1940,-1605],[1936,-1630],[1928,-1640],[1897,-1636],[1895,-1635],[1890,-1621],[1880,-1619],[1876,-1616],[1871,-1615],[1870,-1618],[1852,-1639],[1839,-1643],[1839,-1654],[1816,-1652],[1792,-1633],[1795,-1614],[1791,-1608],[1803,-1592],[1809,-1593],[1812,-1591],[1813,-1577],[1823,-1566],[1840,-1563],[1859,-1547],[1861,-1540],[1867,-1529],[1871,-1529],[1884,-1523],[1884,-1522]]]}},{"type":"Feature","properties":{"id_case":"case_1203","registry_id_case":"case_1203"},"geometry":{"type":"Polygon","coordinates":[[[1252,-1621],[1284,-1626],[1297,-1637],[1299,-1647],[1298,-1655],[1275,-1652],[1262,-1655],[1255,-1659],[1247,-1644],[1242,-1643],[1254,-1635],[1252,-1625],[1252,-1621]]]}},{"type":"Feature","properties":{"id_case":"case_1204","registry_id_case":"case_1204"},"geometry":{"type":"Polygon","coordinates":[[[2274,-1605],[2276,-1605],[2281,-1610],[2292,-1613],[2287,-1618],[2285,-1623],[2285,-1631],[2288,-1636],[2300,-1640],[2305,-1651],[2290,-1660],[2281,-1661],[2277,-1657],[2277,-1655],[2254,-1653],[2249,-1650],[2252,-1640],[2246,-1634],[2245,-1631],[2248,-1626],[2248,-1619],[2274,-1606],[2274,-1605]]]}},{"type":"Feature","properties":{"id_case":"case_1205","registry_id_case":"case_1205"},"geometry":{"type":"Polygon","coordinates":[[[1472,-1598],[1472,-1610],[1474,-1617],[1464,-1624],[1449,-1629],[1444,-1634],[1440,-1635],[1433,-1632],[1415,-1631],[1393,-1633],[1390,-1642],[1379,-1645],[1365,-1655],[1354,-1656],[1338,-1654],[1343,-1639],[1341,-1635],[1347,-1628],[1351,-1629],[1355,-1627],[1359,-1620],[1368,-1611],[1384,-1607],[1387,-1608],[1407,-1602],[1410,-1604],[1426,-1606],[1444,-1604],[1455,-1605],[1462,-1604],[1472,-1599],[1472,-1598]]]}},{"type":"Feature","properties":{"id_case":"case_1206","registry_id_case":"case_1206"},"geometry":{"type":"Polygon","coordinates":[[[2893,-1596],[2915,-1602],[2921,-1626],[2914,-1637],[2920,-1640],[2922,-1644],[2914,-1657],[2902,-1657],[2896,-1660],[2889,-1661],[2882,-1660],[2866,-1652],[2876,-1643],[2878,-1638],[2880,-1628],[2879,-1625],[2881,-1623],[2884,-1602],[2890,-1600],[2893,-1597],[2893,-1596]]]}},{"type":"Feature","properties":{"id_case":"case_1207","registry_id_case":"case_1207"},"geometry":{"type":"Polygon","coordinates":[[[1191,-1627],[1202,-1629],[1210,-1633],[1206,-1644],[1183,-1661],[1169,-1661],[1165,-1651],[1164,-1644],[1167,-1639],[1168,-1632],[1185,-1632],[1191,-1628],[1191,-1627]]]}},{"type":"Feature","properties":{"id_case":"case_1208","registry_id_case":"case_1208"},"geometry":{"type":"Polygon","coordinates":[[[2848,-1622],[2851,-1622],[2857,-1628],[2878,-1629],[2877,-1638],[2874,-1642],[2857,-1655],[2849,-1667],[2832,-1669],[2828,-1668],[2827,-1665],[2821,-1664],[2819,-1662],[2804,-1661],[2797,-1655],[2798,-1650],[2802,-1645],[2815,-1639],[2815,-1635],[2817,-1633],[2848,-1623],[2848,-1622]]]}},{"type":"Feature","properties":{"id_case":"case_1209","registry_id_case":"case_1209"},"geometry":{"type":"Polygon","coordinates":[[[1156,-1630],[1166,-1632],[1166,-1638],[1163,-1643],[1162,-1652],[1168,-1663],[1165,-1663],[1149,-1671],[1146,-1670],[1144,-1666],[1130,-1667],[1128,-1657],[1119,-1639],[1136,-1638],[1156,-1631],[1156,-1630]]]}},{"type":"Feature","properties":{"id_case":"case_1210","registry_id_case":"case_1210"},"geometry":{"type":"Polygon","coordinates":[[[1314,-1620],[1320,-1620],[1325,-1624],[1339,-1636],[1341,-1642],[1336,-1654],[1330,-1658],[1330,-1661],[1319,-1680],[1303,-1668],[1300,-1647],[1301,-1641],[1298,-1635],[1314,-1621],[1314,-1620]]]}},{"type":"Feature","properties":{"id_case":"case_1211","registry_id_case":"case_1211"},"geometry":{"type":"Polygon","coordinates":[[[1212,-1634],[1222,-1636],[1223,-1643],[1226,-1648],[1223,-1655],[1214,-1665],[1207,-1684],[1191,-1683],[1176,-1685],[1173,-1682],[1173,-1680],[1183,-1674],[1183,-1663],[1185,-1663],[1206,-1648],[1212,-1635],[1212,-1634]]]}},{"type":"Feature","properties":{"id_case":"case_1212","registry_id_case":"case_1212"},"geometry":{"type":"Polygon","coordinates":[[[2377,-1605],[2379,-1605],[2377,-1610],[2368,-1623],[2357,-1634],[2354,-1642],[2354,-1653],[2357,-1656],[2362,-1654],[2361,-1657],[2356,-1658],[2354,-1663],[2347,-1666],[2341,-1671],[2336,-1679],[2322,-1682],[2319,-1685],[2319,-1680],[2326,-1666],[2328,-1646],[2333,-1641],[2344,-1639],[2350,-1636],[2355,-1631],[2357,-1618],[2360,-1614],[2377,-1606],[2377,-1605]]]}},{"type":"Feature","properties":{"id_case":"case_1213","registry_id_case":"case_1213"},"geometry":{"type":"Polygon","coordinates":[[[1225,-1636],[1233,-1637],[1236,-1639],[1236,-1641],[1240,-1642],[1242,-1646],[1246,-1646],[1261,-1676],[1267,-1679],[1269,-1681],[1269,-1684],[1262,-1687],[1251,-1679],[1237,-1679],[1234,-1671],[1241,-1670],[1242,-1665],[1225,-1655],[1225,-1651],[1228,-1646],[1225,-1643],[1225,-1636]]]}},{"type":"Feature","properties":{"id_case":"case_1214","registry_id_case":"case_1214"},"geometry":{"type":"Polygon","coordinates":[[[2759,-1640],[2769,-1640],[2782,-1644],[2785,-1643],[2785,-1645],[2791,-1646],[2795,-1650],[2796,-1657],[2805,-1663],[2809,-1678],[2805,-1689],[2799,-1691],[2799,-1689],[2795,-1688],[2795,-1685],[2792,-1681],[2780,-1682],[2772,-1681],[2767,-1678],[2767,-1673],[2770,-1664],[2769,-1661],[2763,-1659],[2761,-1655],[2755,-1652],[2755,-1649],[2759,-1642],[2759,-1640]]]}},{"type":"Feature","properties":{"id_case":"case_1215","registry_id_case":"case_1215"},"geometry":{"type":"Polygon","coordinates":[[[1681,-1552],[1699,-1562],[1704,-1573],[1706,-1586],[1700,-1603],[1703,-1612],[1691,-1616],[1691,-1626],[1679,-1629],[1678,-1634],[1677,-1640],[1682,-1651],[1687,-1661],[1692,-1662],[1692,-1664],[1686,-1672],[1677,-1673],[1675,-1675],[1674,-1682],[1658,-1682],[1646,-1677],[1635,-1678],[1617,-1684],[1613,-1695],[1598,-1685],[1577,-1667],[1576,-1663],[1571,-1656],[1571,-1643],[1592,-1636],[1597,-1627],[1610,-1627],[1613,-1620],[1621,-1619],[1633,-1614],[1642,-1616],[1643,-1613],[1650,-1611],[1654,-1600],[1650,-1598],[1649,-1595],[1658,-1589],[1658,-1581],[1664,-1572],[1665,-1563],[1673,-1554],[1681,-1553],[1681,-1552]]]}},{"type":"Feature","properties":{"id_case":"case_1216","registry_id_case":"case_1216"},"geometry":{"type":"Polygon","coordinates":[[[2863,-1653],[2882,-1661],[2881,-1678],[2884,-1684],[2874,-1695],[2865,-1694],[2858,-1690],[2846,-1694],[2824,-1697],[2822,-1695],[2808,-1690],[2811,-1676],[2807,-1663],[2817,-1663],[2824,-1666],[2827,-1669],[2841,-1671],[2850,-1669],[2854,-1665],[2857,-1658],[2863,-1654],[2863,-1653]]]}},{"type":"Feature","properties":{"id_case":"case_1217","registry_id_case":"case_1217"},"geometry":{"type":"Polygon","coordinates":[[[1277,-1654],[1286,-1654],[1298,-1658],[1301,-1670],[1307,-1672],[1318,-1682],[1321,-1689],[1318,-1702],[1307,-1701],[1302,-1697],[1289,-1697],[1273,-1686],[1271,-1684],[1270,-1679],[1263,-1675],[1257,-1661],[1266,-1657],[1277,-1655],[1277,-1654]]]}},{"type":"Feature","properties":{"id_case":"case_1218","registry_id_case":"case_1218"},"geometry":{"type":"Polygon","coordinates":[[[1223,-1657],[1240,-1666],[1240,-1668],[1233,-1669],[1232,-1675],[1235,-1680],[1244,-1682],[1250,-1680],[1260,-1687],[1251,-1703],[1239,-1697],[1228,-1696],[1215,-1687],[1209,-1685],[1214,-1667],[1223,-1658],[1223,-1657]]]}},{"type":"Feature","properties":{"id_case":"case_1219","registry_id_case":"case_1219"},"geometry":{"type":"Polygon","coordinates":[[[1105,-1636],[1110,-1636],[1117,-1640],[1128,-1667],[1121,-1670],[1114,-1677],[1109,-1688],[1102,-1696],[1094,-1696],[1092,-1698],[1092,-1701],[1079,-1701],[1080,-1697],[1089,-1684],[1091,-1670],[1098,-1658],[1102,-1639],[1103,-1637],[1105,-1637],[1105,-1636]]]}},{"type":"Feature","properties":{"id_case":"case_1220","registry_id_case":"case_1220"},"geometry":{"type":"Polygon","coordinates":[[[2077,-1590],[2080,-1590],[2099,-1608],[2102,-1609],[2113,-1601],[2115,-1608],[2121,-1608],[2126,-1610],[2133,-1624],[2134,-1630],[2127,-1649],[2107,-1652],[2104,-1649],[2086,-1648],[2084,-1649],[2085,-1657],[2064,-1666],[2062,-1675],[2065,-1678],[2069,-1678],[2076,-1682],[2054,-1699],[2042,-1699],[2039,-1705],[2028,-1701],[2014,-1700],[2017,-1678],[2020,-1675],[2026,-1673],[2032,-1664],[2035,-1657],[2038,-1641],[2042,-1632],[2054,-1616],[2065,-1595],[2077,-1591],[2077,-1590]]]}},{"type":"Feature","properties":{"id_case":"case_1221","registry_id_case":"case_1221"},"geometry":{"type":"Polygon","coordinates":[[[2242,-1634],[2244,-1634],[2248,-1640],[2249,-1644],[2247,-1651],[2249,-1653],[2273,-1656],[2276,-1657],[2278,-1661],[2278,-1683],[2271,-1684],[2264,-1689],[2263,-1697],[2257,-1715],[2248,-1712],[2241,-1713],[2237,-1710],[2235,-1702],[2224,-1698],[2221,-1700],[2213,-1682],[2216,-1655],[2212,-1647],[2228,-1638],[2235,-1642],[2242,-1635],[2242,-1634]]]}},{"type":"Feature","properties":{"id_case":"case_1222","registry_id_case":"case_1222"},"geometry":{"type":"Polygon","coordinates":[[[2971,-1626],[2973,-1628],[2973,-1639],[2975,-1642],[2979,-1642],[2978,-1648],[2980,-1666],[2982,-1676],[2984,-1676],[2983,-1684],[2985,-1684],[2985,-1686],[2982,-1691],[2984,-1693],[2979,-1703],[2966,-1711],[2962,-1707],[2958,-1699],[2955,-1691],[2956,-1687],[2947,-1684],[2954,-1670],[2955,-1659],[2950,-1649],[2952,-1636],[2954,-1632],[2971,-1627],[2971,-1626]]]}},{"type":"Feature","properties":{"id_case":"case_1223","registry_id_case":"case_1223"},"geometry":{"type":"Polygon","coordinates":[[[2924,-1643],[2931,-1643],[2949,-1650],[2952,-1659],[2953,-1670],[2946,-1682],[2931,-1679],[2927,-1687],[2914,-1685],[2893,-1711],[2889,-1709],[2883,-1704],[2883,-1702],[2880,-1699],[2876,-1697],[2876,-1695],[2885,-1685],[2886,-1681],[2884,-1677],[2884,-1662],[2896,-1663],[2903,-1660],[2915,-1659],[2920,-1649],[2924,-1645],[2924,-1643]]]}},{"type":"Feature","properties":{"id_case":"case_1224","registry_id_case":"case_1224"},"geometry":{"type":"Polygon","coordinates":[[[1419,-1633],[1433,-1633],[1442,-1637],[1446,-1648],[1430,-1658],[1418,-1661],[1410,-1665],[1408,-1667],[1406,-1674],[1389,-1677],[1382,-1684],[1378,-1694],[1371,-1699],[1366,-1708],[1361,-1702],[1343,-1706],[1336,-1704],[1325,-1712],[1321,-1703],[1320,-1696],[1323,-1686],[1320,-1682],[1325,-1670],[1334,-1657],[1344,-1656],[1366,-1658],[1378,-1649],[1391,-1644],[1394,-1635],[1419,-1634],[1419,-1633]]]}},{"type":"Feature","properties":{"id_case":"case_1225","registry_id_case":"case_1225"},"geometry":{"type":"Polygon","coordinates":[[[1987,-1575],[1990,-1576],[1991,-1580],[1999,-1591],[2014,-1597],[2026,-1590],[2031,-1581],[2055,-1575],[2063,-1580],[2064,-1594],[2061,-1602],[2058,-1605],[2052,-1617],[2041,-1631],[2037,-1641],[2033,-1660],[2024,-1672],[2018,-1674],[2015,-1677],[2013,-1694],[2011,-1696],[1991,-1704],[1960,-1696],[1941,-1708],[1924,-1713],[1926,-1698],[1923,-1691],[1914,-1678],[1929,-1675],[1945,-1663],[1945,-1659],[1930,-1640],[1937,-1631],[1942,-1603],[1948,-1595],[1957,-1595],[1964,-1586],[1975,-1583],[1987,-1576],[1987,-1575]]]}},{"type":"Feature","properties":{"id_case":"case_1226","registry_id_case":"case_1226"},"geometry":{"type":"Polygon","coordinates":[[[1705,-1613],[1744,-1623],[1758,-1622],[1769,-1631],[1791,-1634],[1815,-1652],[1817,-1654],[1817,-1657],[1814,-1662],[1804,-1664],[1796,-1669],[1789,-1676],[1786,-1688],[1784,-1690],[1760,-1696],[1751,-1694],[1748,-1705],[1740,-1722],[1742,-1727],[1725,-1727],[1688,-1719],[1673,-1710],[1667,-1704],[1667,-1693],[1663,-1684],[1674,-1684],[1676,-1683],[1677,-1675],[1683,-1675],[1688,-1673],[1694,-1661],[1688,-1659],[1679,-1635],[1681,-1630],[1693,-1628],[1692,-1618],[1705,-1614],[1705,-1613]]]}},{"type":"Feature","properties":{"id_case":"case_1227","registry_id_case":"case_1227"},"geometry":{"type":"Polygon","coordinates":[[[1202,-1693],[1216,-1694],[1226,-1701],[1238,-1702],[1243,-1704],[1246,-1706],[1246,-1708],[1232,-1706],[1228,-1707],[1220,-1711],[1209,-1713],[1205,-1715],[1202,-1720],[1187,-1721],[1178,-1728],[1174,-1718],[1172,-1718],[1159,-1709],[1181,-1703],[1202,-1694],[1202,-1693]]]}},{"type":"Feature","properties":{"id_case":"case_1228","registry_id_case":"case_1228"},"geometry":{"type":"Polygon","coordinates":[[[2858,-1692],[2864,-1695],[2874,-1697],[2881,-1703],[2881,-1705],[2884,-1708],[2891,-1712],[2888,-1730],[2871,-1729],[2865,-1727],[2863,-1729],[2857,-1728],[2849,-1723],[2842,-1722],[2842,-1720],[2837,-1717],[2827,-1716],[2822,-1712],[2825,-1699],[2847,-1697],[2858,-1693],[2858,-1692]]]}},{"type":"Feature","properties":{"id_case":"case_1229","registry_id_case":"case_1229"},"geometry":{"type":"Polygon","coordinates":[[[2162,-1615],[2164,-1615],[2166,-1621],[2175,-1621],[2184,-1618],[2193,-1621],[2194,-1634],[2198,-1640],[2204,-1643],[2209,-1657],[2210,-1666],[2207,-1687],[2213,-1709],[2217,-1715],[2219,-1724],[2222,-1729],[2223,-1733],[2221,-1735],[2212,-1732],[2210,-1730],[2210,-1727],[2206,-1723],[2199,-1723],[2197,-1731],[2190,-1738],[2184,-1739],[2179,-1735],[2176,-1717],[2173,-1709],[2162,-1705],[2142,-1703],[2138,-1701],[2133,-1696],[2133,-1694],[2126,-1685],[2142,-1679],[2142,-1663],[2130,-1651],[2129,-1648],[2134,-1636],[2136,-1626],[2147,-1623],[2162,-1616],[2162,-1615]]]}},{"type":"Feature","properties":{"id_case":"case_1230","registry_id_case":"case_1230"},"geometry":{"type":"Polygon","coordinates":[[[2399,-1637],[2403,-1637],[2403,-1639],[2394,-1655],[2393,-1659],[2395,-1667],[2391,-1672],[2387,-1674],[2382,-1689],[2384,-1700],[2378,-1709],[2372,-1724],[2364,-1735],[2356,-1738],[2354,-1723],[2355,-1718],[2353,-1710],[2356,-1701],[2353,-1688],[2356,-1679],[2355,-1674],[2360,-1671],[2367,-1656],[2365,-1652],[2367,-1652],[2382,-1641],[2399,-1638],[2399,-1637]]]}},{"type":"Feature","properties":{"id_case":"case_1231","registry_id_case":"case_1231"},"geometry":{"type":"Polygon","coordinates":[[[1268,-1686],[1272,-1687],[1288,-1698],[1301,-1698],[1305,-1701],[1294,-1726],[1292,-1726],[1279,-1735],[1264,-1739],[1264,-1735],[1258,-1724],[1260,-1711],[1258,-1707],[1253,-1704],[1253,-1702],[1257,-1694],[1262,-1689],[1268,-1687],[1268,-1686]]]}},{"type":"Feature","properties":{"id_case":"case_1232","registry_id_case":"case_1232"},"geometry":{"type":"Polygon","coordinates":[[[2932,-1681],[2941,-1681],[2944,-1684],[2953,-1688],[2953,-1695],[2957,-1704],[2964,-1713],[2956,-1718],[2932,-1719],[2930,-1721],[2928,-1730],[2924,-1734],[2922,-1734],[2920,-1738],[2918,-1738],[2918,-1736],[2901,-1737],[2890,-1734],[2889,-1730],[2896,-1709],[2915,-1687],[2928,-1689],[2932,-1683],[2932,-1681]]]}},{"type":"Feature","properties":{"id_case":"case_1233","registry_id_case":"case_1233"},"geometry":{"type":"Polygon","coordinates":[[[1232,-1708],[1246,-1710],[1246,-1712],[1242,-1712],[1242,-1714],[1239,-1714],[1235,-1717],[1240,-1727],[1238,-1730],[1235,-1730],[1235,-1727],[1232,-1724],[1230,-1724],[1217,-1728],[1200,-1729],[1186,-1734],[1167,-1736],[1155,-1733],[1161,-1731],[1179,-1730],[1187,-1724],[1202,-1722],[1206,-1717],[1220,-1714],[1232,-1709],[1232,-1708]]]}},{"type":"Feature","properties":{"id_case":"case_1234","registry_id_case":"case_1234"},"geometry":{"type":"Polygon","coordinates":[[[2306,-1652],[2314,-1658],[2318,-1671],[2314,-1677],[2307,-1694],[2302,-1703],[2300,-1703],[2271,-1727],[2267,-1740],[2260,-1741],[2256,-1733],[2259,-1713],[2266,-1690],[2280,-1684],[2281,-1663],[2291,-1663],[2306,-1653],[2306,-1652]]]}},{"type":"Feature","properties":{"id_case":"case_1235","registry_id_case":"case_1235"},"geometry":{"type":"Polygon","coordinates":[[[2358,-1666],[2359,-1668],[2354,-1673],[2353,-1683],[2350,-1691],[2354,-1704],[2351,-1715],[2353,-1721],[2353,-1736],[2341,-1738],[2332,-1734],[2326,-1739],[2323,-1747],[2318,-1749],[2312,-1716],[2310,-1712],[2309,-1703],[2311,-1697],[2317,-1691],[2337,-1684],[2342,-1680],[2344,-1675],[2358,-1667],[2358,-1666]]]}},{"type":"Feature","properties":{"id_case":"case_1236","registry_id_case":"case_1236"},"geometry":{"type":"Polygon","coordinates":[[[1154,-1709],[1157,-1709],[1170,-1718],[1175,-1728],[1161,-1728],[1154,-1730],[1154,-1736],[1152,-1736],[1153,-1744],[1137,-1743],[1124,-1745],[1115,-1725],[1114,-1719],[1116,-1713],[1154,-1710],[1154,-1709]]]}},{"type":"Feature","properties":{"id_case":"case_1237","registry_id_case":"case_1237"},"geometry":{"type":"Polygon","coordinates":[[[2300,-1716],[2303,-1716],[2312,-1749],[2301,-1738],[2291,-1734],[2275,-1731],[2288,-1721],[2300,-1717],[2300,-1716]]]}},{"type":"Feature","properties":{"id_case":"case_1238","registry_id_case":"case_1238"},"geometry":{"type":"Polygon","coordinates":[[[1563,-1632],[1568,-1634],[1568,-1657],[1575,-1668],[1578,-1669],[1612,-1697],[1606,-1713],[1595,-1724],[1594,-1728],[1598,-1738],[1593,-1738],[1579,-1742],[1546,-1738],[1535,-1739],[1521,-1733],[1518,-1739],[1499,-1742],[1476,-1748],[1476,-1745],[1470,-1733],[1487,-1729],[1491,-1721],[1493,-1708],[1516,-1709],[1509,-1683],[1501,-1672],[1496,-1659],[1502,-1650],[1510,-1644],[1518,-1646],[1529,-1640],[1533,-1643],[1540,-1642],[1545,-1638],[1563,-1633],[1563,-1632]]]}},{"type":"Feature","properties":{"id_case":"case_1239","registry_id_case":"case_1239"},"geometry":{"type":"Polygon","coordinates":[[[1227,-1727],[1233,-1728],[1235,-1734],[1234,-1740],[1230,-1753],[1225,-1755],[1220,-1762],[1205,-1759],[1199,-1751],[1176,-1753],[1159,-1744],[1158,-1736],[1170,-1738],[1186,-1737],[1201,-1732],[1217,-1731],[1227,-1728],[1227,-1727]]]}},{"type":"Feature","properties":{"id_case":"case_1240","registry_id_case":"case_1240"},"geometry":{"type":"Polygon","coordinates":[[[1306,-1703],[1318,-1704],[1323,-1712],[1318,-1735],[1305,-1771],[1307,-1773],[1303,-1773],[1297,-1771],[1289,-1764],[1291,-1756],[1281,-1737],[1296,-1727],[1303,-1709],[1306,-1705],[1306,-1703]]]}},{"type":"Feature","properties":{"id_case":"case_1241","registry_id_case":"case_1241"},"geometry":{"type":"Polygon","coordinates":[[[1103,-1713],[1114,-1713],[1112,-1725],[1121,-1745],[1121,-1750],[1109,-1751],[1102,-1755],[1093,-1753],[1093,-1755],[1089,-1759],[1069,-1764],[1063,-1768],[1054,-1769],[1059,-1758],[1062,-1755],[1075,-1754],[1078,-1752],[1079,-1746],[1081,-1744],[1088,-1742],[1090,-1733],[1089,-1732],[1092,-1729],[1093,-1720],[1103,-1714],[1103,-1713]]]}},{"type":"Feature","properties":{"id_case":"case_1242","registry_id_case":"case_1242"},"geometry":{"type":"Polygon","coordinates":[[[1872,-1617],[1889,-1623],[1894,-1637],[1929,-1642],[1929,-1644],[1942,-1659],[1943,-1662],[1941,-1662],[1928,-1672],[1912,-1677],[1912,-1681],[1924,-1700],[1921,-1718],[1915,-1734],[1929,-1757],[1910,-1759],[1908,-1760],[1908,-1765],[1871,-1759],[1867,-1765],[1850,-1767],[1850,-1773],[1832,-1780],[1828,-1771],[1823,-1771],[1792,-1780],[1791,-1757],[1793,-1744],[1781,-1735],[1768,-1720],[1744,-1726],[1743,-1719],[1752,-1698],[1753,-1696],[1767,-1698],[1787,-1691],[1791,-1677],[1797,-1671],[1807,-1666],[1815,-1664],[1819,-1656],[1840,-1657],[1841,-1644],[1853,-1641],[1872,-1618],[1872,-1617]]]}},{"type":"Feature","properties":{"id_case":"case_1243","registry_id_case":"case_1243"},"geometry":{"type":"Polygon","coordinates":[[[2086,-1650],[2103,-1650],[2106,-1653],[2110,-1654],[2128,-1652],[2140,-1664],[2140,-1678],[2125,-1683],[2124,-1688],[2136,-1702],[2147,-1705],[2161,-1706],[2172,-1711],[2178,-1737],[2176,-1742],[2173,-1745],[2151,-1750],[2147,-1748],[2141,-1750],[2133,-1745],[2133,-1752],[2130,-1756],[2125,-1757],[2125,-1760],[2122,-1765],[2111,-1767],[2102,-1766],[2096,-1770],[2095,-1776],[2090,-1775],[2084,-1771],[2080,-1767],[2086,-1758],[2085,-1741],[2100,-1729],[2100,-1725],[2084,-1709],[2082,-1709],[2063,-1696],[2063,-1694],[2065,-1694],[2069,-1690],[2082,-1683],[2082,-1681],[2078,-1682],[2065,-1676],[2064,-1673],[2066,-1667],[2086,-1659],[2086,-1655],[2086,-1650]]]}},{"type":"Feature","properties":{"id_case":"case_1244","registry_id_case":"case_1244"},"geometry":{"type":"Polygon","coordinates":[[[1157,-1745],[1176,-1755],[1172,-1777],[1151,-1775],[1142,-1778],[1117,-1770],[1122,-1755],[1126,-1750],[1148,-1748],[1153,-1750],[1157,-1746],[1157,-1745]]]}},{"type":"Feature","properties":{"id_case":"case_1245","registry_id_case":"case_1245"},"geometry":{"type":"Polygon","coordinates":[[[1248,-1708],[1252,-1709],[1254,-1721],[1252,-1728],[1255,-1732],[1250,-1735],[1246,-1746],[1248,-1755],[1252,-1762],[1250,-1768],[1246,-1773],[1232,-1774],[1220,-1777],[1216,-1775],[1215,-1772],[1225,-1758],[1232,-1754],[1237,-1732],[1241,-1730],[1242,-1725],[1238,-1717],[1247,-1715],[1248,-1713],[1248,-1708]]]}},{"type":"Feature","properties":{"id_case":"case_1246","registry_id_case":"case_1246"},"geometry":{"type":"Polygon","coordinates":[[[1276,-1738],[1280,-1738],[1289,-1760],[1282,-1773],[1281,-1783],[1271,-1788],[1251,-1785],[1247,-1778],[1254,-1774],[1258,-1760],[1264,-1756],[1266,-1743],[1265,-1741],[1276,-1739],[1276,-1738]]]}},{"type":"Feature","properties":{"id_case":"case_1247","registry_id_case":"case_1247"},"geometry":{"type":"Polygon","coordinates":[[[1110,-1756],[1120,-1756],[1120,-1758],[1112,-1777],[1102,-1782],[1102,-1791],[1083,-1797],[1060,-1791],[1061,-1779],[1059,-1774],[1066,-1773],[1071,-1770],[1090,-1764],[1096,-1759],[1099,-1758],[1103,-1760],[1110,-1757],[1110,-1756]]]}},{"type":"Feature","properties":{"id_case":"case_1248","registry_id_case":"case_1248"},"geometry":{"type":"Polygon","coordinates":[[[1473,-1645],[1500,-1650],[1494,-1660],[1497,-1671],[1507,-1686],[1513,-1707],[1492,-1706],[1490,-1720],[1485,-1728],[1468,-1732],[1468,-1735],[1475,-1751],[1469,-1760],[1481,-1791],[1467,-1799],[1457,-1794],[1445,-1780],[1444,-1777],[1446,-1768],[1444,-1762],[1433,-1753],[1419,-1750],[1410,-1723],[1393,-1720],[1370,-1724],[1370,-1720],[1366,-1712],[1372,-1701],[1379,-1697],[1384,-1685],[1389,-1680],[1407,-1676],[1411,-1667],[1431,-1661],[1449,-1649],[1473,-1646],[1473,-1645]]]}},{"type":"Feature","properties":{"id_case":"case_1249","registry_id_case":"case_1249"},"geometry":{"type":"Polygon","coordinates":[[[1646,-1679],[1661,-1685],[1665,-1705],[1672,-1712],[1674,-1712],[1685,-1720],[1674,-1739],[1675,-1748],[1662,-1762],[1661,-1773],[1664,-1779],[1677,-1780],[1692,-1775],[1698,-1778],[1702,-1791],[1696,-1808],[1684,-1805],[1683,-1801],[1677,-1798],[1676,-1794],[1639,-1793],[1637,-1795],[1631,-1796],[1621,-1808],[1616,-1809],[1603,-1783],[1585,-1777],[1578,-1778],[1558,-1740],[1581,-1744],[1600,-1739],[1601,-1738],[1596,-1725],[1606,-1715],[1608,-1715],[1618,-1686],[1636,-1681],[1646,-1680],[1646,-1679]]]}},{"type":"Feature","properties":{"id_case":"case_1250","registry_id_case":"case_1250"},"geometry":{"type":"Polygon","coordinates":[[[1196,-1753],[1198,-1753],[1198,-1755],[1204,-1761],[1217,-1763],[1218,-1766],[1213,-1773],[1205,-1772],[1198,-1774],[1196,-1788],[1190,-1796],[1189,-1804],[1186,-1809],[1182,-1808],[1184,-1795],[1175,-1779],[1174,-1773],[1178,-1755],[1196,-1754],[1196,-1753]]]}},{"type":"Feature","properties":{"id_case":"case_1251","registry_id_case":"case_1251"},"geometry":{"type":"Polygon","coordinates":[[[1207,-1777],[1210,-1777],[1219,-1782],[1227,-1783],[1231,-1781],[1245,-1779],[1249,-1786],[1236,-1799],[1226,-1799],[1213,-1811],[1208,-1812],[1194,-1808],[1195,-1798],[1200,-1791],[1201,-1780],[1203,-1778],[1207,-1778],[1207,-1777]]]}},{"type":"Feature","properties":{"id_case":"case_1252","registry_id_case":"case_1252"},"geometry":{"type":"Polygon","coordinates":[[[2060,-1697],[2063,-1697],[2085,-1712],[2085,-1714],[2098,-1728],[2095,-1729],[2083,-1740],[2084,-1759],[2078,-1768],[2087,-1775],[2092,-1777],[2093,-1780],[2089,-1789],[2080,-1794],[2076,-1802],[2072,-1816],[2062,-1812],[2062,-1810],[2045,-1786],[2040,-1781],[2033,-1778],[2023,-1768],[2022,-1759],[2024,-1749],[2019,-1734],[2018,-1732],[2016,-1732],[2015,-1726],[2017,-1723],[2019,-1712],[2015,-1703],[2027,-1702],[2040,-1707],[2043,-1701],[2055,-1702],[2060,-1698],[2060,-1697]]]}},{"type":"Feature","properties":{"id_case":"case_1253","registry_id_case":"case_1253"},"geometry":{"type":"Polygon","coordinates":[[[1116,-1772],[1132,-1775],[1145,-1781],[1155,-1777],[1173,-1779],[1181,-1795],[1182,-1799],[1180,-1807],[1169,-1804],[1154,-1803],[1148,-1806],[1132,-1803],[1128,-1813],[1121,-1814],[1098,-1795],[1103,-1793],[1104,-1783],[1112,-1780],[1116,-1774],[1116,-1772]]]}},{"type":"Feature","properties":{"id_case":"case_1254","registry_id_case":"case_1254"},"geometry":{"type":"Polygon","coordinates":[[[1686,-1721],[1697,-1722],[1729,-1730],[1746,-1729],[1767,-1722],[1770,-1725],[1770,-1727],[1780,-1737],[1782,-1737],[1788,-1742],[1791,-1745],[1789,-1771],[1792,-1798],[1787,-1820],[1774,-1825],[1771,-1813],[1765,-1814],[1758,-1818],[1757,-1815],[1751,-1809],[1743,-1809],[1731,-1806],[1729,-1805],[1728,-1790],[1705,-1789],[1703,-1788],[1699,-1776],[1690,-1773],[1670,-1778],[1665,-1777],[1663,-1762],[1676,-1749],[1677,-1736],[1686,-1723],[1686,-1721]]]}},{"type":"Feature","properties":{"id_case":"case_1255","registry_id_case":"case_1255"},"geometry":{"type":"Polygon","coordinates":[[[1287,-1766],[1289,-1766],[1298,-1773],[1306,-1775],[1306,-1789],[1303,-1797],[1296,-1805],[1288,-1808],[1282,-1814],[1278,-1821],[1270,-1822],[1267,-1813],[1259,-1807],[1259,-1788],[1275,-1790],[1278,-1788],[1283,-1784],[1283,-1773],[1287,-1768],[1287,-1766]]]}},{"type":"Feature","properties":{"id_case":"case_1256","registry_id_case":"case_1256"},"geometry":{"type":"Polygon","coordinates":[[[1050,-1774],[1057,-1774],[1058,-1792],[1055,-1801],[1059,-1809],[1051,-1820],[1035,-1822],[1017,-1798],[1016,-1794],[1020,-1790],[1050,-1775],[1050,-1774]]]}},{"type":"Feature","properties":{"id_case":"case_1257","registry_id_case":"case_1257"},"geometry":{"type":"Polygon","coordinates":[[[1250,-1787],[1257,-1788],[1257,-1808],[1265,-1814],[1268,-1825],[1252,-1828],[1245,-1827],[1221,-1829],[1215,-1820],[1214,-1813],[1225,-1802],[1238,-1800],[1250,-1788],[1250,-1787]]]}},{"type":"Feature","properties":{"id_case":"case_1258","registry_id_case":"case_1258"},"geometry":{"type":"Polygon","coordinates":[[[1522,-1735],[1534,-1740],[1555,-1740],[1576,-1780],[1588,-1779],[1602,-1785],[1605,-1796],[1614,-1810],[1586,-1819],[1577,-1817],[1573,-1818],[1568,-1825],[1560,-1828],[1559,-1832],[1548,-1834],[1529,-1823],[1523,-1825],[1515,-1832],[1509,-1833],[1499,-1831],[1485,-1796],[1477,-1769],[1471,-1759],[1477,-1750],[1519,-1741],[1522,-1737],[1522,-1735]]]}},{"type":"Feature","properties":{"id_case":"case_1259","registry_id_case":"case_1259"},"geometry":{"type":"Polygon","coordinates":[[[1059,-1793],[1086,-1799],[1096,-1795],[1121,-1815],[1122,-1820],[1118,-1825],[1116,-1835],[1100,-1837],[1087,-1835],[1083,-1836],[1082,-1832],[1065,-1829],[1053,-1822],[1054,-1818],[1062,-1806],[1057,-1798],[1059,-1795],[1059,-1793]]]}},{"type":"Feature","properties":{"id_case":"case_1260","registry_id_case":"case_1260"},"geometry":{"type":"Polygon","coordinates":[[[1133,-1805],[1150,-1808],[1154,-1806],[1168,-1805],[1184,-1810],[1184,-1813],[1177,-1822],[1152,-1827],[1146,-1832],[1138,-1832],[1126,-1837],[1120,-1834],[1118,-1835],[1119,-1826],[1123,-1821],[1124,-1816],[1128,-1815],[1133,-1807],[1133,-1805]]]}},{"type":"Feature","properties":{"id_case":"case_1261","registry_id_case":"case_1261"},"geometry":{"type":"Polygon","coordinates":[[[2011,-1697],[2013,-1697],[2012,-1702],[2017,-1717],[2016,-1723],[2013,-1724],[2013,-1732],[2018,-1741],[2018,-1746],[2021,-1749],[2021,-1769],[2031,-1779],[2039,-1783],[2045,-1791],[2042,-1794],[2022,-1797],[2010,-1803],[2005,-1810],[2004,-1814],[2008,-1826],[2004,-1836],[1998,-1842],[1986,-1844],[1951,-1826],[1928,-1810],[1928,-1789],[1917,-1779],[1910,-1776],[1910,-1762],[1933,-1759],[1917,-1730],[1923,-1715],[1942,-1711],[1959,-1700],[1965,-1698],[1993,-1706],[2011,-1698],[2011,-1697]]]}},{"type":"Feature","properties":{"id_case":"case_1262","registry_id_case":"case_1262"},"geometry":{"type":"Polygon","coordinates":[[[1394,-1722],[1409,-1725],[1417,-1752],[1433,-1754],[1442,-1763],[1444,-1771],[1442,-1781],[1455,-1795],[1438,-1807],[1443,-1824],[1440,-1836],[1435,-1835],[1423,-1840],[1408,-1827],[1402,-1826],[1399,-1833],[1397,-1833],[1385,-1842],[1381,-1844],[1373,-1841],[1365,-1845],[1360,-1835],[1356,-1831],[1330,-1819],[1330,-1813],[1332,-1807],[1341,-1801],[1348,-1775],[1352,-1771],[1354,-1771],[1358,-1748],[1360,-1748],[1367,-1742],[1368,-1730],[1370,-1726],[1394,-1723],[1394,-1722]]]}},{"type":"Feature","properties":{"id_case":"case_1263","registry_id_case":"case_1263"},"geometry":{"type":"Polygon","coordinates":[[[1359,-1704],[1365,-1712],[1364,-1715],[1367,-1721],[1368,-1727],[1366,-1740],[1361,-1745],[1357,-1746],[1353,-1768],[1352,-1770],[1346,-1773],[1346,-1779],[1342,-1795],[1338,-1801],[1331,-1804],[1328,-1818],[1320,-1823],[1314,-1829],[1310,-1837],[1305,-1839],[1303,-1832],[1306,-1825],[1297,-1806],[1304,-1798],[1306,-1793],[1308,-1780],[1307,-1778],[1310,-1773],[1307,-1769],[1310,-1762],[1312,-1762],[1312,-1753],[1319,-1735],[1323,-1717],[1339,-1706],[1349,-1708],[1359,-1705],[1359,-1704]]]}},{"type":"Feature","properties":{"id_case":"case_1264","registry_id_case":"case_1264"},"geometry":{"type":"Polygon","coordinates":[[[1013,-1799],[1015,-1799],[1019,-1803],[1019,-1805],[1033,-1823],[1023,-1835],[1016,-1842],[1001,-1843],[995,-1839],[986,-1836],[980,-1837],[971,-1843],[970,-1835],[975,-1829],[980,-1824],[990,-1824],[993,-1814],[1006,-1809],[1013,-1801],[1013,-1799]]]}},{"type":"Feature","properties":{"id_case":"case_1265","registry_id_case":"case_1265"},"geometry":{"type":"Polygon","coordinates":[[[1640,-1795],[1674,-1796],[1675,-1799],[1678,-1800],[1683,-1807],[1695,-1810],[1693,-1814],[1686,-1818],[1687,-1821],[1693,-1824],[1695,-1829],[1696,-1834],[1694,-1836],[1692,-1846],[1681,-1829],[1674,-1827],[1667,-1817],[1661,-1817],[1649,-1824],[1648,-1815],[1644,-1809],[1643,-1804],[1646,-1798],[1641,-1798],[1639,-1797],[1640,-1796],[1640,-1795]]]}},{"type":"Feature","properties":{"id_case":"case_1266","registry_id_case":"case_1266"},"geometry":{"type":"Polygon","coordinates":[[[1632,-1798],[1640,-1799],[1638,-1801],[1638,-1809],[1643,-1819],[1645,-1830],[1644,-1833],[1641,-1829],[1630,-1830],[1623,-1821],[1617,-1822],[1617,-1825],[1619,-1827],[1601,-1825],[1585,-1835],[1583,-1837],[1583,-1841],[1590,-1842],[1604,-1839],[1604,-1843],[1583,-1850],[1578,-1853],[1572,-1854],[1572,-1859],[1566,-1860],[1558,-1857],[1548,-1836],[1560,-1834],[1562,-1829],[1569,-1827],[1574,-1820],[1583,-1819],[1592,-1821],[1622,-1810],[1632,-1800],[1632,-1798]]]}},{"type":"Feature","properties":{"id_case":"case_1267","registry_id_case":"case_1267"},"geometry":{"type":"Polygon","coordinates":[[[1048,-1822],[1051,-1822],[1064,-1830],[1081,-1834],[1082,-1838],[1079,-1842],[1073,-1845],[1069,-1857],[1055,-1861],[1054,-1858],[1047,-1857],[1044,-1860],[1044,-1862],[1038,-1853],[1019,-1843],[1019,-1841],[1034,-1824],[1048,-1823],[1048,-1822]]]}},{"type":"Feature","properties":{"id_case":"case_1268","registry_id_case":"case_1268"},"geometry":{"type":"Polygon","coordinates":[[[1192,-1810],[1211,-1814],[1212,-1821],[1219,-1830],[1200,-1837],[1194,-1843],[1183,-1849],[1177,-1863],[1171,-1866],[1171,-1859],[1175,-1857],[1175,-1839],[1171,-1831],[1174,-1828],[1181,-1827],[1190,-1813],[1192,-1812],[1192,-1810]]]}},{"type":"Feature","properties":{"id_case":"case_1269","registry_id_case":"case_1269"},"geometry":{"type":"Polygon","coordinates":[[[1662,-1822],[1668,-1822],[1672,-1829],[1679,-1830],[1688,-1845],[1690,-1853],[1688,-1855],[1687,-1875],[1666,-1874],[1654,-1869],[1639,-1855],[1643,-1852],[1645,-1842],[1650,-1830],[1662,-1823],[1662,-1822]]]}},{"type":"Feature","properties":{"id_case":"case_1270","registry_id_case":"case_1270"},"geometry":{"type":"Polygon","coordinates":[[[1602,-1827],[1614,-1827],[1623,-1830],[1628,-1834],[1639,-1835],[1639,-1847],[1636,-1850],[1629,-1852],[1627,-1859],[1624,-1862],[1619,-1863],[1616,-1870],[1600,-1869],[1595,-1865],[1584,-1864],[1582,-1857],[1579,-1856],[1603,-1846],[1607,-1843],[1605,-1837],[1596,-1837],[1585,-1840],[1586,-1837],[1602,-1828],[1602,-1827]]]}},{"type":"Feature","properties":{"id_case":"case_1271","registry_id_case":"case_1271"},"geometry":{"type":"Polygon","coordinates":[[[1481,-1793],[1497,-1833],[1516,-1835],[1524,-1828],[1530,-1825],[1546,-1835],[1545,-1840],[1549,-1844],[1552,-1854],[1550,-1861],[1547,-1864],[1538,-1868],[1535,-1865],[1535,-1863],[1529,-1863],[1501,-1879],[1455,-1862],[1450,-1857],[1442,-1834],[1445,-1819],[1441,-1807],[1456,-1797],[1460,-1796],[1469,-1802],[1481,-1794],[1481,-1793]]]}},{"type":"Feature","properties":{"id_case":"case_1272","registry_id_case":"case_1272"},"geometry":{"type":"Polygon","coordinates":[[[1293,-1808],[1296,-1808],[1304,-1826],[1301,-1834],[1303,-1842],[1297,-1850],[1278,-1857],[1263,-1859],[1228,-1854],[1224,-1857],[1221,-1865],[1218,-1868],[1189,-1881],[1185,-1870],[1178,-1865],[1181,-1860],[1183,-1852],[1195,-1846],[1201,-1840],[1222,-1832],[1252,-1829],[1259,-1830],[1269,-1827],[1270,-1824],[1276,-1825],[1282,-1820],[1283,-1816],[1289,-1810],[1293,-1809],[1293,-1808]]]}},{"type":"Feature","properties":{"id_case":"case_1273","registry_id_case":"case_1273"},"geometry":{"type":"Polygon","coordinates":[[[981,-1839],[991,-1839],[1001,-1845],[998,-1865],[996,-1867],[993,-1867],[992,-1871],[990,-1871],[982,-1878],[977,-1879],[971,-1876],[965,-1880],[957,-1882],[953,-1876],[936,-1871],[956,-1866],[958,-1859],[967,-1852],[969,-1847],[972,-1844],[975,-1844],[981,-1840],[981,-1839]]]}},{"type":"Feature","properties":{"id_case":"case_1274","registry_id_case":"case_1274"},"geometry":{"type":"Polygon","coordinates":[[[1011,-1844],[1018,-1844],[1039,-1857],[1044,-1867],[1038,-1883],[1030,-1884],[1027,-1886],[1027,-1883],[1021,-1874],[1020,-1867],[1025,-1859],[1025,-1854],[1009,-1857],[1000,-1864],[1003,-1846],[1011,-1845],[1011,-1844]]]}},{"type":"Feature","properties":{"id_case":"case_1275","registry_id_case":"case_1275"},"geometry":{"type":"Polygon","coordinates":[[[1636,-1855],[1652,-1869],[1665,-1875],[1688,-1877],[1696,-1895],[1661,-1895],[1645,-1893],[1632,-1887],[1628,-1879],[1621,-1874],[1621,-1871],[1622,-1868],[1630,-1864],[1633,-1856],[1636,-1856],[1636,-1855]]]}},{"type":"Feature","properties":{"id_case":"case_1276","registry_id_case":"case_1276"},"geometry":{"type":"Polygon","coordinates":[[[1554,-1854],[1558,-1860],[1569,-1862],[1573,-1861],[1574,-1858],[1577,-1859],[1580,-1867],[1594,-1869],[1600,-1873],[1617,-1876],[1621,-1879],[1621,-1881],[1628,-1891],[1632,-1902],[1600,-1900],[1594,-1905],[1589,-1889],[1582,-1879],[1547,-1867],[1551,-1863],[1554,-1855],[1554,-1854]]]}},{"type":"Feature","properties":{"id_case":"case_1277","registry_id_case":"case_1277"},"geometry":{"type":"Polygon","coordinates":[[[1872,-1761],[1908,-1768],[1908,-1777],[1914,-1779],[1926,-1789],[1925,-1809],[1909,-1815],[1902,-1848],[1912,-1863],[1904,-1875],[1925,-1886],[1926,-1889],[1922,-1896],[1903,-1915],[1895,-1907],[1877,-1910],[1869,-1902],[1830,-1899],[1824,-1883],[1830,-1875],[1841,-1869],[1837,-1854],[1839,-1854],[1842,-1851],[1842,-1849],[1817,-1849],[1802,-1847],[1790,-1822],[1789,-1817],[1794,-1790],[1793,-1782],[1827,-1773],[1831,-1782],[1836,-1782],[1852,-1774],[1852,-1769],[1868,-1767],[1872,-1762],[1872,-1761]]]}},{"type":"Feature","properties":{"id_case":"case_1278","registry_id_case":"case_1278"},"geometry":{"type":"Polygon","coordinates":[[[1704,-1790],[1726,-1792],[1728,-1807],[1750,-1811],[1757,-1818],[1757,-1820],[1760,-1820],[1770,-1815],[1773,-1827],[1776,-1827],[1787,-1822],[1801,-1849],[1795,-1864],[1782,-1883],[1770,-1897],[1765,-1909],[1763,-1916],[1773,-1931],[1752,-1941],[1748,-1942],[1743,-1939],[1738,-1934],[1734,-1926],[1728,-1920],[1721,-1917],[1721,-1915],[1709,-1900],[1699,-1896],[1690,-1876],[1690,-1855],[1692,-1853],[1698,-1829],[1694,-1822],[1690,-1820],[1690,-1818],[1697,-1814],[1697,-1808],[1702,-1794],[1704,-1792],[1704,-1790]]]}},{"type":"Feature","properties":{"id_case":"case_1279","registry_id_case":"case_1279"},"geometry":{"type":"Polygon","coordinates":[[[1649,-1896],[1672,-1898],[1686,-1896],[1700,-1898],[1708,-1902],[1708,-1904],[1719,-1918],[1717,-1918],[1701,-1930],[1697,-1937],[1692,-1942],[1690,-1942],[1688,-1935],[1686,-1935],[1672,-1919],[1668,-1919],[1667,-1915],[1663,-1911],[1655,-1907],[1653,-1905],[1652,-1899],[1649,-1897],[1649,-1896]]]}},{"type":"Feature","properties":{"id_case":"case_1280","registry_id_case":"case_1280"},"geometry":{"type":"Polygon","coordinates":[[[1328,-1820],[1355,-1833],[1363,-1847],[1376,-1843],[1381,-1846],[1381,-1861],[1376,-1866],[1375,-1870],[1389,-1878],[1386,-1911],[1405,-1926],[1401,-1944],[1372,-1946],[1371,-1941],[1365,-1935],[1353,-1932],[1347,-1923],[1339,-1922],[1337,-1917],[1323,-1915],[1318,-1913],[1314,-1909],[1310,-1908],[1301,-1914],[1297,-1911],[1297,-1909],[1294,-1909],[1292,-1910],[1289,-1916],[1282,-1917],[1274,-1906],[1274,-1896],[1270,-1890],[1246,-1889],[1236,-1887],[1232,-1884],[1231,-1880],[1223,-1868],[1222,-1865],[1227,-1857],[1239,-1856],[1275,-1861],[1288,-1857],[1298,-1852],[1301,-1849],[1304,-1842],[1312,-1839],[1317,-1829],[1322,-1824],[1328,-1821],[1328,-1820]]]}},{"type":"Feature","properties":{"id_case":"case_1281","registry_id_case":"case_1281"},"geometry":{"type":"Polygon","coordinates":[[[2045,-1793],[2047,-1793],[2049,-1798],[2061,-1814],[2071,-1818],[2069,-1826],[2072,-1840],[2069,-1849],[2072,-1858],[2066,-1862],[2059,-1860],[2041,-1860],[2041,-1867],[2024,-1879],[2021,-1901],[2031,-1922],[2028,-1925],[2018,-1930],[1997,-1933],[1956,-1942],[1943,-1922],[1931,-1921],[1913,-1909],[1913,-1907],[1927,-1891],[1928,-1886],[1907,-1875],[1914,-1861],[1903,-1845],[1910,-1817],[1928,-1811],[1952,-1828],[1990,-1846],[1999,-1844],[2005,-1838],[2010,-1823],[2006,-1812],[2012,-1804],[2027,-1799],[2041,-1797],[2045,-1794],[2045,-1793]]]}},{"type":"Feature","properties":{"id_case":"case_1282","registry_id_case":"case_1282"},"geometry":{"type":"Polygon","coordinates":[[[1310,-1910],[1313,-1910],[1319,-1915],[1336,-1919],[1338,-1924],[1346,-1925],[1352,-1934],[1366,-1938],[1369,-1945],[1355,-1943],[1354,-1947],[1348,-1948],[1342,-1943],[1333,-1941],[1330,-1943],[1327,-1941],[1315,-1945],[1296,-1936],[1293,-1931],[1284,-1934],[1283,-1931],[1274,-1928],[1278,-1925],[1281,-1919],[1291,-1918],[1295,-1911],[1298,-1915],[1303,-1917],[1310,-1912],[1310,-1910]]]}},{"type":"Feature","properties":{"id_case":"case_1283","registry_id_case":"case_1283"},"geometry":{"type":"Polygon","coordinates":[[[1403,-1828],[1407,-1828],[1413,-1836],[1415,-1836],[1424,-1843],[1437,-1837],[1440,-1838],[1447,-1856],[1453,-1864],[1463,-1866],[1501,-1881],[1499,-1910],[1482,-1919],[1480,-1934],[1477,-1934],[1463,-1927],[1451,-1925],[1434,-1936],[1412,-1947],[1409,-1948],[1403,-1944],[1407,-1925],[1388,-1911],[1391,-1876],[1377,-1869],[1382,-1862],[1383,-1846],[1400,-1835],[1403,-1829],[1403,-1828]]]}},{"type":"Feature","properties":{"id_case":"case_1284","registry_id_case":"case_1284"},"geometry":{"type":"Polygon","coordinates":[[[1530,-1865],[1534,-1865],[1536,-1869],[1551,-1869],[1580,-1880],[1585,-1885],[1596,-1916],[1603,-1918],[1604,-1921],[1622,-1940],[1631,-1944],[1628,-1946],[1628,-1951],[1621,-1948],[1617,-1942],[1602,-1937],[1596,-1926],[1588,-1923],[1587,-1926],[1581,-1919],[1571,-1919],[1571,-1899],[1568,-1896],[1559,-1893],[1557,-1891],[1557,-1886],[1554,-1883],[1546,-1883],[1537,-1879],[1533,-1875],[1530,-1866],[1530,-1865]]]}},{"type":"Feature","properties":{"id_case":"case_1285","registry_id_case":"case_1285"},"geometry":{"type":"Polygon","coordinates":[[[1601,-1902],[1624,-1904],[1630,-1903],[1640,-1907],[1642,-1920],[1645,-1924],[1648,-1924],[1649,-1928],[1656,-1930],[1657,-1935],[1644,-1946],[1630,-1951],[1630,-1947],[1633,-1946],[1633,-1943],[1622,-1938],[1622,-1936],[1604,-1916],[1601,-1916],[1597,-1913],[1595,-1907],[1601,-1903],[1601,-1902]]]}},{"type":"Feature","properties":{"id_case":"case_1286","registry_id_case":"case_1286"},"geometry":{"type":"Polygon","coordinates":[[[1220,-1868],[1232,-1888],[1268,-1892],[1270,-1894],[1272,-1901],[1270,-1906],[1280,-1918],[1276,-1924],[1272,-1926],[1272,-1929],[1274,-1931],[1281,-1933],[1283,-1937],[1252,-1954],[1253,-1966],[1242,-1970],[1235,-1971],[1219,-1966],[1206,-1958],[1196,-1954],[1192,-1945],[1168,-1941],[1160,-1944],[1158,-1942],[1158,-1939],[1162,-1935],[1162,-1927],[1165,-1916],[1168,-1910],[1175,-1907],[1175,-1899],[1181,-1896],[1181,-1891],[1183,-1887],[1185,-1885],[1209,-1876],[1220,-1869],[1220,-1868]]]}},{"type":"Feature","properties":{"id_case":"case_1287","registry_id_case":"case_1287"},"geometry":{"type":"Polygon","coordinates":[[[1526,-1868],[1528,-1868],[1530,-1874],[1535,-1880],[1541,-1883],[1553,-1885],[1555,-1887],[1555,-1892],[1558,-1895],[1565,-1897],[1569,-1900],[1569,-1920],[1580,-1921],[1585,-1928],[1588,-1928],[1588,-1926],[1594,-1927],[1600,-1938],[1610,-1940],[1615,-1943],[1619,-1949],[1628,-1954],[1630,-1959],[1620,-1959],[1610,-1967],[1598,-1969],[1584,-1978],[1566,-1979],[1569,-1964],[1559,-1957],[1553,-1949],[1552,-1940],[1554,-1925],[1552,-1923],[1549,-1923],[1530,-1928],[1518,-1925],[1515,-1924],[1501,-1910],[1501,-1892],[1503,-1880],[1526,-1869],[1526,-1868]]]}},{"type":"Feature","properties":{"id_case":"case_1288","registry_id_case":"case_1288"},"geometry":{"type":"Polygon","coordinates":[[[2071,-1860],[2075,-1861],[2075,-1863],[2083,-1873],[2103,-1876],[2106,-1875],[2103,-1880],[2102,-1895],[2105,-1896],[2105,-1898],[2111,-1905],[2111,-1915],[2114,-1918],[2116,-1924],[2108,-1929],[2108,-1935],[2103,-1955],[2115,-1966],[2117,-1982],[2114,-1986],[2099,-1985],[2085,-1979],[2079,-1961],[2061,-1965],[2051,-1951],[2040,-1942],[2041,-1930],[2034,-1923],[2025,-1903],[2023,-1894],[2026,-1880],[2043,-1868],[2042,-1862],[2058,-1861],[2068,-1864],[2071,-1861],[2071,-1860]]]}},{"type":"Feature","properties":{"id_case":"case_1289","registry_id_case":"case_1289"},"geometry":{"type":"Polygon","coordinates":[[[1720,-1919],[1726,-1921],[1733,-1928],[1737,-1936],[1742,-1941],[1758,-1950],[1755,-1953],[1755,-1955],[1742,-1968],[1735,-1988],[1722,-1984],[1715,-1978],[1711,-1962],[1708,-1959],[1704,-1958],[1704,-1954],[1702,-1954],[1696,-1949],[1694,-1942],[1706,-1929],[1708,-1929],[1720,-1920],[1720,-1919]]]}},{"type":"Feature","properties":{"id_case":"case_1290","registry_id_case":"case_1290"},"geometry":{"type":"Polygon","coordinates":[[[1659,-1936],[1672,-1941],[1677,-1946],[1683,-1965],[1685,-1968],[1691,-1969],[1693,-1971],[1693,-1976],[1696,-1979],[1693,-1982],[1680,-1988],[1663,-1984],[1649,-1977],[1641,-1967],[1636,-1967],[1632,-1964],[1633,-1957],[1630,-1953],[1645,-1949],[1659,-1937],[1659,-1936]]]}},{"type":"Feature","properties":{"id_case":"case_1291","registry_id_case":"case_1291"},"geometry":{"type":"Polygon","coordinates":[[[1802,-1849],[1829,-1851],[1839,-1850],[1834,-1855],[1838,-1868],[1833,-1870],[1825,-1877],[1821,-1886],[1829,-1901],[1865,-1903],[1869,-1904],[1876,-1911],[1880,-1912],[1895,-1910],[1901,-1916],[1901,-1939],[1883,-1950],[1871,-1967],[1844,-1969],[1842,-1986],[1849,-2005],[1838,-2003],[1825,-1996],[1819,-1992],[1811,-1982],[1809,-1982],[1785,-1965],[1772,-1960],[1753,-1945],[1753,-1943],[1775,-1933],[1775,-1928],[1765,-1912],[1772,-1897],[1788,-1877],[1802,-1852],[1802,-1849]]]}},{"type":"Feature","properties":{"id_case":"case_1292","registry_id_case":"case_1292"},"geometry":{"type":"Polygon","coordinates":[[[1498,-1912],[1501,-1912],[1514,-1925],[1530,-1929],[1535,-1930],[1552,-1925],[1550,-1950],[1559,-1960],[1561,-1960],[1567,-1965],[1564,-1980],[1555,-1991],[1549,-2002],[1542,-2005],[1531,-2006],[1521,-2020],[1519,-2020],[1516,-2006],[1511,-1996],[1492,-1982],[1491,-1979],[1465,-1975],[1449,-1977],[1446,-1964],[1423,-1959],[1413,-1950],[1444,-1934],[1451,-1928],[1455,-1927],[1466,-1929],[1480,-1937],[1483,-1921],[1498,-1913],[1498,-1912]]]}},{"type":"Feature","properties":{"id_case":"case_1293","registry_id_case":"case_1293"},"geometry":{"type":"Polygon","coordinates":[[[1175,-1866],[1177,-1866],[1183,-1871],[1187,-1882],[1182,-1885],[1179,-1894],[1174,-1896],[1173,-1905],[1166,-1909],[1160,-1930],[1161,-1934],[1158,-1937],[1156,-1944],[1162,-1946],[1170,-1943],[1173,-1959],[1172,-1965],[1164,-1963],[1156,-1971],[1154,-1980],[1153,-1987],[1156,-1997],[1167,-2011],[1162,-2011],[1161,-2016],[1158,-2015],[1156,-1998],[1148,-1988],[1139,-1983],[1140,-1974],[1138,-1971],[1134,-1971],[1133,-1966],[1136,-1961],[1138,-1943],[1131,-1931],[1139,-1928],[1141,-1922],[1153,-1918],[1157,-1914],[1159,-1908],[1158,-1903],[1170,-1887],[1172,-1881],[1173,-1868],[1175,-1867],[1175,-1866]]]}},{"type":"Feature","properties":{"id_case":"case_1294","registry_id_case":"case_1294"},"geometry":{"type":"Polygon","coordinates":[[[1172,-1943],[1184,-1944],[1189,-1946],[1192,-1948],[1195,-1956],[1203,-1958],[1212,-1964],[1226,-1970],[1257,-1977],[1278,-1978],[1290,-1984],[1300,-1985],[1321,-1999],[1316,-2003],[1302,-2007],[1296,-2021],[1294,-2021],[1291,-2018],[1287,-2017],[1277,-2007],[1272,-2005],[1252,-2002],[1245,-2003],[1241,-2001],[1238,-1998],[1238,-1996],[1230,-1996],[1216,-1999],[1213,-1998],[1211,-1997],[1209,-1991],[1201,-1991],[1198,-1990],[1195,-1985],[1187,-1985],[1188,-1980],[1186,-1976],[1176,-1973],[1173,-1965],[1176,-1952],[1172,-1945],[1172,-1943]]]}},{"type":"Feature","properties":{"id_case":"case_1295","registry_id_case":"case_1295"},"geometry":{"type":"Polygon","coordinates":[[[1759,-1952],[1761,-1952],[1771,-1961],[1786,-1967],[1798,-1976],[1790,-1987],[1786,-1999],[1793,-2031],[1779,-2025],[1776,-2019],[1768,-2016],[1764,-2012],[1761,-2002],[1740,-1994],[1736,-1990],[1743,-1969],[1759,-1953],[1759,-1952]]]}},{"type":"Feature","properties":{"id_case":"case_1296","registry_id_case":"case_1296"},"geometry":{"type":"Polygon","coordinates":[[[1193,-1992],[1195,-1994],[1206,-1996],[1206,-1999],[1209,-2002],[1224,-2005],[1235,-2002],[1242,-2007],[1270,-2009],[1273,-2010],[1285,-2021],[1293,-2025],[1285,-2027],[1274,-2022],[1270,-2025],[1258,-2023],[1257,-2026],[1253,-2027],[1251,-2031],[1239,-2029],[1235,-2032],[1230,-2033],[1215,-2026],[1200,-2013],[1193,-1995],[1193,-1992]]]}},{"type":"Feature","properties":{"id_case":"case_1297","registry_id_case":"case_1297"},"geometry":{"type":"Polygon","coordinates":[[[1290,-1933],[1292,-1933],[1294,-1937],[1304,-1942],[1319,-1947],[1339,-1943],[1349,-1950],[1359,-1969],[1373,-1976],[1378,-1977],[1383,-1975],[1384,-1988],[1392,-1993],[1392,-2003],[1382,-2011],[1383,-2019],[1386,-2025],[1385,-2038],[1382,-2037],[1381,-2034],[1372,-2025],[1363,-2023],[1355,-2016],[1338,-2008],[1331,-2002],[1321,-1998],[1301,-1984],[1290,-1983],[1279,-1977],[1258,-1976],[1245,-1973],[1245,-1971],[1255,-1967],[1254,-1956],[1256,-1954],[1274,-1946],[1290,-1934],[1290,-1933]]]}},{"type":"Feature","properties":{"id_case":"case_1298","registry_id_case":"case_1298"},"geometry":{"type":"Polygon","coordinates":[[[1910,-1910],[1914,-1911],[1930,-1922],[1940,-1923],[1955,-1944],[1974,-1941],[1975,-1966],[1990,-1989],[1997,-2019],[2000,-2041],[1968,-2044],[1940,-2040],[1936,-2038],[1936,-2036],[1907,-2029],[1903,-2027],[1903,-2025],[1893,-2025],[1885,-2022],[1851,-2006],[1844,-1980],[1846,-1971],[1873,-1969],[1875,-1964],[1884,-1952],[1888,-1951],[1903,-1941],[1904,-1916],[1910,-1911],[1910,-1910]]]}},{"type":"Feature","properties":{"id_case":"case_1299","registry_id_case":"case_1299"},"geometry":{"type":"Polygon","coordinates":[[[1799,-1978],[1809,-1983],[1817,-1993],[1838,-2005],[1838,-2023],[1835,-2031],[1827,-2043],[1815,-2041],[1808,-2030],[1798,-2028],[1795,-2026],[1788,-1996],[1790,-1989],[1799,-1979],[1799,-1978]]]}},{"type":"Feature","properties":{"id_case":"case_1300","registry_id_case":"case_1300"},"geometry":{"type":"Polygon","coordinates":[[[1697,-1980],[1701,-1980],[1701,-1982],[1706,-1988],[1711,-1989],[1718,-1994],[1718,-1997],[1723,-2007],[1733,-2018],[1690,-2028],[1675,-2035],[1661,-2046],[1665,-2042],[1669,-2034],[1677,-2028],[1678,-2024],[1686,-2013],[1688,-2002],[1684,-1989],[1691,-1986],[1697,-1981],[1697,-1980]]]}},{"type":"Feature","properties":{"id_case":"case_1301","registry_id_case":"case_1301"},"geometry":{"type":"Polygon","coordinates":[[[2031,-1924],[2038,-1931],[2038,-1943],[2042,-1945],[2050,-1953],[2050,-1955],[2059,-1967],[2078,-1963],[2085,-1982],[2097,-1986],[2112,-1988],[2111,-1998],[2118,-2011],[2114,-2017],[2108,-2020],[2107,-2027],[2103,-2027],[2102,-2030],[2093,-2032],[2088,-2035],[2087,-2043],[2085,-2043],[2084,-2048],[2064,-2050],[2061,-2060],[2002,-2041],[2000,-2018],[1993,-1988],[1978,-1966],[1976,-1940],[2019,-1933],[2024,-1931],[2031,-1925],[2031,-1924]]]}},{"type":"Feature","properties":{"id_case":"case_1302","registry_id_case":"case_1302"},"geometry":{"type":"Polygon","coordinates":[[[1663,-1986],[1682,-1990],[1686,-2009],[1685,-2012],[1675,-2027],[1668,-2032],[1668,-2034],[1658,-2049],[1648,-2050],[1635,-2058],[1636,-2054],[1655,-2023],[1657,-2012],[1664,-2004],[1665,-1999],[1663,-1988],[1663,-1986]]]}},{"type":"Feature","properties":{"id_case":"case_1303","registry_id_case":"case_1303"},"geometry":{"type":"Polygon","coordinates":[[[1841,-2005],[1850,-2007],[1884,-2023],[1882,-2037],[1884,-2045],[1876,-2047],[1864,-2065],[1862,-2065],[1852,-2058],[1845,-2051],[1828,-2044],[1839,-2024],[1841,-2008],[1841,-2005]]]}},{"type":"Feature","properties":{"id_case":"case_1304","registry_id_case":"case_1304"},"geometry":{"type":"Polygon","coordinates":[[[1621,-1961],[1630,-1962],[1631,-1967],[1640,-1969],[1648,-1979],[1660,-1985],[1663,-2004],[1656,-2011],[1654,-2023],[1632,-2059],[1622,-2065],[1613,-2057],[1613,-2048],[1623,-2026],[1629,-2023],[1628,-2014],[1621,-2004],[1609,-1999],[1603,-2000],[1595,-2007],[1587,-2003],[1585,-1980],[1599,-1972],[1611,-1970],[1621,-1962],[1621,-1961]]]}},{"type":"Feature","properties":{"id_case":"case_1305","registry_id_case":"case_1305"},"geometry":{"type":"Polygon","coordinates":[[[1357,-1945],[1380,-1948],[1403,-1946],[1411,-1950],[1422,-1960],[1443,-1965],[1446,-1977],[1448,-1979],[1477,-1977],[1490,-1981],[1490,-1983],[1492,-1983],[1510,-1998],[1515,-2014],[1492,-2015],[1473,-2011],[1463,-2017],[1441,-2022],[1429,-2034],[1433,-2049],[1442,-2056],[1439,-2068],[1436,-2073],[1424,-2077],[1407,-2062],[1401,-2052],[1387,-2040],[1388,-2024],[1384,-2012],[1394,-2004],[1394,-1991],[1386,-1987],[1384,-1973],[1375,-1975],[1359,-1966],[1352,-1950],[1355,-1949],[1357,-1946],[1357,-1945]]]}},{"type":"Feature","properties":{"id_case":"case_1306","registry_id_case":"case_1306"},"geometry":{"type":"Polygon","coordinates":[[[1261,-2028],[1267,-2028],[1272,-2030],[1278,-2028],[1290,-2032],[1295,-2031],[1337,-2045],[1340,-2052],[1337,-2063],[1329,-2072],[1327,-2072],[1327,-2070],[1317,-2055],[1300,-2049],[1280,-2045],[1265,-2057],[1261,-2053],[1261,-2050],[1254,-2039],[1244,-2038],[1240,-2035],[1243,-2034],[1252,-2036],[1255,-2032],[1260,-2031],[1261,-2029],[1261,-2028]]]}},{"type":"Feature","properties":{"id_case":"case_1307","registry_id_case":"case_1307"},"geometry":{"type":"Polygon","coordinates":[[[1943,-2042],[1983,-2046],[2005,-2043],[2008,-2044],[2009,-2072],[2006,-2077],[2002,-2077],[1995,-2082],[1991,-2083],[1959,-2065],[1955,-2061],[1953,-2056],[1946,-2051],[1943,-2044],[1943,-2042]]]}},{"type":"Feature","properties":{"id_case":"case_1308","registry_id_case":"case_1308"},"geometry":{"type":"Polygon","coordinates":[[[1886,-2024],[1902,-2027],[1902,-2029],[1917,-2033],[1917,-2036],[1911,-2046],[1909,-2057],[1920,-2072],[1910,-2075],[1898,-2075],[1898,-2081],[1896,-2079],[1874,-2073],[1865,-2067],[1865,-2065],[1875,-2051],[1887,-2045],[1884,-2030],[1886,-2025],[1886,-2024]]]}},{"type":"Feature","properties":{"id_case":"case_1309","registry_id_case":"case_1309"},"geometry":{"type":"Polygon","coordinates":[[[1919,-2035],[1931,-2037],[1940,-2041],[1944,-2053],[1949,-2055],[1958,-2067],[1978,-2077],[1978,-2079],[1976,-2081],[1969,-2082],[1967,-2087],[1950,-2089],[1937,-2081],[1931,-2079],[1927,-2072],[1922,-2072],[1921,-2067],[1912,-2056],[1912,-2047],[1916,-2039],[1919,-2037],[1919,-2035]]]}},{"type":"Feature","properties":{"id_case":"case_1310","registry_id_case":"case_1310"},"geometry":{"type":"Polygon","coordinates":[[[1323,-2001],[1330,-2003],[1336,-2008],[1354,-2017],[1364,-2025],[1370,-2026],[1379,-2035],[1381,-2039],[1390,-2044],[1400,-2054],[1404,-2062],[1408,-2064],[1403,-2076],[1391,-2086],[1384,-2088],[1378,-2083],[1363,-2081],[1361,-2079],[1361,-2076],[1357,-2074],[1355,-2068],[1351,-2064],[1351,-2050],[1349,-2048],[1344,-2047],[1340,-2041],[1298,-2028],[1297,-2022],[1303,-2009],[1317,-2006],[1323,-2002],[1323,-2001]]]}},{"type":"Feature","properties":{"id_case":"case_1311","registry_id_case":"case_1311"},"geometry":{"type":"Polygon","coordinates":[[[2010,-2045],[2023,-2048],[2048,-2058],[2047,-2064],[2049,-2066],[2053,-2081],[2061,-2085],[2067,-2093],[2055,-2090],[2046,-2084],[2037,-2086],[2036,-2083],[2023,-2078],[2013,-2076],[2009,-2078],[2008,-2077],[2010,-2075],[2010,-2051],[2010,-2045]]]}},{"type":"Feature","properties":{"id_case":"case_1312","registry_id_case":"case_1312"},"geometry":{"type":"Polygon","coordinates":[[[2079,-2050],[2085,-2050],[2090,-2062],[2096,-2070],[2098,-2081],[2105,-2084],[2105,-2087],[2101,-2089],[2100,-2095],[2072,-2095],[2062,-2083],[2055,-2080],[2053,-2067],[2049,-2062],[2050,-2060],[2063,-2062],[2066,-2052],[2079,-2051],[2079,-2050]]]}},{"type":"Feature","properties":{"id_case":"case_1313","registry_id_case":"case_1313"},"geometry":{"type":"Polygon","coordinates":[[[1565,-1981],[1583,-1981],[1583,-1995],[1584,-2003],[1586,-2005],[1596,-2009],[1602,-2004],[1614,-2002],[1620,-2006],[1620,-2008],[1625,-2014],[1627,-2022],[1622,-2024],[1612,-2048],[1611,-2058],[1620,-2065],[1603,-2072],[1595,-2079],[1595,-2081],[1592,-2084],[1590,-2084],[1572,-2096],[1553,-2102],[1550,-2083],[1540,-2076],[1544,-2069],[1547,-2058],[1543,-2050],[1538,-2042],[1523,-2045],[1514,-2033],[1519,-2023],[1523,-2021],[1523,-2019],[1529,-2011],[1532,-2008],[1543,-2008],[1549,-2005],[1555,-1993],[1565,-1982],[1565,-1981]]]}},{"type":"Feature","properties":{"id_case":"case_1314","registry_id_case":"case_1314"},"geometry":{"type":"Polygon","coordinates":[[[1473,-2013],[1499,-2017],[1517,-2017],[1518,-2023],[1512,-2034],[1521,-2047],[1537,-2044],[1538,-2045],[1545,-2063],[1538,-2077],[1548,-2084],[1551,-2102],[1534,-2101],[1515,-2105],[1478,-2099],[1462,-2101],[1439,-2093],[1428,-2082],[1428,-2078],[1439,-2074],[1444,-2055],[1434,-2047],[1432,-2034],[1442,-2024],[1461,-2021],[1473,-2014],[1473,-2013]]]}},{"type":"Feature","properties":{"id_case":"case_1315","registry_id_case":"case_1315"},"geometry":{"type":"Polygon","coordinates":[[[1281,-2047],[1303,-2051],[1317,-2058],[1326,-2075],[1329,-2084],[1331,-2108],[1319,-2110],[1316,-2104],[1304,-2100],[1302,-2095],[1303,-2089],[1301,-2084],[1280,-2076],[1279,-2070],[1270,-2063],[1268,-2058],[1281,-2048],[1281,-2047]]]}},{"type":"Feature","properties":{"id_case":"case_1316","registry_id_case":"case_1316"},"geometry":{"type":"Polygon","coordinates":[[[1342,-2052],[1346,-2053],[1345,-2066],[1351,-2076],[1353,-2076],[1356,-2079],[1357,-2083],[1368,-2086],[1367,-2104],[1370,-2111],[1366,-2118],[1356,-2119],[1345,-2115],[1333,-2108],[1333,-2087],[1329,-2074],[1337,-2065],[1342,-2053],[1342,-2052]]]}},{"type":"Feature","properties":{"id_case":"case_1317","registry_id_case":"case_1317"},"geometry":{"type":"Polygon","coordinates":[[[1409,-2067],[1411,-2067],[1418,-2073],[1438,-2095],[1462,-2102],[1472,-2103],[1484,-2101],[1516,-2107],[1515,-2123],[1513,-2126],[1496,-2125],[1465,-2129],[1451,-2123],[1423,-2122],[1412,-2114],[1402,-2109],[1397,-2096],[1391,-2088],[1393,-2088],[1403,-2080],[1405,-2074],[1409,-2069],[1409,-2067]]]}},{"type":"Feature","properties":{"id_case":"case_1318","registry_id_case":"case_1318"},"geometry":{"type":"Polygon","coordinates":[[[1925,-2099],[1933,-2099],[1937,-2105],[1955,-2107],[1962,-2112],[1974,-2106],[1972,-2113],[1968,-2113],[1966,-2117],[1968,-2119],[1976,-2120],[1982,-2126],[1982,-2128],[1978,-2124],[1974,-2124],[1975,-2129],[1979,-2131],[1977,-2132],[1971,-2129],[1958,-2120],[1953,-2113],[1940,-2112],[1934,-2116],[1919,-2114],[1914,-2117],[1915,-2112],[1919,-2110],[1919,-2106],[1928,-2108],[1930,-2106],[1929,-2103],[1923,-2101],[1925,-2100],[1925,-2099]]]}},{"type":"Feature","properties":{"id_case":"case_1319","registry_id_case":"case_1319"},"geometry":{"type":"Polygon","coordinates":[[[1651,-2051],[1655,-2051],[1648,-2062],[1641,-2081],[1619,-2096],[1613,-2104],[1591,-2110],[1579,-2116],[1576,-2121],[1552,-2133],[1536,-2135],[1515,-2127],[1518,-2107],[1543,-2103],[1553,-2105],[1570,-2100],[1589,-2089],[1597,-2082],[1597,-2080],[1601,-2076],[1620,-2069],[1651,-2052],[1651,-2051]]]}},{"type":"Feature","properties":{"id_case":"case_1320","registry_id_case":"case_1320"},"geometry":{"type":"Polygon","coordinates":[[[1370,-2087],[1375,-2087],[1380,-2091],[1388,-2093],[1394,-2103],[1393,-2106],[1399,-2114],[1406,-2116],[1420,-2125],[1404,-2129],[1401,-2136],[1394,-2137],[1392,-2139],[1392,-2142],[1386,-2145],[1385,-2148],[1379,-2147],[1375,-2132],[1366,-2120],[1372,-2109],[1370,-2103],[1370,-2095],[1370,-2087]]]}},{"type":"Feature","properties":{"id_case":"case_1321","registry_id_case":"case_1321"},"geometry":{"type":"Polygon","coordinates":[[[1329,-2110],[1334,-2110],[1344,-2116],[1359,-2122],[1365,-2121],[1372,-2134],[1377,-2149],[1375,-2149],[1375,-2152],[1372,-2155],[1370,-2155],[1367,-2152],[1367,-2150],[1359,-2147],[1355,-2149],[1355,-2154],[1351,-2160],[1341,-2159],[1334,-2153],[1321,-2136],[1320,-2131],[1322,-2123],[1319,-2113],[1329,-2111],[1329,-2110]]]}},{"type":"Feature","properties":{"id_case":"case_1322","registry_id_case":"case_1322"},"geometry":{"type":"Polygon","coordinates":[[[2047,-2096],[2050,-2096],[2054,-2102],[2060,-2104],[2065,-2102],[2071,-2104],[2071,-2106],[2067,-2110],[2063,-2111],[2062,-2117],[2064,-2117],[2071,-2123],[2072,-2129],[2065,-2129],[2061,-2131],[2060,-2136],[2053,-2139],[2052,-2144],[2051,-2146],[2049,-2146],[2046,-2153],[2048,-2157],[2038,-2164],[2036,-2160],[2041,-2153],[2040,-2147],[2043,-2146],[2046,-2139],[2043,-2136],[2046,-2135],[2047,-2130],[2041,-2120],[2031,-2117],[2031,-2113],[2033,-2109],[2041,-2106],[2047,-2098],[2047,-2096]]]}},{"type":"Feature","properties":{"id_case":"case_1323","registry_id_case":"case_1323"},"geometry":{"type":"Polygon","coordinates":[[[2105,-2089],[2106,-2099],[2101,-2107],[2097,-2108],[2081,-2106],[2078,-2108],[2079,-2115],[2087,-2120],[2086,-2134],[2082,-2139],[2076,-2140],[2069,-2144],[2067,-2150],[2068,-2154],[2059,-2158],[2056,-2161],[2056,-2164],[2053,-2164],[2046,-2168],[2044,-2176],[2039,-2186],[2037,-2188],[2032,-2189],[2039,-2167],[2044,-2161],[2051,-2157],[2049,-2151],[2055,-2140],[2060,-2139],[2064,-2132],[2074,-2130],[2073,-2122],[2064,-2115],[2065,-2112],[2069,-2111],[2073,-2107],[2073,-2102],[2055,-2100],[2053,-2094],[2054,-2092],[2075,-2097],[2099,-2098],[2102,-2096],[2103,-2091],[2105,-2090],[2105,-2089]]]}},{"type":"Feature","properties":{"id_case":"case_1324","registry_id_case":"case_1324"},"geometry":{"type":"Polygon","coordinates":[[[2046,-2086],[2052,-2090],[2052,-2093],[2047,-2093],[2043,-2101],[2040,-2104],[2032,-2107],[2030,-2112],[2029,-2118],[2040,-2122],[2045,-2131],[2041,-2138],[2043,-2141],[2041,-2145],[2038,-2146],[2038,-2155],[2034,-2162],[2037,-2169],[2030,-2190],[2023,-2204],[2022,-2200],[2025,-2184],[2023,-2177],[2031,-2155],[2031,-2145],[2026,-2139],[2018,-2137],[2009,-2132],[2006,-2123],[1999,-2121],[1999,-2119],[2002,-2118],[2002,-2115],[2000,-2113],[2012,-2112],[2022,-2108],[2027,-2104],[2027,-2101],[2038,-2092],[2038,-2088],[2046,-2087],[2046,-2086]]]}},{"type":"Feature","properties":{"id_case":"case_1325","registry_id_case":"case_1325"},"geometry":{"type":"Polygon","coordinates":[[[1322,-1185.05295431602],[1309,-1180],[1306,-1177],[1306,-1175],[1317,-1174],[1349,-1176],[1368,-1173],[1377,-1187],[1386,-1190],[1369,-1192],[1340,-1186],[1324,-1184],[1322,-1185],[1322,-1185.05295431602]]]}},{"type":"Feature","properties":{"id_case":"case_1326","registry_id_case":"case_1326"},"geometry":{"type":"Polygon","coordinates":[[[1424.0319969486836,-1203.0963201498837],[1427.1043542345326,-1212.872002423039],[1431.2431495865437,-1214.9540957903084],[1432.0556738274295,-1210.053558962467],[1430.049754607743,-1205.9147636104558],[1424.0573883312113,-1203.070928767356],[1424.0319969486836,-1203.0963201498837]]]}},{"type":"Feature","properties":{"id_case":"case_1327","registry_id_case":"case_1327"},"geometry":{"type":"Polygon","coordinates":[[[1257.8756577494435,-1741.0126593871396],[1260.007174595556,-1743.058915559408],[1259.985859427095,-1749.0058475600626],[1257.001735842537,-1751.9899711446203],[1254.0815577633625,-1752.0112863130814],[1252.0353015910944,-1749.0271627285235],[1251.9926712541721,-1744.0607284770808],[1257.8756577494435,-1741.033974555601],[1257.8756577494435,-1741.0126593871396]]]}},{"type":"Feature","properties":{"id_case":"case_1328","registry_id_case":"case_1328"},"geometry":{"type":"Polygon","coordinates":[[[1840.0570539771695,-901.015048992499],[1844.0751833672791,-891.0277909708393],[1847.9423425779914,-886.0109357785637],[1856.0018275396562,-883.0612107349573],[1861.0419089133777,-882.9683060091744],[1866.1168295592677,-886.0573881414552],[1866.0471510149305,-890.0755175315649],[1860.0547962019346,-905.1493092898372],[1854.0624413889389,-911.071985558496],[1852.0417636031611,-912.0939375421076],[1843.8777608249904,-911.1184379213873],[1839.9641492513865,-906.0319041847747],[1840.010601614278,-901.1079537182819],[1840.0570539771695,-901.015048992499]]]}}]}
